Log file open, 09/19/26 19:23:26
LogWindows: Failed to load 'aqProf.dll' (GetLastError=126)
LogWindows: File 'aqProf.dll' does not exist
LogWindows: Failed to load 'VtuneApi.dll' (GetLastError=126)
LogWindows: File 'VtuneApi.dll' does not exist
LogWindows: Failed to load 'VtuneApi32e.dll' (GetLastError=126)
LogWindows: File 'VtuneApi32e.dll' does not exist
LogConsoleResponse: Display: Failed to find resolution value strings in scalability ini. Falling back to default.
LogConsoleResponse: Display: Failed to find resolution value strings in scalability ini. Falling back to default.
LogInit: Display: Running engine for game: Terraformer
LogPlatformFile: Not using cached read wrapper
LogTaskGraph: Started task graph with 5 named threads and 59 total threads with 3 sets of task threads.
LogStats: Stats thread started at 0.261408
LogICUInternationalization: ICU TimeZone Detection - Raw Offset: -6:00, Platform Override: ''
LogInit: Display: Loading text-based GConfig....
LogPluginManager: Mounting plugin MeshPainting
LogPluginManager: Mounting plugin XGEController
LogPluginManager: Mounting plugin Paper2D
LogPluginManager: Mounting plugin LiveLink
LogPluginManager: Mounting plugin EnvironmentQueryEditor
LogPluginManager: Mounting plugin AISupport
LogPluginManager: Mounting plugin LightPropagationVolume
LogPluginManager: Mounting plugin OodleNetwork
LogPluginManager: Mounting plugin OodleData
LogPluginManager: Mounting plugin AnimationSharing
LogPluginManager: Mounting plugin CodeLiteSourceCodeAccess
LogPluginManager: Mounting plugin CLionSourceCodeAccess
LogPluginManager: Mounting plugin KDevelopSourceCodeAccess
LogPluginManager: Mounting plugin NullSourceCodeAccess
LogPluginManager: Mounting plugin GitSourceControl
LogPluginManager: Mounting plugin PerforceSourceControl
LogPluginManager: Mounting plugin PlasticSourceControl
LogPluginManager: Mounting plugin PixWinPlugin
LogPluginManager: Mounting plugin RiderSourceCodeAccess
LogPluginManager: Mounting plugin PropertyAccessNode
LogPluginManager: Mounting plugin VisualStudioCodeSourceCodeAccess
LogPluginManager: Mounting plugin XCodeSourceCodeAccess
LogPluginManager: Mounting plugin VisualStudioSourceCodeAccess
LogPluginManager: Mounting plugin CameraShakePreviewer
LogPluginManager: Mounting plugin SubversionSourceControl
LogPluginManager: Mounting plugin TextureFormatOodle
LogPluginManager: Mounting plugin UObjectPlugin
LogPluginManager: Mounting plugin PluginUtils
LogPluginManager: Mounting plugin CurveEditorTools
LogPluginManager: Mounting plugin FacialAnimation
LogPluginManager: Mounting plugin AssetManagerEditor
LogPluginManager: Mounting plugin CryptoKeys
LogPluginManager: Mounting plugin GameplayTagsEditor
LogPluginManager: Mounting plugin MaterialAnalyzer
LogPluginManager: Mounting plugin MacGraphicsSwitching
LogPluginManager: Mounting plugin PluginBrowser
LogPluginManager: Mounting plugin MobileLauncherProfileWizard
LogPluginManager: Mounting plugin GeometryMode
LogPluginManager: Mounting plugin GameplayCameras
LogPluginManager: Mounting plugin AlembicImporter
LogPluginManager: Mounting plugin AutomationUtils
LogPluginManager: Mounting plugin SpeedTreeImporter
LogPluginManager: Mounting plugin DataValidation
LogPluginManager: Mounting plugin ChaosCloth
LogPluginManager: Mounting plugin ChaosEditor
LogPluginManager: Mounting plugin ChaosClothEditor
LogPluginManager: Mounting plugin ChaosNiagara
LogPluginManager: Mounting plugin BackChannel
LogPluginManager: Mounting plugin ChaosSolverPlugin
LogPluginManager: Mounting plugin CharacterAI
LogPluginManager: Mounting plugin DatasmithContent
LogPluginManager: Mounting plugin LuminPlatformFeatures
LogPluginManager: Mounting plugin VariantManagerContent
LogPluginManager: Mounting plugin GeometryProcessing
LogPluginManager: Mounting plugin GeometryCollectionPlugin
LogPluginManager: Mounting plugin MagicLeap
LogPluginManager: Mounting plugin PlanarCut
LogPluginManager: Mounting plugin MotoSynth
LogPluginManager: Mounting plugin OpenImageDenoise
LogPluginManager: Mounting plugin GeometryCache
LogPluginManager: Mounting plugin PythonScriptPlugin
LogPluginManager: Mounting plugin MagicLeapMedia
LogPluginManager: Mounting plugin MagicLeapLightEstimation
LogPluginManager: Mounting plugin ProxyLODPlugin
LogPluginManager: Mounting plugin MagicLeapPassableWorld
LogPluginManager: Mounting plugin SkeletalReduction
LogPluginManager: Mounting plugin PlatformCrypto
LogPluginManager: Mounting plugin MLSDK
LogPluginManager: Mounting plugin AndroidMedia
LogPluginManager: Mounting plugin AvfMedia
LogPluginManager: Mounting plugin ImgMedia
LogPluginManager: Mounting plugin MediaCompositing
LogPluginManager: Mounting plugin WmfMedia
LogPluginManager: Mounting plugin WebMMedia
LogPluginManager: Mounting plugin MediaPlayerEditor
LogPluginManager: Mounting plugin UdpMessaging
LogPluginManager: Mounting plugin TcpMessaging
LogPluginManager: Mounting plugin LevelSequenceEditor
LogPluginManager: Mounting plugin MatineeToLevelSequence
LogPluginManager: Mounting plugin ActorSequence
LogPluginManager: Mounting plugin TemplateSequence
LogPluginManager: Mounting plugin LauncherChunkInstaller
LogPluginManager: Mounting plugin Niagara
LogPluginManager: Mounting plugin OnlineSubsystem
LogPluginManager: Mounting plugin OnlineSubsystemNull
LogPluginManager: Mounting plugin OnlineSubsystemUtils
LogPluginManager: Mounting plugin ActorLayerUtilities
LogPluginManager: Mounting plugin AndroidMoviePlayer
LogPluginManager: Mounting plugin AndroidPermission
LogPluginManager: Mounting plugin AppleImageUtils
LogPluginManager: Mounting plugin AndroidDeviceProfileSelector
LogPluginManager: Mounting plugin AssetTags
LogPluginManager: Mounting plugin AppleMoviePlayer
LogPluginManager: Mounting plugin AudioCapture
LogPluginManager: Mounting plugin AudioSynesthesia
LogPluginManager: Mounting plugin CableComponent
LogPluginManager: Mounting plugin ArchVisCharacter
LogPluginManager: Mounting plugin ExampleDeviceProfileSelector
LogPluginManager: Mounting plugin EditableMesh
LogPluginManager: Mounting plugin GoogleCloudMessaging
LogPluginManager: Mounting plugin ChunkDownloader
LogPluginManager: Mounting plugin CustomMeshComponent
LogPluginManager: Mounting plugin GooglePAD
LogPluginManager: Mounting plugin LinuxDeviceProfileSelector
LogPluginManager: Mounting plugin IOSDeviceProfileSelector
LogPluginManager: Mounting plugin LocationServicesBPLibrary
LogPluginManager: Mounting plugin MobilePatchingUtils
LogPluginManager: Mounting plugin OpenXRHandTracking
LogPluginManager: Mounting plugin OpenXREyeTracker
LogPluginManager: Mounting plugin OpenXR
LogPluginManager: Mounting plugin ScreenshotTools
LogPluginManager: Mounting plugin Takes
LogPluginManager: Mounting plugin PostSplashScreen
LogPluginManager: Mounting plugin ProceduralMeshComponent
LogPluginManager: Mounting plugin PropertyAccessEditor
LogPluginManager: Mounting plugin RuntimePhysXCooking
LogPluginManager: Mounting plugin SignificanceManager
LogPluginManager: Mounting plugin PhysXVehicles
LogPluginManager: Mounting plugin SoundFields
LogPluginManager: Mounting plugin Synthesis
LogPluginManager: Mounting plugin WindowsMoviePlayer
LogPluginManager: Mounting plugin WebMMoviePlayer
LogPluginManager: Mounting plugin ContentBrowserAssetDataSource
LogPluginManager: Mounting plugin ContentBrowserFileDataSource
LogPluginManager: Mounting plugin ContentBrowserClassDataSource
LogPluginManager: Mounting plugin OnlineSubsystemGooglePlay
LogPluginManager: Mounting plugin OnlineSubsystemIOS
LogPluginManager: Mounting plugin OculusVR
LogPluginManager: Mounting plugin SteamVR
PixWinPlugin: PIX capture plugin failed to initialize! Check that the process is launched from PIX.
LogLuminAPIImpl: Warning: MLSDK not found.  This likely means the MLSDK environment variable is not set.
LogInit: Using libcurl 7.55.1-DEV
LogInit:  - built for x86_64-pc-win32
LogInit:  - supports SSL with OpenSSL/1.1.1
LogInit:  - supports HTTP deflate (compression) using libz 1.2.8
LogInit:  - other features:
LogInit:      CURL_VERSION_SSL
LogInit:      CURL_VERSION_LIBZ
LogInit:      CURL_VERSION_IPV6
LogInit:      CURL_VERSION_ASYNCHDNS
LogInit:      CURL_VERSION_LARGEFILE
LogInit:      CURL_VERSION_IDN
LogInit:  CurlRequestOptions (configurable via config and command line):
LogInit:  - bVerifyPeer = true  - Libcurl will verify peer certificate
LogInit:  - bUseHttpProxy = false  - Libcurl will NOT use HTTP proxy
LogInit:  - bDontReuseConnections = false  - Libcurl will reuse connections
LogInit:  - MaxHostConnections = 16  - Libcurl will limit the number of connections to a host
LogInit:  - LocalHostAddr = Default
LogInit:  - BufferSize = 65536
LogOnline: OSS: Creating online subsystem instance for: NULL
LogInit: WinSock: version 1.1 (2.2), MaxSocks=32767, MaxUdp=65467
LogOnline: OSS: TryLoadSubsystemAndSetDefault: Loaded subsystem for module [NULL]
LogOculusPluginWrapper: OculusPlugin initialized successfully
LogHMD: Failed initializing OVRPlugin 1.59.0
LogInit: Build: ++UE4+Release-4.27-CL-18319896
LogInit: Engine Version: 4.27.2-18319896+++UE4+Release-4.27
LogInit: Compatible Engine Version: 4.27.0-17155196+++UE4+Release-4.27
LogInit: Net CL: 17155196
LogInit: OS: Windows 10 (Release 2009) (), CPU: 12th Gen Intel(R) Core(TM) i7-12700H, GPU: Intel(R) Iris(R) Xe Graphics
LogInit: Compiled (64-bit): Nov 30 2021 07:12:08
LogInit: Compiled with Visual C++: 19.24.28315.00
LogInit: Build Configuration: Development
LogInit: Branch Name: ++UE4+Release-4.27
LogInit: Command Line: 
LogInit: Base Directory: C:/Program Files/Epic Games/UE_4.27/Engine/Binaries/Win64/
LogInit: Allocator: TBB
LogInit: Installed Engine Build: 1
LogDevObjectVersion: Number of dev versions registered: 29
LogDevObjectVersion:   Dev-Blueprints (B0D832E4-1F89-4F0D-ACCF-7EB736FD4AA2): 10
LogDevObjectVersion:   Dev-Build (E1C64328-A22C-4D53-A36C-8E866417BD8C): 0
LogDevObjectVersion:   Dev-Core (375EC13C-06E4-48FB-B500-84F0262A717E): 4
LogDevObjectVersion:   Dev-Editor (E4B068ED-F494-42E9-A231-DA0B2E46BB41): 40
LogDevObjectVersion:   Dev-Framework (CFFC743F-43B0-4480-9391-14DF171D2073): 37
LogDevObjectVersion:   Dev-Mobile (B02B49B5-BB20-44E9-A304-32B752E40360): 3
LogDevObjectVersion:   Dev-Networking (A4E4105C-59A1-49B5-A7C5-40C4547EDFEE): 0
LogDevObjectVersion:   Dev-Online (39C831C9-5AE6-47DC-9A44-9C173E1C8E7C): 0
LogDevObjectVersion:   Dev-Physics (78F01B33-EBEA-4F98-B9B4-84EACCB95AA2): 14
LogDevObjectVersion:   Dev-Platform (6631380F-2D4D-43E0-8009-CF276956A95A): 0
LogDevObjectVersion:   Dev-Rendering (12F88B9F-8875-4AFC-A67C-D90C383ABD29): 45
LogDevObjectVersion:   Dev-Sequencer (7B5AE74C-D270-4C10-A958-57980B212A5A): 13
LogDevObjectVersion:   Dev-VR (D7296918-1DD6-4BDD-9DE2-64A83CC13884): 3
LogDevObjectVersion:   Dev-LoadTimes (C2A15278-BFE7-4AFE-6C17-90FF531DF755): 1
LogDevObjectVersion:   Private-Geometry (6EACA3D4-40EC-4CC1-B786-8BED09428FC5): 3
LogDevObjectVersion:   Dev-AnimPhys (29E575DD-E0A3-4627-9D10-D276232CDCEA): 17
LogDevObjectVersion:   Dev-Anim (AF43A65D-7FD3-4947-9873-3E8ED9C1BB05): 15
LogDevObjectVersion:   Dev-ReflectionCapture (6B266CEC-1EC7-4B8F-A30B-E4D90942FC07): 1
LogDevObjectVersion:   Dev-Automation (0DF73D61-A23F-47EA-B727-89E90C41499A): 1
LogDevObjectVersion:   FortniteMain (601D1886-AC64-4F84-AA16-D3DE0DEAC7D6): 47
LogDevObjectVersion:   FortniteRelease (E7086368-6B23-4C58-8439-1B7016265E91): 1
LogDevObjectVersion:   Dev-Enterprise (9DFFBCD6-494F-0158-E221-12823C92A888): 10
LogDevObjectVersion:   Dev-Niagara (F2AED0AC-9AFE-416F-8664-AA7FFA26D6FC): 1
LogDevObjectVersion:   Dev-Destruction (174F1F0B-B4C6-45A5-B13F-2EE8D0FB917D): 10
LogDevObjectVersion:   Dev-Physics-Ext (35F94A83-E258-406C-A318-09F59610247C): 41
LogDevObjectVersion:   Dev-PhysicsMaterial-Chaos (B68FC16E-8B1B-42E2-B453-215C058844FE): 1
LogDevObjectVersion:   Dev-CineCamera (B2E18506-4273-CFC2-A54E-F4BB758BBA07): 1
LogDevObjectVersion:   Dev-VirtualProduction (64F58936-FD1B-42BA-BA96-7289D5D0FA4E): 1
LogDevObjectVersion:   Dev-MediaFramework (6F0ED827-A609-4895-9C91-998D90180EA4): 2
LogInit: Presizing for max 25165824 objects, including 0 objects not considered by GC, pre-allocating 0 bytes for permanent pool.
LogConfig: Applying CVar settings from Section [/Script/Engine.StreamingSettings] File [C:/Users/larse/OneDrive/Documentos/Unreal Projects/Terraformer/Saved/Config/Windows/Engine.ini]
LogConfig: Setting CVar [[s.MinBulkDataSizeForAsyncLoading:131072]]
LogConfig: Setting CVar [[s.AsyncLoadingThreadEnabled:0]]
LogConfig: Setting CVar [[s.EventDrivenLoaderEnabled:1]]
LogConfig: Setting CVar [[s.WarnIfTimeLimitExceeded:0]]
LogConfig: Setting CVar [[s.TimeLimitExceededMultiplier:1.5]]
LogConfig: Setting CVar [[s.TimeLimitExceededMinTime:0.005]]
LogConfig: Setting CVar [[s.UseBackgroundLevelStreaming:1]]
LogConfig: Setting CVar [[s.PriorityAsyncLoadingExtraTime:15.0]]
LogConfig: Setting CVar [[s.LevelStreamingActorsUpdateTimeLimit:5.0]]
LogConfig: Setting CVar [[s.PriorityLevelStreamingActorsUpdateExtraTime:5.0]]
LogConfig: Setting CVar [[s.LevelStreamingComponentsRegistrationGranularity:10]]
LogConfig: Setting CVar [[s.UnregisterComponentsTimeLimit:1.0]]
LogConfig: Setting CVar [[s.LevelStreamingComponentsUnregistrationGranularity:5]]
LogConfig: Setting CVar [[s.FlushStreamingOnExit:1]]
LogInit: Object subsystem initialized
LogConfig: Setting CVar [[con.DebugEarlyDefault:1]]
LogConfig: Setting CVar [[r.setres:1280x720]]
[2026.09.20-01.23.26:999][  0]LogConfig: Setting CVar [[r.VSync:0]]
[2026.09.20-01.23.26:999][  0]LogConfig: Setting CVar [[r.RHICmdBypass:0]]
[2026.09.20-01.23.26:999][  0]LogConfig: Applying CVar settings from Section [/Script/Engine.RendererSettings] File [C:/Users/larse/OneDrive/Documentos/Unreal Projects/Terraformer/Saved/Config/Windows/Engine.ini]
[2026.09.20-01.23.26:999][  0]LogConfig: Setting CVar [[r.GPUCrashDebugging:0]]
[2026.09.20-01.23.26:999][  0]LogConfig: Applying CVar settings from Section [/Script/Engine.RendererOverrideSettings] File [C:/Users/larse/OneDrive/Documentos/Unreal Projects/Terraformer/Saved/Config/Windows/Engine.ini]
[2026.09.20-01.23.26:999][  0]LogConfig: Applying CVar settings from Section [/Script/Engine.StreamingSettings] File [C:/Users/larse/OneDrive/Documentos/Unreal Projects/Terraformer/Saved/Config/Windows/Engine.ini]
[2026.09.20-01.23.26:999][  0]LogConfig: Setting CVar [[s.MinBulkDataSizeForAsyncLoading:131072]]
[2026.09.20-01.23.26:999][  0]LogConfig: Setting CVar [[s.AsyncLoadingThreadEnabled:0]]
[2026.09.20-01.23.26:999][  0]LogConfig: Setting CVar [[s.EventDrivenLoaderEnabled:1]]
[2026.09.20-01.23.26:999][  0]LogConfig: Setting CVar [[s.WarnIfTimeLimitExceeded:0]]
[2026.09.20-01.23.26:999][  0]LogConfig: Setting CVar [[s.TimeLimitExceededMultiplier:1.5]]
[2026.09.20-01.23.26:999][  0]LogConfig: Setting CVar [[s.TimeLimitExceededMinTime:0.005]]
[2026.09.20-01.23.26:999][  0]LogConfig: Setting CVar [[s.UseBackgroundLevelStreaming:1]]
[2026.09.20-01.23.26:999][  0]LogConfig: Setting CVar [[s.PriorityAsyncLoadingExtraTime:15.0]]
[2026.09.20-01.23.26:999][  0]LogConfig: Setting CVar [[s.LevelStreamingActorsUpdateTimeLimit:5.0]]
[2026.09.20-01.23.26:999][  0]LogConfig: Setting CVar [[s.PriorityLevelStreamingActorsUpdateExtraTime:5.0]]
[2026.09.20-01.23.26:999][  0]LogConfig: Setting CVar [[s.LevelStreamingComponentsRegistrationGranularity:10]]
[2026.09.20-01.23.26:999][  0]LogConfig: Setting CVar [[s.UnregisterComponentsTimeLimit:1.0]]
[2026.09.20-01.23.26:999][  0]LogConfig: Setting CVar [[s.LevelStreamingComponentsUnregistrationGranularity:5]]
[2026.09.20-01.23.26:999][  0]LogConfig: Setting CVar [[s.FlushStreamingOnExit:1]]
[2026.09.20-01.23.26:999][  0]LogConfig: Applying CVar settings from Section [/Script/Engine.GarbageCollectionSettings] File [C:/Users/larse/OneDrive/Documentos/Unreal Projects/Terraformer/Saved/Config/Windows/Engine.ini]
[2026.09.20-01.23.26:999][  0]LogConfig: Setting CVar [[gc.MaxObjectsNotConsideredByGC:1]]
[2026.09.20-01.23.26:999][  0]LogConfig: Setting CVar [[gc.SizeOfPermanentObjectPool:0]]
[2026.09.20-01.23.26:999][  0]LogConfig: Setting CVar [[gc.FlushStreamingOnGC:0]]
[2026.09.20-01.23.26:999][  0]LogConfig: Setting CVar [[gc.NumRetriesBeforeForcingGC:10]]
[2026.09.20-01.23.26:999][  0]LogConfig: Setting CVar [[gc.AllowParallelGC:1]]
[2026.09.20-01.23.26:999][  0]LogConfig: Setting CVar [[gc.TimeBetweenPurgingPendingKillObjects:61.1]]
[2026.09.20-01.23.26:999][  0]LogConfig: Setting CVar [[gc.MaxObjectsInEditor:25165824]]
[2026.09.20-01.23.26:999][  0]LogConfig: Setting CVar [[gc.IncrementalBeginDestroyEnabled:1]]
[2026.09.20-01.23.26:999][  0]LogConfig: Setting CVar [[gc.CreateGCClusters:1]]
[2026.09.20-01.23.26:999][  0]LogConfig: Setting CVar [[gc.MinGCClusterSize:5]]
[2026.09.20-01.23.26:999][  0]LogConfig: Setting CVar [[gc.ActorClusteringEnabled:0]]
[2026.09.20-01.23.26:999][  0]LogConfig: Setting CVar [[gc.BlueprintClusteringEnabled:0]]
[2026.09.20-01.23.26:999][  0]LogConfig: Setting CVar [[gc.UseDisregardForGCOnDedicatedServers:0]]
[2026.09.20-01.23.26:999][  0]LogConfig: Setting CVar [[gc.MultithreadedDestructionEnabled:1]]
[2026.09.20-01.23.26:999][  0]LogConfig: Applying CVar settings from Section [/Script/Engine.NetworkSettings] File [C:/Users/larse/OneDrive/Documentos/Unreal Projects/Terraformer/Saved/Config/Windows/Engine.ini]
[2026.09.20-01.23.26:999][  0]LogConfig: Applying CVar settings from Section [/Script/UnrealEd.CookerSettings] File [C:/Users/larse/OneDrive/Documentos/Unreal Projects/Terraformer/Saved/Config/Windows/Engine.ini]
[2026.09.20-01.23.27:012][  0]LogConfig: Applying CVar settings from Section [ViewDistanceQuality@3] File [C:/Users/larse/OneDrive/Documentos/Unreal Projects/Terraformer/Saved/Config/Windows/Scalability.ini]
[2026.09.20-01.23.27:012][  0]LogConfig: Setting CVar [[r.SkeletalMeshLODBias:0]]
[2026.09.20-01.23.27:012][  0]LogConfig: Setting CVar [[r.ViewDistanceScale:1.0]]
[2026.09.20-01.23.27:012][  0]LogConfig: Applying CVar settings from Section [AntiAliasingQuality@3] File [C:/Users/larse/OneDrive/Documentos/Unreal Projects/Terraformer/Saved/Config/Windows/Scalability.ini]
[2026.09.20-01.23.27:012][  0]LogConfig: Setting CVar [[r.PostProcessAAQuality:4]]
[2026.09.20-01.23.27:012][  0]LogConfig: Applying CVar settings from Section [ShadowQuality@3] File [C:/Users/larse/OneDrive/Documentos/Unreal Projects/Terraformer/Saved/Config/Windows/Scalability.ini]
[2026.09.20-01.23.27:012][  0]LogConfig: Setting CVar [[r.LightFunctionQuality:1]]
[2026.09.20-01.23.27:012][  0]LogConfig: Setting CVar [[r.ShadowQuality:5]]
[2026.09.20-01.23.27:012][  0]LogConfig: Setting CVar [[r.Shadow.CSM.MaxCascades:10]]
[2026.09.20-01.23.27:012][  0]LogConfig: Setting CVar [[r.Shadow.MaxResolution:2048]]
[2026.09.20-01.23.27:012][  0]LogConfig: Setting CVar [[r.Shadow.MaxCSMResolution:2048]]
[2026.09.20-01.23.27:012][  0]LogConfig: Setting CVar [[r.Shadow.RadiusThreshold:0.01]]
[2026.09.20-01.23.27:012][  0]LogConfig: Setting CVar [[r.Shadow.DistanceScale:1.0]]
[2026.09.20-01.23.27:012][  0]LogConfig: Setting CVar [[r.Shadow.CSM.TransitionScale:1.0]]
[2026.09.20-01.23.27:012][  0]LogConfig: Setting CVar [[r.Shadow.PreShadowResolutionFactor:1.0]]
[2026.09.20-01.23.27:012][  0]LogConfig: Setting CVar [[r.DistanceFieldShadowing:1]]
[2026.09.20-01.23.27:013][  0]LogConfig: Setting CVar [[r.DistanceFieldAO:1]]
[2026.09.20-01.23.27:013][  0]LogConfig: Setting CVar [[r.AOQuality:2]]
[2026.09.20-01.23.27:013][  0]LogConfig: Setting CVar [[r.VolumetricFog:1]]
[2026.09.20-01.23.27:013][  0]LogConfig: Setting CVar [[r.VolumetricFog.GridPixelSize:8]]
[2026.09.20-01.23.27:013][  0]LogConfig: Setting CVar [[r.VolumetricFog.GridSizeZ:128]]
[2026.09.20-01.23.27:013][  0]LogConfig: Setting CVar [[r.VolumetricFog.HistoryMissSupersampleCount:4]]
[2026.09.20-01.23.27:013][  0]LogConfig: Setting CVar [[r.LightMaxDrawDistanceScale:1]]
[2026.09.20-01.23.27:013][  0]LogConfig: Setting CVar [[r.CapsuleShadows:1]]
[2026.09.20-01.23.27:013][  0]LogConfig: Applying CVar settings from Section [PostProcessQuality@3] File [C:/Users/larse/OneDrive/Documentos/Unreal Projects/Terraformer/Saved/Config/Windows/Scalability.ini]
[2026.09.20-01.23.27:013][  0]LogConfig: Setting CVar [[r.MotionBlurQuality:4]]
[2026.09.20-01.23.27:013][  0]LogConfig: Setting CVar [[r.AmbientOcclusionMipLevelFactor:0.4]]
[2026.09.20-01.23.27:013][  0]LogConfig: Setting CVar [[r.AmbientOcclusionMaxQuality:100]]
[2026.09.20-01.23.27:013][  0]LogConfig: Setting CVar [[r.AmbientOcclusionLevels:-1]]
[2026.09.20-01.23.27:013][  0]LogConfig: Setting CVar [[r.AmbientOcclusionRadiusScale:1.0]]
[2026.09.20-01.23.27:013][  0]LogConfig: Setting CVar [[r.DepthOfFieldQuality:2]]
[2026.09.20-01.23.27:013][  0]LogConfig: Setting CVar [[r.RenderTargetPoolMin:400]]
[2026.09.20-01.23.27:013][  0]LogConfig: Setting CVar [[r.LensFlareQuality:2]]
[2026.09.20-01.23.27:013][  0]LogConfig: Setting CVar [[r.SceneColorFringeQuality:1]]
[2026.09.20-01.23.27:013][  0]LogConfig: Setting CVar [[r.EyeAdaptationQuality:2]]
[2026.09.20-01.23.27:013][  0]LogConfig: Setting CVar [[r.BloomQuality:5]]
[2026.09.20-01.23.27:013][  0]LogConfig: Setting CVar [[r.FastBlurThreshold:100]]
[2026.09.20-01.23.27:013][  0]LogConfig: Setting CVar [[r.Upscale.Quality:3]]
[2026.09.20-01.23.27:013][  0]LogConfig: Setting CVar [[r.Tonemapper.GrainQuantization:1]]
[2026.09.20-01.23.27:013][  0]LogConfig: Setting CVar [[r.LightShaftQuality:1]]
[2026.09.20-01.23.27:013][  0]LogConfig: Setting CVar [[r.Filter.SizeScale:1]]
[2026.09.20-01.23.27:013][  0]LogConfig: Setting CVar [[r.Tonemapper.Quality:5]]
[2026.09.20-01.23.27:013][  0]LogConfig: Setting CVar [[r.DOF.Gather.AccumulatorQuality:1        ; higher gathering accumulator quality]]
[2026.09.20-01.23.27:013][  0]LogConfig: Setting CVar [[r.DOF.Gather.PostfilterMethod:1          ; Median3x3 postfilering method]]
[2026.09.20-01.23.27:013][  0]LogConfig: Setting CVar [[r.DOF.Gather.EnableBokehSettings:0       ; no bokeh simulation when gathering]]
[2026.09.20-01.23.27:013][  0]LogConfig: Setting CVar [[r.DOF.Gather.RingCount:4                 ; medium number of samples when gathering]]
[2026.09.20-01.23.27:013][  0]LogConfig: Setting CVar [[r.DOF.Scatter.ForegroundCompositing:1    ; additive foreground scattering]]
[2026.09.20-01.23.27:013][  0]LogConfig: Setting CVar [[r.DOF.Scatter.BackgroundCompositing:2    ; additive background scattering]]
[2026.09.20-01.23.27:013][  0]LogConfig: Setting CVar [[r.DOF.Scatter.EnableBokehSettings:1      ; bokeh simulation when scattering]]
[2026.09.20-01.23.27:013][  0]LogConfig: Setting CVar [[r.DOF.Scatter.MaxSpriteRatio:0.1         ; only a maximum of 10% of scattered bokeh]]
[2026.09.20-01.23.27:013][  0]LogConfig: Setting CVar [[r.DOF.Recombine.Quality:1                ; cheap slight out of focus]]
[2026.09.20-01.23.27:013][  0]LogConfig: Setting CVar [[r.DOF.Recombine.EnableBokehSettings:0    ; no bokeh simulation on slight out of focus]]
[2026.09.20-01.23.27:013][  0]LogConfig: Setting CVar [[r.DOF.TemporalAAQuality:1                ; more stable temporal accumulation]]
[2026.09.20-01.23.27:013][  0]LogConfig: Setting CVar [[r.DOF.Kernel.MaxForegroundRadius:0.025]]
[2026.09.20-01.23.27:013][  0]LogConfig: Setting CVar [[r.DOF.Kernel.MaxBackgroundRadius:0.025]]
[2026.09.20-01.23.27:013][  0]LogConfig: Applying CVar settings from Section [TextureQuality@3] File [C:/Users/larse/OneDrive/Documentos/Unreal Projects/Terraformer/Saved/Config/Windows/Scalability.ini]
[2026.09.20-01.23.27:013][  0]LogConfig: Setting CVar [[r.Streaming.MipBias:0]]
[2026.09.20-01.23.27:013][  0]LogConfig: Setting CVar [[r.Streaming.AmortizeCPUToGPUCopy:0]]
[2026.09.20-01.23.27:013][  0]LogConfig: Setting CVar [[r.Streaming.MaxNumTexturesToStreamPerFrame:0]]
[2026.09.20-01.23.27:013][  0]LogConfig: Setting CVar [[r.Streaming.Boost:1]]
[2026.09.20-01.23.27:013][  0]LogConfig: Setting CVar [[r.MaxAnisotropy:8]]
[2026.09.20-01.23.27:013][  0]LogConfig: Setting CVar [[r.VT.MaxAnisotropy:8]]
[2026.09.20-01.23.27:013][  0]LogConfig: Setting CVar [[r.Streaming.LimitPoolSizeToVRAM:0]]
[2026.09.20-01.23.27:013][  0]LogConfig: Setting CVar [[r.Streaming.PoolSize:1000]]
[2026.09.20-01.23.27:013][  0]LogConfig: Setting CVar [[r.Streaming.MaxEffectiveScreenSize:0]]
[2026.09.20-01.23.27:013][  0]LogConfig: Applying CVar settings from Section [EffectsQuality@3] File [C:/Users/larse/OneDrive/Documentos/Unreal Projects/Terraformer/Saved/Config/Windows/Scalability.ini]
[2026.09.20-01.23.27:013][  0]LogConfig: Setting CVar [[r.TranslucencyLightingVolumeDim:64]]
[2026.09.20-01.23.27:013][  0]LogConfig: Setting CVar [[r.RefractionQuality:2]]
[2026.09.20-01.23.27:013][  0]LogConfig: Setting CVar [[r.SSR.Quality:3]]
[2026.09.20-01.23.27:013][  0]LogConfig: Setting CVar [[r.SSR.HalfResSceneColor:0]]
[2026.09.20-01.23.27:013][  0]LogConfig: Setting CVar [[r.SceneColorFormat:4]]
[2026.09.20-01.23.27:013][  0]LogConfig: Setting CVar [[r.DetailMode:2]]
[2026.09.20-01.23.27:013][  0]LogConfig: Setting CVar [[r.TranslucencyVolumeBlur:1]]
[2026.09.20-01.23.27:013][  0]LogConfig: Setting CVar [[r.MaterialQualityLevel:1 ; High quality]]
[2026.09.20-01.23.27:013][  0]LogConfig: Setting CVar [[r.AnisotropicMaterials:1]]
[2026.09.20-01.23.27:013][  0]LogConfig: Setting CVar [[r.SSS.Scale:1]]
[2026.09.20-01.23.27:013][  0]LogConfig: Setting CVar [[r.SSS.SampleSet:2]]
[2026.09.20-01.23.27:013][  0]LogConfig: Setting CVar [[r.SSS.Quality:1]]
[2026.09.20-01.23.27:013][  0]LogConfig: Setting CVar [[r.SSS.HalfRes:0]]
[2026.09.20-01.23.27:013][  0]LogConfig: Setting CVar [[r.SSGI.Quality:3]]
[2026.09.20-01.23.27:013][  0]LogConfig: Setting CVar [[r.EmitterSpawnRateScale:1.0]]
[2026.09.20-01.23.27:013][  0]LogConfig: Setting CVar [[r.ParticleLightQuality:2]]
[2026.09.20-01.23.27:013][  0]LogConfig: Setting CVar [[r.SkyAtmosphere.AerialPerspectiveLUT.FastApplyOnOpaque:1 ; Always have FastSkyLUT 1 in this case to avoid wrong sky]]
[2026.09.20-01.23.27:013][  0]LogConfig: Setting CVar [[r.SkyAtmosphere.AerialPerspectiveLUT.SampleCountMaxPerSlice:4]]
[2026.09.20-01.23.27:013][  0]LogConfig: Setting CVar [[r.SkyAtmosphere.AerialPerspectiveLUT.DepthResolution:16.0]]
[2026.09.20-01.23.27:013][  0]LogConfig: Setting CVar [[r.SkyAtmosphere.FastSkyLUT:1]]
[2026.09.20-01.23.27:013][  0]LogConfig: Setting CVar [[r.SkyAtmosphere.FastSkyLUT.SampleCountMin:4.0]]
[2026.09.20-01.23.27:013][  0]LogConfig: Setting CVar [[r.SkyAtmosphere.FastSkyLUT.SampleCountMax:128.0]]
[2026.09.20-01.23.27:013][  0]LogConfig: Setting CVar [[r.SkyAtmosphere.SampleCountMin:4.0]]
[2026.09.20-01.23.27:013][  0]LogConfig: Setting CVar [[r.SkyAtmosphere.SampleCountMax:128.0]]
[2026.09.20-01.23.27:013][  0]LogConfig: Setting CVar [[r.SkyAtmosphere.TransmittanceLUT.UseSmallFormat:0]]
[2026.09.20-01.23.27:013][  0]LogConfig: Setting CVar [[r.SkyAtmosphere.TransmittanceLUT.SampleCount:10.0]]
[2026.09.20-01.23.27:013][  0]LogConfig: Setting CVar [[r.SkyAtmosphere.MultiScatteringLUT.SampleCount:15.0]]
[2026.09.20-01.23.27:013][  0]LogConfig: Setting CVar [[r.SkyLight.RealTimeReflectionCapture:1]]
[2026.09.20-01.23.27:013][  0]LogConfig: Applying CVar settings from Section [FoliageQuality@3] File [C:/Users/larse/OneDrive/Documentos/Unreal Projects/Terraformer/Saved/Config/Windows/Scalability.ini]
[2026.09.20-01.23.27:013][  0]LogConfig: Setting CVar [[foliage.DensityScale:1.0]]
[2026.09.20-01.23.27:013][  0]LogConfig: Setting CVar [[grass.DensityScale:1.0]]
[2026.09.20-01.23.27:014][  0]LogConfig: Applying CVar settings from Section [ShadingQuality@3] File [C:/Users/larse/OneDrive/Documentos/Unreal Projects/Terraformer/Saved/Config/Windows/Scalability.ini]
[2026.09.20-01.23.27:014][  0]LogConfig: Setting CVar [[r.HairStrands.SkyLighting.IntegrationType:2]]
[2026.09.20-01.23.27:014][  0]LogConfig: Setting CVar [[r.HairStrands.SkyAO.SampleCount:4]]
[2026.09.20-01.23.27:014][  0]LogConfig: Setting CVar [[r.HairStrands.Visibility.MSAA.SamplePerPixel:4]]
[2026.09.20-01.23.27:014][  0]LogInit: Selected Device Profile: [Windows]
[2026.09.20-01.23.27:014][  0]LogInit: Applying CVar settings loaded from the selected device profile: [Windows]
[2026.09.20-01.23.27:014][  0]LogHAL: Display: Platform has ~ 16 GB [16828751872 / 17179869184 / 16], which maps to Larger [LargestMinGB=32, LargerMinGB=12, DefaultMinGB=8, SmallerMinGB=6, SmallestMinGB=0)
[2026.09.20-01.23.27:014][  0]LogInit: Going up to parent DeviceProfile []
[2026.09.20-01.23.27:014][  0]LogConfig: Applying CVar settings from Section [ViewDistanceQuality@3] File [C:/Users/larse/OneDrive/Documentos/Unreal Projects/Terraformer/Saved/Config/Windows/Scalability.ini]
[2026.09.20-01.23.27:014][  0]LogConfig: Setting CVar [[r.SkeletalMeshLODBias:0]]
[2026.09.20-01.23.27:014][  0]LogConfig: Setting CVar [[r.ViewDistanceScale:1.0]]
[2026.09.20-01.23.27:014][  0]LogConfig: Applying CVar settings from Section [AntiAliasingQuality@3] File [C:/Users/larse/OneDrive/Documentos/Unreal Projects/Terraformer/Saved/Config/Windows/Scalability.ini]
[2026.09.20-01.23.27:014][  0]LogConfig: Setting CVar [[r.PostProcessAAQuality:4]]
[2026.09.20-01.23.27:014][  0]LogConfig: Applying CVar settings from Section [ShadowQuality@3] File [C:/Users/larse/OneDrive/Documentos/Unreal Projects/Terraformer/Saved/Config/Windows/Scalability.ini]
[2026.09.20-01.23.27:014][  0]LogConfig: Setting CVar [[r.LightFunctionQuality:1]]
[2026.09.20-01.23.27:014][  0]LogConfig: Setting CVar [[r.ShadowQuality:5]]
[2026.09.20-01.23.27:014][  0]LogConfig: Setting CVar [[r.Shadow.CSM.MaxCascades:10]]
[2026.09.20-01.23.27:014][  0]LogConfig: Setting CVar [[r.Shadow.MaxResolution:2048]]
[2026.09.20-01.23.27:014][  0]LogConfig: Setting CVar [[r.Shadow.MaxCSMResolution:2048]]
[2026.09.20-01.23.27:014][  0]LogConfig: Setting CVar [[r.Shadow.RadiusThreshold:0.01]]
[2026.09.20-01.23.27:014][  0]LogConfig: Setting CVar [[r.Shadow.DistanceScale:1.0]]
[2026.09.20-01.23.27:014][  0]LogConfig: Setting CVar [[r.Shadow.CSM.TransitionScale:1.0]]
[2026.09.20-01.23.27:014][  0]LogConfig: Setting CVar [[r.Shadow.PreShadowResolutionFactor:1.0]]
[2026.09.20-01.23.27:014][  0]LogConfig: Setting CVar [[r.DistanceFieldShadowing:1]]
[2026.09.20-01.23.27:014][  0]LogConfig: Setting CVar [[r.DistanceFieldAO:1]]
[2026.09.20-01.23.27:014][  0]LogConfig: Setting CVar [[r.AOQuality:2]]
[2026.09.20-01.23.27:014][  0]LogConfig: Setting CVar [[r.VolumetricFog:1]]
[2026.09.20-01.23.27:014][  0]LogConfig: Setting CVar [[r.VolumetricFog.GridPixelSize:8]]
[2026.09.20-01.23.27:014][  0]LogConfig: Setting CVar [[r.VolumetricFog.GridSizeZ:128]]
[2026.09.20-01.23.27:014][  0]LogConfig: Setting CVar [[r.VolumetricFog.HistoryMissSupersampleCount:4]]
[2026.09.20-01.23.27:014][  0]LogConfig: Setting CVar [[r.LightMaxDrawDistanceScale:1]]
[2026.09.20-01.23.27:014][  0]LogConfig: Setting CVar [[r.CapsuleShadows:1]]
[2026.09.20-01.23.27:014][  0]LogConfig: Applying CVar settings from Section [PostProcessQuality@3] File [C:/Users/larse/OneDrive/Documentos/Unreal Projects/Terraformer/Saved/Config/Windows/Scalability.ini]
[2026.09.20-01.23.27:014][  0]LogConfig: Setting CVar [[r.MotionBlurQuality:4]]
[2026.09.20-01.23.27:014][  0]LogConfig: Setting CVar [[r.AmbientOcclusionMipLevelFactor:0.4]]
[2026.09.20-01.23.27:014][  0]LogConfig: Setting CVar [[r.AmbientOcclusionMaxQuality:100]]
[2026.09.20-01.23.27:014][  0]LogConfig: Setting CVar [[r.AmbientOcclusionLevels:-1]]
[2026.09.20-01.23.27:014][  0]LogConfig: Setting CVar [[r.AmbientOcclusionRadiusScale:1.0]]
[2026.09.20-01.23.27:014][  0]LogConfig: Setting CVar [[r.DepthOfFieldQuality:2]]
[2026.09.20-01.23.27:014][  0]LogConfig: Setting CVar [[r.RenderTargetPoolMin:400]]
[2026.09.20-01.23.27:014][  0]LogConfig: Setting CVar [[r.LensFlareQuality:2]]
[2026.09.20-01.23.27:014][  0]LogConfig: Setting CVar [[r.SceneColorFringeQuality:1]]
[2026.09.20-01.23.27:014][  0]LogConfig: Setting CVar [[r.EyeAdaptationQuality:2]]
[2026.09.20-01.23.27:014][  0]LogConfig: Setting CVar [[r.BloomQuality:5]]
[2026.09.20-01.23.27:014][  0]LogConfig: Setting CVar [[r.FastBlurThreshold:100]]
[2026.09.20-01.23.27:014][  0]LogConfig: Setting CVar [[r.Upscale.Quality:3]]
[2026.09.20-01.23.27:014][  0]LogConfig: Setting CVar [[r.Tonemapper.GrainQuantization:1]]
[2026.09.20-01.23.27:014][  0]LogConfig: Setting CVar [[r.LightShaftQuality:1]]
[2026.09.20-01.23.27:014][  0]LogConfig: Setting CVar [[r.Filter.SizeScale:1]]
[2026.09.20-01.23.27:014][  0]LogConfig: Setting CVar [[r.Tonemapper.Quality:5]]
[2026.09.20-01.23.27:014][  0]LogConfig: Setting CVar [[r.DOF.Gather.AccumulatorQuality:1        ; higher gathering accumulator quality]]
[2026.09.20-01.23.27:014][  0]LogConfig: Setting CVar [[r.DOF.Gather.PostfilterMethod:1          ; Median3x3 postfilering method]]
[2026.09.20-01.23.27:014][  0]LogConfig: Setting CVar [[r.DOF.Gather.EnableBokehSettings:0       ; no bokeh simulation when gathering]]
[2026.09.20-01.23.27:014][  0]LogConfig: Setting CVar [[r.DOF.Gather.RingCount:4                 ; medium number of samples when gathering]]
[2026.09.20-01.23.27:014][  0]LogConfig: Setting CVar [[r.DOF.Scatter.ForegroundCompositing:1    ; additive foreground scattering]]
[2026.09.20-01.23.27:014][  0]LogConfig: Setting CVar [[r.DOF.Scatter.BackgroundCompositing:2    ; additive background scattering]]
[2026.09.20-01.23.27:014][  0]LogConfig: Setting CVar [[r.DOF.Scatter.EnableBokehSettings:1      ; bokeh simulation when scattering]]
[2026.09.20-01.23.27:014][  0]LogConfig: Setting CVar [[r.DOF.Scatter.MaxSpriteRatio:0.1         ; only a maximum of 10% of scattered bokeh]]
[2026.09.20-01.23.27:014][  0]LogConfig: Setting CVar [[r.DOF.Recombine.Quality:1                ; cheap slight out of focus]]
[2026.09.20-01.23.27:014][  0]LogConfig: Setting CVar [[r.DOF.Recombine.EnableBokehSettings:0    ; no bokeh simulation on slight out of focus]]
[2026.09.20-01.23.27:014][  0]LogConfig: Setting CVar [[r.DOF.TemporalAAQuality:1                ; more stable temporal accumulation]]
[2026.09.20-01.23.27:014][  0]LogConfig: Setting CVar [[r.DOF.Kernel.MaxForegroundRadius:0.025]]
[2026.09.20-01.23.27:014][  0]LogConfig: Setting CVar [[r.DOF.Kernel.MaxBackgroundRadius:0.025]]
[2026.09.20-01.23.27:014][  0]LogConfig: Applying CVar settings from Section [TextureQuality@3] File [C:/Users/larse/OneDrive/Documentos/Unreal Projects/Terraformer/Saved/Config/Windows/Scalability.ini]
[2026.09.20-01.23.27:014][  0]LogConfig: Setting CVar [[r.Streaming.MipBias:0]]
[2026.09.20-01.23.27:014][  0]LogConfig: Setting CVar [[r.Streaming.AmortizeCPUToGPUCopy:0]]
[2026.09.20-01.23.27:014][  0]LogConfig: Setting CVar [[r.Streaming.MaxNumTexturesToStreamPerFrame:0]]
[2026.09.20-01.23.27:014][  0]LogConfig: Setting CVar [[r.Streaming.Boost:1]]
[2026.09.20-01.23.27:014][  0]LogConfig: Setting CVar [[r.MaxAnisotropy:8]]
[2026.09.20-01.23.27:014][  0]LogConfig: Setting CVar [[r.VT.MaxAnisotropy:8]]
[2026.09.20-01.23.27:014][  0]LogConfig: Setting CVar [[r.Streaming.LimitPoolSizeToVRAM:0]]
[2026.09.20-01.23.27:014][  0]LogConfig: Setting CVar [[r.Streaming.PoolSize:1000]]
[2026.09.20-01.23.27:014][  0]LogConfig: Setting CVar [[r.Streaming.MaxEffectiveScreenSize:0]]
[2026.09.20-01.23.27:014][  0]LogConfig: Applying CVar settings from Section [EffectsQuality@3] File [C:/Users/larse/OneDrive/Documentos/Unreal Projects/Terraformer/Saved/Config/Windows/Scalability.ini]
[2026.09.20-01.23.27:014][  0]LogConfig: Setting CVar [[r.TranslucencyLightingVolumeDim:64]]
[2026.09.20-01.23.27:014][  0]LogConfig: Setting CVar [[r.RefractionQuality:2]]
[2026.09.20-01.23.27:014][  0]LogConfig: Setting CVar [[r.SSR.Quality:3]]
[2026.09.20-01.23.27:014][  0]LogConfig: Setting CVar [[r.SSR.HalfResSceneColor:0]]
[2026.09.20-01.23.27:014][  0]LogConfig: Setting CVar [[r.SceneColorFormat:4]]
[2026.09.20-01.23.27:014][  0]LogConfig: Setting CVar [[r.DetailMode:2]]
[2026.09.20-01.23.27:015][  0]LogConfig: Setting CVar [[r.TranslucencyVolumeBlur:1]]
[2026.09.20-01.23.27:015][  0]LogConfig: Setting CVar [[r.MaterialQualityLevel:1 ; High quality]]
[2026.09.20-01.23.27:015][  0]LogConfig: Setting CVar [[r.AnisotropicMaterials:1]]
[2026.09.20-01.23.27:015][  0]LogConfig: Setting CVar [[r.SSS.Scale:1]]
[2026.09.20-01.23.27:015][  0]LogConfig: Setting CVar [[r.SSS.SampleSet:2]]
[2026.09.20-01.23.27:015][  0]LogConfig: Setting CVar [[r.SSS.Quality:1]]
[2026.09.20-01.23.27:015][  0]LogConfig: Setting CVar [[r.SSS.HalfRes:0]]
[2026.09.20-01.23.27:015][  0]LogConfig: Setting CVar [[r.SSGI.Quality:3]]
[2026.09.20-01.23.27:015][  0]LogConfig: Setting CVar [[r.EmitterSpawnRateScale:1.0]]
[2026.09.20-01.23.27:015][  0]LogConfig: Setting CVar [[r.ParticleLightQuality:2]]
[2026.09.20-01.23.27:015][  0]LogConfig: Setting CVar [[r.SkyAtmosphere.AerialPerspectiveLUT.FastApplyOnOpaque:1 ; Always have FastSkyLUT 1 in this case to avoid wrong sky]]
[2026.09.20-01.23.27:015][  0]LogConfig: Setting CVar [[r.SkyAtmosphere.AerialPerspectiveLUT.SampleCountMaxPerSlice:4]]
[2026.09.20-01.23.27:015][  0]LogConfig: Setting CVar [[r.SkyAtmosphere.AerialPerspectiveLUT.DepthResolution:16.0]]
[2026.09.20-01.23.27:015][  0]LogConfig: Setting CVar [[r.SkyAtmosphere.FastSkyLUT:1]]
[2026.09.20-01.23.27:015][  0]LogConfig: Setting CVar [[r.SkyAtmosphere.FastSkyLUT.SampleCountMin:4.0]]
[2026.09.20-01.23.27:015][  0]LogConfig: Setting CVar [[r.SkyAtmosphere.FastSkyLUT.SampleCountMax:128.0]]
[2026.09.20-01.23.27:015][  0]LogConfig: Setting CVar [[r.SkyAtmosphere.SampleCountMin:4.0]]
[2026.09.20-01.23.27:015][  0]LogConfig: Setting CVar [[r.SkyAtmosphere.SampleCountMax:128.0]]
[2026.09.20-01.23.27:015][  0]LogConfig: Setting CVar [[r.SkyAtmosphere.TransmittanceLUT.UseSmallFormat:0]]
[2026.09.20-01.23.27:015][  0]LogConfig: Setting CVar [[r.SkyAtmosphere.TransmittanceLUT.SampleCount:10.0]]
[2026.09.20-01.23.27:015][  0]LogConfig: Setting CVar [[r.SkyAtmosphere.MultiScatteringLUT.SampleCount:15.0]]
[2026.09.20-01.23.27:015][  0]LogConfig: Setting CVar [[r.SkyLight.RealTimeReflectionCapture:1]]
[2026.09.20-01.23.27:015][  0]LogConfig: Applying CVar settings from Section [FoliageQuality@3] File [C:/Users/larse/OneDrive/Documentos/Unreal Projects/Terraformer/Saved/Config/Windows/Scalability.ini]
[2026.09.20-01.23.27:015][  0]LogConfig: Setting CVar [[foliage.DensityScale:1.0]]
[2026.09.20-01.23.27:015][  0]LogConfig: Setting CVar [[grass.DensityScale:1.0]]
[2026.09.20-01.23.27:015][  0]LogConfig: Applying CVar settings from Section [ShadingQuality@3] File [C:/Users/larse/OneDrive/Documentos/Unreal Projects/Terraformer/Saved/Config/Windows/Scalability.ini]
[2026.09.20-01.23.27:015][  0]LogConfig: Setting CVar [[r.HairStrands.SkyLighting.IntegrationType:2]]
[2026.09.20-01.23.27:015][  0]LogConfig: Setting CVar [[r.HairStrands.SkyAO.SampleCount:4]]
[2026.09.20-01.23.27:015][  0]LogConfig: Setting CVar [[r.HairStrands.Visibility.MSAA.SamplePerPixel:4]]
[2026.09.20-01.23.27:015][  0]LogConfig: Applying CVar settings from Section [Startup] File [../../../Engine/Config/ConsoleVariables.ini]
[2026.09.20-01.23.27:015][  0]LogConfig: Setting CVar [[net.UseAdaptiveNetUpdateFrequency:0]]
[2026.09.20-01.23.27:015][  0]LogConfig: Setting CVar [[p.chaos.AllowCreatePhysxBodies:1]]
[2026.09.20-01.23.27:015][  0]LogConfig: Setting CVar [[fx.SkipVectorVMBackendOptimizations:1]]
[2026.09.20-01.23.27:015][  0]LogConfig: Applying CVar settings from Section [ConsoleVariables] File [C:/Users/larse/OneDrive/Documentos/Unreal Projects/Terraformer/Saved/Config/Windows/Engine.ini]
[2026.09.20-01.23.27:015][  0]LogConfig: Applying CVar settings from Section [ConsoleVariables] File [C:/Users/larse/OneDrive/Documentos/Unreal Projects/Terraformer/Saved/Config/Windows/Editor.ini]
[2026.09.20-01.23.27:015][  0]LogInit: Computer: LEWLAPTOP
[2026.09.20-01.23.27:015][  0]LogInit: User: larse
[2026.09.20-01.23.27:015][  0]LogInit: CPU Page size=4096, Cores=14
[2026.09.20-01.23.27:016][  0]LogInit: High frequency timer resolution =10.000000 MHz
[2026.09.20-01.23.27:016][  0]LogMemory: Memory total: Physical=15.7GB (16GB approx)
[2026.09.20-01.23.27:016][  0]LogMemory: Platform Memory Stats for Windows
[2026.09.20-01.23.27:016][  0]LogMemory: Process Physical Memory: 151.11 MB used, 151.11 MB peak
[2026.09.20-01.23.27:016][  0]LogMemory: Process Virtual Memory: 131.66 MB used, 131.66 MB peak
[2026.09.20-01.23.27:016][  0]LogMemory: Physical Memory: 14369.67 MB used,  1679.48 MB free, 16049.15 MB total
[2026.09.20-01.23.27:016][  0]LogMemory: Virtual Memory: 134204112.00 MB used,  13612.33 MB free, 134217728.00 MB total
[2026.09.20-01.23.27:023][  0]LogWindows: WindowsPlatformFeatures enabled
[2026.09.20-01.23.27:074][  0]LogInit: Physics initialised using underlying interface: PhysX
[2026.09.20-01.23.27:075][  0]LogInit: Using OS detected language (es-MX).
[2026.09.20-01.23.27:075][  0]LogInit: Using OS detected locale (es-MX).
[2026.09.20-01.23.27:080][  0]LogTextLocalizationResource: LocRes '../../../Engine/Content/Localization/Editor/es-MX/Editor.locres' could not be opened for reading!
[2026.09.20-01.23.27:081][  0]LogTextLocalizationResource: LocRes '../../../Engine/Content/Localization/EditorTutorials/es-MX/EditorTutorials.locres' could not be opened for reading!
[2026.09.20-01.23.27:081][  0]LogTextLocalizationResource: LocRes '../../../Engine/Content/Localization/Keywords/es-MX/Keywords.locres' could not be opened for reading!
[2026.09.20-01.23.27:081][  0]LogTextLocalizationResource: LocRes '../../../Engine/Content/Localization/Category/es-MX/Category.locres' could not be opened for reading!
[2026.09.20-01.23.27:081][  0]LogTextLocalizationResource: LocRes '../../../Engine/Content/Localization/ToolTips/es-MX/ToolTips.locres' could not be opened for reading!
[2026.09.20-01.23.27:081][  0]LogTextLocalizationResource: LocRes '../../../Engine/Content/Localization/PropertyNames/es-MX/PropertyNames.locres' could not be opened for reading!
[2026.09.20-01.23.27:081][  0]LogTextLocalizationResource: LocRes '../../../Engine/Content/Localization/Engine/es-MX/Engine.locres' could not be opened for reading!
[2026.09.20-01.23.27:081][  0]LogTextLocalizationResource: LocRes '../../../Engine/Plugins/Online/OnlineSubsystemUtils/Content/Localization/OnlineSubsystemUtils/es-MX/OnlineSubsystemUtils.locres' could not be opened for reading!
[2026.09.20-01.23.27:081][  0]LogTextLocalizationResource: LocRes '../../../Engine/Plugins/Online/Android/OnlineSubsystemGooglePlay/Content/Localization/OnlineSubsystemGooglePlay/es-MX/OnlineSubsystemGooglePlay.locres' could not be opened for reading!
[2026.09.20-01.23.27:081][  0]LogTextLocalizationResource: LocRes '../../../Engine/Plugins/Online/IOS/OnlineSubsystemIOS/Content/Localization/OnlineSubsystemIOS/es-MX/OnlineSubsystemIOS.locres' could not be opened for reading!
[2026.09.20-01.23.27:112][  0]LogInit: Setting process to per monitor DPI aware
[2026.09.20-01.23.27:130][  0]LogWindowsTextInputMethodSystem: Display: IME system deactivated.
[2026.09.20-01.23.27:150][  0]LogSlate: New Slate User Created.  User Index 0, Is Virtual User: 0
[2026.09.20-01.23.27:150][  0]LogSlate: Slate User Registered.  User Index 0, Is Virtual User: 0
[2026.09.20-01.23.27:379][  0]LogD3D11RHI: Loaded GFSDK_Aftermath_Lib.x64.dll
[2026.09.20-01.23.27:446][  0]LogHMD: Failed to initialize OpenVR with code 110
[2026.09.20-01.23.27:446][  0]LogD3D11RHI: D3D11 min allowed feature level: 11_0
[2026.09.20-01.23.27:446][  0]LogD3D11RHI: D3D11 max allowed feature level: 11_0
[2026.09.20-01.23.27:446][  0]LogD3D11RHI: D3D11 adapters:
[2026.09.20-01.23.27:584][  0]LogD3D11RHI:    0. 'NVIDIA GeForce RTX 3070 Ti Laptop GPU' (Feature Level 11_0)
[2026.09.20-01.23.27:584][  0]LogD3D11RHI:       8018/0/8024 MB DedicatedVideo/DedicatedSystem/SharedSystem, Outputs:1, VendorId:0x10de
[2026.09.20-01.23.27:624][  0]LogD3D11RHI:    1. 'Intel(R) Iris(R) Xe Graphics' (Feature Level 11_0)
[2026.09.20-01.23.27:624][  0]LogD3D11RHI:       128/0/8024 MB DedicatedVideo/DedicatedSystem/SharedSystem, Outputs:0, VendorId:0x8086
[2026.09.20-01.23.27:627][  0]LogD3D11RHI:    2. 'Microsoft Basic Render Driver' (Feature Level 11_0)
[2026.09.20-01.23.27:627][  0]LogD3D11RHI:       0/0/8024 MB DedicatedVideo/DedicatedSystem/SharedSystem, Outputs:0, VendorId:0x1414
[2026.09.20-01.23.27:627][  0]LogD3D11RHI: Chosen D3D11 Adapter:
[2026.09.20-01.23.27:627][  0]LogD3D11RHI:     Description : NVIDIA GeForce RTX 3070 Ti Laptop GPU
[2026.09.20-01.23.27:627][  0]LogD3D11RHI:     VendorId    : 10de
[2026.09.20-01.23.27:627][  0]LogD3D11RHI:     DeviceId    : 24a0
[2026.09.20-01.23.27:627][  0]LogD3D11RHI:     SubSysId    : 85e41458
[2026.09.20-01.23.27:627][  0]LogD3D11RHI:     Revision    : 00a1
[2026.09.20-01.23.27:627][  0]LogD3D11RHI:     DedicatedVideoMemory : 8407482368 bytes
[2026.09.20-01.23.27:627][  0]LogD3D11RHI:     DedicatedSystemMemory : 0 bytes
[2026.09.20-01.23.27:627][  0]LogD3D11RHI:     SharedSystemMemory : 8414375936 bytes
[2026.09.20-01.23.27:627][  0]LogD3D11RHI:     AdapterLuid : 0 72857
[2026.09.20-01.23.27:636][  0]LogD3D11RHI: Creating new Direct3DDevice
[2026.09.20-01.23.27:636][  0]LogD3D11RHI:     GPU DeviceId: 0x24a0 (for the marketing name, search the web for "GPU Device Id")
[2026.09.20-01.23.27:636][  0]LogWindows: EnumDisplayDevices:
[2026.09.20-01.23.27:636][  0]LogWindows:    0. 'Intel(R) Iris(R) Xe Graphics' (P:1 D:1)
[2026.09.20-01.23.27:636][  0]LogWindows:    1. 'Intel(R) Iris(R) Xe Graphics' (P:0 D:0)
[2026.09.20-01.23.27:637][  0]LogWindows:    2. 'Intel(R) Iris(R) Xe Graphics' (P:0 D:0)
[2026.09.20-01.23.27:637][  0]LogWindows:    3. 'Intel(R) Iris(R) Xe Graphics' (P:0 D:0)
[2026.09.20-01.23.27:637][  0]LogWindows:    4. 'NVIDIA GeForce RTX 3070 Ti Laptop GPU' (P:0 D:0)
[2026.09.20-01.23.27:637][  0]LogWindows:    5. 'NVIDIA GeForce RTX 3070 Ti Laptop GPU' (P:0 D:0)
[2026.09.20-01.23.27:637][  0]LogWindows:    6. 'NVIDIA GeForce RTX 3070 Ti Laptop GPU' (P:0 D:0)
[2026.09.20-01.23.27:637][  0]LogWindows:    7. 'NVIDIA GeForce RTX 3070 Ti Laptop GPU' (P:0 D:0)
[2026.09.20-01.23.27:637][  0]LogWindows: DebugString: PrimaryIsNotTheChoosenAdapter PrimaryIsNotTheChoosenAdapter PrimaryIsNotTheChoosenAdapter PrimaryIsNotTheChoosenAdapter FoundDriverCount:4 
[2026.09.20-01.23.27:637][  0]LogD3D11RHI:     Adapter Name: NVIDIA GeForce RTX 3070 Ti Laptop GPU
[2026.09.20-01.23.27:637][  0]LogD3D11RHI:   Driver Version: 566.03 (internal:32.0.15.6603, unified:566.03)
[2026.09.20-01.23.27:637][  0]LogD3D11RHI:      Driver Date: 10-15-2024
[2026.09.20-01.23.27:638][  0]LogRHI: Texture pool is 5612 MB (70% of 8018 MB)
[2026.09.20-01.23.27:638][  0]LogD3D11RHI: Creating D3DDevice using adapter:
[2026.09.20-01.23.27:638][  0]LogD3D11RHI:     Description : NVIDIA GeForce RTX 3070 Ti Laptop GPU
[2026.09.20-01.23.27:638][  0]LogD3D11RHI:     VendorId    : 10de
[2026.09.20-01.23.27:638][  0]LogD3D11RHI:     DeviceId    : 24a0
[2026.09.20-01.23.27:638][  0]LogD3D11RHI:     SubSysId    : 85e41458
[2026.09.20-01.23.27:638][  0]LogD3D11RHI:     Revision    : 00a1
[2026.09.20-01.23.27:638][  0]LogD3D11RHI:     DedicatedVideoMemory : 8407482368 bytes
[2026.09.20-01.23.27:638][  0]LogD3D11RHI:     DedicatedSystemMemory : 0 bytes
[2026.09.20-01.23.27:638][  0]LogD3D11RHI:     SharedSystemMemory : 8414375936 bytes
[2026.09.20-01.23.27:638][  0]LogD3D11RHI:     AdapterLuid : 0 72857
[2026.09.20-01.23.27:723][  0]LogD3D11RHI: RHI has support for 64 bit atomics
[2026.09.20-01.23.27:723][  0]LogD3D11RHI: Async texture creation enabled
[2026.09.20-01.23.27:723][  0]LogD3D11RHI: Array index from any shader is supported
[2026.09.20-01.23.27:737][  0]LogD3D11RHI: GPU Timing Frequency: 1000.000000 (Debug: 2 1)
[2026.09.20-01.23.27:776][  0]LogRHI: GeForceNow SDK initialized: 1
[2026.09.20-01.23.28:082][  0]LogTargetPlatformManager: Display: Loaded TargetPlatform 'AllDesktop'
[2026.09.20-01.23.28:098][  0]LogTargetPlatformManager: Display: Loaded TargetPlatform 'Android'
[2026.09.20-01.23.28:098][  0]LogTargetPlatformManager: Display: Loaded TargetPlatform 'Android_ASTC'
[2026.09.20-01.23.28:098][  0]LogTargetPlatformManager: Display: Loaded TargetPlatform 'Android_DXT'
[2026.09.20-01.23.28:098][  0]LogTargetPlatformManager: Display: Loaded TargetPlatform 'Android_ETC2'
[2026.09.20-01.23.28:098][  0]LogTargetPlatformManager: Display: Loaded TargetPlatform 'AndroidClient'
[2026.09.20-01.23.28:098][  0]LogTargetPlatformManager: Display: Loaded TargetPlatform 'Android_ASTCClient'
[2026.09.20-01.23.28:098][  0]LogTargetPlatformManager: Display: Loaded TargetPlatform 'Android_DXTClient'
[2026.09.20-01.23.28:098][  0]LogTargetPlatformManager: Display: Loaded TargetPlatform 'Android_ETC2Client'
[2026.09.20-01.23.28:098][  0]LogTargetPlatformManager: Display: Loaded TargetPlatform 'Android_Multi'
[2026.09.20-01.23.28:098][  0]LogTargetPlatformManager: Display: Loaded TargetPlatform 'Android_MultiClient'
[2026.09.20-01.23.28:115][  0]LogTargetPlatformManager: Display: Loaded TargetPlatform 'IOSClient'
[2026.09.20-01.23.28:115][  0]LogTargetPlatformManager: Display: Loaded TargetPlatform 'IOS'
[2026.09.20-01.23.28:122][  0]LogTargetPlatformManager: Display: Loaded TargetPlatform 'Linux'
[2026.09.20-01.23.28:127][  0]LogTargetPlatformManager: Display: Loaded TargetPlatform 'LinuxNoEditor'
[2026.09.20-01.23.28:132][  0]LogTargetPlatformManager: Display: Loaded TargetPlatform 'LinuxClient'
[2026.09.20-01.23.28:136][  0]LogTargetPlatformManager: Display: Loaded TargetPlatform 'LinuxServer'
[2026.09.20-01.23.28:144][  0]LogTargetPlatformManager: Display: Loaded TargetPlatform 'LinuxAArch64NoEditor'
[2026.09.20-01.23.28:147][  0]LogTargetPlatformManager: Display: Loaded TargetPlatform 'LinuxAArch64Client'
[2026.09.20-01.23.28:151][  0]LogTargetPlatformManager: Display: Loaded TargetPlatform 'LinuxAArch64Server'
[2026.09.20-01.23.28:168][  0]LogTargetPlatformManager: Display: Loaded TargetPlatform 'Lumin'
[2026.09.20-01.23.28:168][  0]LogTargetPlatformManager: Display: Loaded TargetPlatform 'LuminClient'
[2026.09.20-01.23.28:175][  0]LogTargetPlatformManager: Display: Loaded TargetPlatform 'MacNoEditor'
[2026.09.20-01.23.28:179][  0]LogTargetPlatformManager: Display: Loaded TargetPlatform 'Mac'
[2026.09.20-01.23.28:183][  0]LogTargetPlatformManager: Display: Loaded TargetPlatform 'MacClient'
[2026.09.20-01.23.28:188][  0]LogTargetPlatformManager: Display: Loaded TargetPlatform 'MacServer'
[2026.09.20-01.23.28:194][  0]LogTargetPlatformManager: Display: Loaded TargetPlatform 'TVOSClient'
[2026.09.20-01.23.28:194][  0]LogTargetPlatformManager: Display: Loaded TargetPlatform 'TVOS'
[2026.09.20-01.23.28:201][  0]LogTargetPlatformManager: Display: Loaded TargetPlatform 'WindowsNoEditor'
[2026.09.20-01.23.28:206][  0]LogTargetPlatformManager: Display: Loaded TargetPlatform 'Windows'
[2026.09.20-01.23.28:210][  0]LogTargetPlatformManager: Display: Loaded TargetPlatform 'WindowsClient'
[2026.09.20-01.23.28:215][  0]LogTargetPlatformManager: Display: Loaded TargetPlatform 'WindowsServer'
[2026.09.20-01.23.28:215][  0]LogTargetPlatformManager: Display: Building Assets For Windows
[2026.09.20-01.23.28:223][  0]LogAudioDebug: Display: Lib vorbis DLL was dynamically loaded.
[2026.09.20-01.23.28:256][  0]LogTextureFormatOodle: Display: Oodle Texture 2.9.0 init RDO Off
[2026.09.20-01.23.28:292][  0]LogRendererCore: Ray tracing is disabled. Reason: r.RayTracing=0.
[2026.09.20-01.23.28:292][  0]LogShaderCompilers: Guid format shader working directory is -32 characters bigger than the processId version (../../../../../../Users/larse/OneDrive/Documentos/Unreal Projects/Terraformer/Intermediate/Shaders/WorkingDirectory/39864/).
[2026.09.20-01.23.28:292][  0]LogShaderCompilers: Cleaned the shader compiler working directory 'C:/Users/larse/AppData/Local/Temp/UnrealShaderWorkingDir/5E22C0924165CA8130DA15B718399B83/'.
[2026.09.20-01.23.28:292][  0]LogXGEController: Cannot use XGE Controller as Incredibuild is not installed on this machine.
[2026.09.20-01.23.28:292][  0]LogShaderCompilers: Cannot use XGE Shader Compiler as Incredibuild is not installed on this machine.
[2026.09.20-01.23.28:292][  0]LogShaderCompilers: Display: Using Local Shader Compiler.
[2026.09.20-01.23.28:929][  0]LogDerivedDataCache: Display: Max Cache Size: 512 MB
[2026.09.20-01.23.28:987][  0]LogDerivedDataCache: Loaded boot cache 0.06s 94MB C:/Users/larse/AppData/Local/UnrealEngine/4.27/DerivedDataCache/Boot.ddc.
[2026.09.20-01.23.28:987][  0]LogDerivedDataCache: Display: Loaded Boot cache: C:/Users/larse/AppData/Local/UnrealEngine/4.27/DerivedDataCache/Boot.ddc
[2026.09.20-01.23.28:987][  0]LogDerivedDataCache: FDerivedDataBackendGraph:  Pak pak cache file ../../../../../../Users/larse/OneDrive/Documentos/Unreal Projects/Terraformer/DerivedDataCache/DDC.ddp not found, will not use a pak cache.
[2026.09.20-01.23.28:987][  0]LogDerivedDataCache: Unable to find inner node Pak for hierarchical cache Hierarchy.
[2026.09.20-01.23.28:987][  0]LogDerivedDataCache: FDerivedDataBackendGraph:  CompressedPak pak cache file ../../../../../../Users/larse/OneDrive/Documentos/Unreal Projects/Terraformer/DerivedDataCache/Compressed.ddp not found, will not use a pak cache.
[2026.09.20-01.23.28:987][  0]LogDerivedDataCache: Unable to find inner node CompressedPak for hierarchical cache Hierarchy.
[2026.09.20-01.23.29:000][  0]LogDerivedDataCache: Display: Pak cache opened for reading ../../../Engine/DerivedDataCache/Compressed.ddp.
[2026.09.20-01.23.29:000][  0]LogDerivedDataCache: FDerivedDataBackendGraph:  EnterprisePak pak cache file ../../../Enterprise/DerivedDataCache/Compressed.ddp not found, will not use a pak cache.
[2026.09.20-01.23.29:000][  0]LogDerivedDataCache: Unable to find inner node EnterprisePak for hierarchical cache Hierarchy.
[2026.09.20-01.23.29:013][  0]LogDerivedDataCache: Speed tests for C:/Users/larse/AppData/Local/UnrealEngine/Common/DerivedDataCache took 0.01 seconds
[2026.09.20-01.23.29:013][  0]LogDerivedDataCache: Display: Performance to C:/Users/larse/AppData/Local/UnrealEngine/Common/DerivedDataCache: Latency=0.06ms. RandomReadSpeed=311.10MBs, RandomWriteSpeed=102.60MBs. Assigned SpeedClass 'Local'
[2026.09.20-01.23.29:014][  0]LogDerivedDataCache: Using Local data cache path C:/Users/larse/AppData/Local/UnrealEngine/Common/DerivedDataCache: Writable
[2026.09.20-01.23.29:014][  0]LogDerivedDataCache: Shared data cache path not found in *engine.ini, will not use an Shared cache.
[2026.09.20-01.23.29:014][  0]LogDerivedDataCache: Unable to find inner node Shared for hierarchical cache Hierarchy.
[2026.09.20-01.23.29:045][  0]LogSlate: Using FreeType 2.10.0
[2026.09.20-01.23.29:046][  0]LogSlate: SlateFontServices - WITH_FREETYPE: 1, WITH_HARFBUZZ: 1
[2026.09.20-01.23.29:069][  0]LogAssetRegistry: FAssetRegistry took 0.0022 seconds to start up
[2026.09.20-01.23.29:224][  0]LogInit: Selected Device Profile: [Windows]
[2026.09.20-01.23.29:224][  0]LogInit: Active device profile: [0000015E37DC7500][0000015E37352840 49] Windows
[2026.09.20-01.23.29:224][  0]LogInit: Profiles: [0000015E37DC7500][0000015E37352840 49] Windows, [0000015E37D6CD00][0000015E37356980 49] WindowsNoEditor, [0000015E37DC4D00][0000015E3735AAC0 49] WindowsServer, [0000015E37D6EE00][0000015E29BD0C40 49] WindowsClient, [0000015E37DC6D00][0000015E29BD4DC0 49] IOS, [0000015E37D6D500][0000015E29BD8F40 49] iPadAir, [0000015E37DC5400][0000015E29BDD0C0 49] iPadAir2, [0000015E37CB7E00][0000015E29BF5380 49] IPadPro, [0000015E37CB7F00][0000015E29BF13C0 49] iPadAir3, [0000015E37DC6800][0000015E3874F540 49] iPadAir4, [0000015E37CB5200][0000015E387536C0 49] iPadMini2, [0000015E37DC5800][0000015E38757840 49] iPadMini3, [0000015E37CB6800][0000015E3875B9C0 49] iPadMini4, [0000015E37DC7700][0000015E3875FB40 49] iPadMini5, [0000015E37D0B700][0000015E38766280 49] iPhone6, [0000015E37D0B800][0000015E387622C0 49] iPodTouch6, [0000015E37CB4100][0000015E387E0580 49] iPhone7, [0000015E37CB5300][0000015E387CA5C0 49] iPodTouch7, [0000015E37D09100][0000015E387E4740 49] iPhone5S, [0000015E37CB6900][0000015E387E88C0 49] iPhone6Plus, [0000015E37D0A900][0000015E29BCCA00 49] iPhone6S, [0000015E37CB4E00][0000015E387ECB40 49] iPhone6SPlus, [0000015E37D09800][0000015E387F0C80 49] iPhone7Plus, [0000015E37CB6400][0000015E387F4DC0 49] iPhoneSE, [0000015E37D0B900][0000015E387FCF40 49] iPhone8, [0000015E37CB7500][0000015E388010C0 49] iPhone8Plus, [0000015E37D08F00][0000015E38805240 49] iPhoneX, [0000015E37CB5700][0000015E388093C0 49] iPhoneXS, [0000015E37D0AC00][0000015E3880D540 49] iPhoneXSMax, [0000015E37CB6D00][0000015E388116C0 49] iPhoneXR, [0000015E37D0A600][0000015E38815840 49] iPhone11, [0000015E37CB7000][0000015E388199C0 49] iPhone11Pro, [0000015E37D09900][0000015E3881DB40 49] iPhone11ProMax, [0000015E37CB6600][0000015E38820140 49] iPhoneSE2, [0000015E37D09400][0000015E388242C0 49] iPhone12Mini, [0000015E37CB6C00][0000015E38828440 49] iPhone12, [0000015E37D0A700][0000015E3882C5C0 49] iPhone12Pro, [0000015E37CB7700][0000015E38830740 49] iPhone12ProMax, [0000015E37D08900][0000015E388348C0 49] iPadPro105, [0000015E37CB7400][0000015E38838A40 49] iPadPro129, [0000015E37D0A300][0000015E387F8B80 49] iPadPro97, [0000015E37CB4A00][0000015E3883CCC0 49] iPadPro2_129, [0000015E37D0A400][0000015E38840E00 49] iPad5, [0000015E37CB5B00][0000015E38844F40 49] iPad6, [0000015E37D0AD00][0000015E3884D0C0 49] iPad7, [0000015E37CB5400][0000015E38851240 49] iPad8, [0000015E37D0A100][0000015E388553C0 49] iPadPro11, [0000015E37CB5600][0000015E38859540 49] iPadPro2_11, [0000015E37D08700][0000015E3885D6C0 49] iPadPro3_129, [0000015E37CB7300][0000015E38861840 49] iPadPro4_129, [0000015E37D0A500][0000015E388659C0 49] AppleTV, [0000015E37CB6A00][0000015E38869B40 49] AppleTV4K, [0000015E37D08800][0000015E3886C140 49] TVOS, [0000015E37CB6000][0000015E388702C0 49] Mac, [0000015E37D09B00][0000015E38874440 49] MacClient, [0000015E37CB7800][0000015E388985C0 49] MacNoEditor, [0000015E37D0B500][0000015E388BC740 49] MacServer, [0000015E37CB7C00][0000015E388C08C0 49] Linux, [0000015E37D0B200][0000015E388CCA40 49] LinuxAArch64, [0000015E37CB6200][0000015E388D0BC0 49] LinuxNoEditor, [0000015E3805C900][0000015E388D4D40 49] LinuxAArch64NoEditor, [0000015E37D6D600][0000015E38848E80 49] LinuxClient, [0000015E3805E300][0000015E388D8FC0 49] LinuxAArch64Client, [0000015E37D6CB00][0000015E388DD100 49] LinuxServer, [0000015E3805D000][0000015E388E5280 49] LinuxAArch64Server, [0000015E37D6F000][0000015E388E9400 49] Android, [0000015E3805CD00][0000015E388ED580 49] Android_Low, [0000015E37D6D200][0000015E388F1700 49] Android_Mid, [0000015E3805D800][0000015E388F5880 49] Android_High, [0000015E37D6CA00][0000015E388F9A00 49] Android_Default, [0000015E3805CB00][0000015E388FDB80 49] Android_Adreno4xx, [0000015E37D6E900][0000015E38900180 49] Android_Adreno5xx_Low, [0000015E3805CE00][0000015E38904300 49] Android_Adreno5xx, [0000015E37D6D000][0000015E38908480 49] Android_Adreno6xx, [0000015E3805C600][0000015E3890C600 49] Android_Adreno6xx_Vulkan, [0000015E37D6E100][0000015E38910780 49] Android_Mali_T6xx, [0000015E3805D700][0000015E38914900 49] Android_Mali_T7xx, [0000015E37D6EC00][0000015E38918A80 49] Android_Mali_T8xx, [0000015E37CB6E00][0000015E3891CC00 49] Android_Mali_G71, [0000015E37D09300][0000015E38920D80 49] Android_Mali_G72, [0000015E37CB5100][0000015E38924F00 49] Android_Mali_G72_Vulkan, [0000015E37D09000][0000015E388E1040 49] Android_Mali_G76, [0000015E37CB5F00][0000015E38929180 49] Android_Mali_G76_Vulkan, [0000015E37D0BD00][0000015E3892D2C0 49] Android_Mali_G77, [0000015E37CB7900][0000015E38935440 49] Android_Mali_G77_Vulkan, [0000015E37D0A200][0000015E389395C0 49] Android_Mali_G78, [0000015E37CB6F00][0000015E3893D740 49] Android_Mali_G78_Vulkan, [0000015E37D0A000][0000015E389418C0 49] Android_Mali_G710, [0000015E37CB5000][0000015E38945A40 49] Android_Mali_G710_Vulkan, [0000015E37D0BF00][0000015E38949BC0 49] Android_Vulkan_SM5, [0000015E37CB4900][0000015E3894C1C0 49] Android_PowerVR_G6xxx, [0000015E3805D500][0000015E38950340 49] Android_PowerVR_GT7xxx, [0000015E37CB4700][0000015E389584C0 49] Android_PowerVR_GE8xxx, [0000015E3805DD00][0000015E3895C640 49] Android_PowerVR_GM9xxx, [0000015E37CB4800][0000015E389607C0 49] Android_PowerVR_GM9xxx_Vulkan, [0000015E3805C700][0000015E38964940 49] Android_TegraK1, [0000015E37CB7100][0000015E38968AC0 49] Android_Unknown_Vulkan, [0000015E3805C100][0000015E3896CC40 49] Lumin, [0000015E37CB5C00][0000015E38970DC0 49] Lumin_Desktop, [0000015E3805DA00][0000015E38974F40 49] HoloLens, 
[2026.09.20-01.23.29:336][  0]LogMeshReduction: Using QuadricMeshReduction for automatic static mesh reduction
[2026.09.20-01.23.29:336][  0]LogMeshReduction: Using SimplygonMeshReduction for automatic skeletal mesh reduction
[2026.09.20-01.23.29:336][  0]LogMeshReduction: Using ProxyLODMeshReduction for automatic mesh merging
[2026.09.20-01.23.29:336][  0]LogMeshReduction: No distributed automatic mesh merging module available
[2026.09.20-01.23.29:336][  0]LogMeshMerging: No distributed automatic mesh merging module available
[2026.09.20-01.23.29:353][  0]LogNetVersion: Terraformer 1.0.0, NetCL: 17155196, EngineNetVer: 17, GameNetVer: 0 (Checksum: 2084288229)
[2026.09.20-01.23.29:690][  0]LogTexture: Default maximum texture size for cubemaps generated from long-lat sources has been changed from 512 to unlimited. In order to preserve old behaiour for '/Engine/MapTemplates/Sky/DaylightAmbientCubemap.DaylightAmbientCubemap', its maximum texture size has been explicitly set to 512.
[2026.09.20-01.23.29:742][  0]LogHMD: PokeAHoleMaterial loaded successfully
[2026.09.20-01.23.29:746][  0]LogUObjectArray: 17178 objects as part of root set at end of initial load.
[2026.09.20-01.23.29:746][  0]LogUObjectAllocator: 4302048 out of 0 bytes used by permanent object pool.
[2026.09.20-01.23.29:746][  0]LogUObjectArray: CloseDisregardForGC: 0/0 objects in disregard for GC pool
[2026.09.20-01.23.30:115][  0]LogPython: Using Python 3.7.7
[2026.09.20-01.23.30:479][  0]LogUdpMessaging: Initializing bridge on interface 0.0.0.0:0 to multicast group 230.0.0.1:6666.
[2026.09.20-01.23.30:485][  0]LogTcpMessaging: Initializing TcpMessaging bridge
[2026.09.20-01.23.30:507][  0]LogNiagaraDebuggerClient: Niagara Debugger Client Initialized | Session: B285025B48227BCC69B877B78DBD2491 | Instance: FDDA9E454E8BDF40C3A0F6844C23D946 (LEWLAPTOP-39864).
[2026.09.20-01.23.30:723][  0]SourceControl: El control de código fuente está desactivado
[2026.09.20-01.23.30:724][  0]SourceControl: El control de código fuente está desactivado
[2026.09.20-01.23.30:729][  0]SourceControl: El control de código fuente está desactivado
[2026.09.20-01.23.30:733][  0]SourceControl: El control de código fuente está desactivado
[2026.09.20-01.23.30:743][  0]LogUProjectInfo: Found projects:
[2026.09.20-01.23.30:757][  0]SourceControl: El control de código fuente está desactivado
[2026.09.20-01.23.30:987][  0]LogOpenImageDenoise: OIDN starting up
[2026.09.20-01.23.31:050][  0]LogAndroidPermission: UAndroidPermissionCallbackProxy::GetInstance
[2026.09.20-01.23.31:072][  0]LogAudioCaptureCore: Display: No Audio Capture implementations found. Audio input will be silent.
[2026.09.20-01.23.31:072][  0]LogAudioCaptureCore: Display: No Audio Capture implementations found. Audio input will be silent.
[2026.09.20-01.23.31:204][  0]LogCollectionManager: Loaded 0 collections in 0.001261 seconds
[2026.09.20-01.23.31:231][  0]LogFileCache: Scanning file cache for directory 'C:/Users/larse/OneDrive/Documentos/Unreal Projects/Terraformer/Saved/Collections/' took 0.00s
[2026.09.20-01.23.31:231][  0]LogFileCache: Scanning file cache for directory 'C:/Users/larse/OneDrive/Documentos/Unreal Projects/Terraformer/Content/Developers/larse/Collections/' took 0.00s
[2026.09.20-01.23.31:231][  0]LogFileCache: Scanning file cache for directory 'C:/Users/larse/OneDrive/Documentos/Unreal Projects/Terraformer/Content/Collections/' took 0.00s
[2026.09.20-01.23.31:231][  0]LogOcInput: OculusInput pre-init called
[2026.09.20-01.23.31:442][  0]LogEngine: Initializing Engine...
[2026.09.20-01.23.31:457][  0]LogHMD: Failed to enumerate extensions. Please check that you have a valid OpenXR runtime installed.
[2026.09.20-01.23.31:457][  0]LogHMD: Failed to initialize OpenVR with code 110
[2026.09.20-01.23.31:457][  0]LogMagicLeap: Warning: VR disabled because ZI is not enabled.  To enable, in the editor, Edit -> Project Settings -> Plugins -> Magic Leap Plugin -> Enable Zero Iteration
[2026.09.20-01.23.31:458][  0]LogStats: UGameplayTagsManager::InitializeManager -  0.000 s
[2026.09.20-01.23.31:561][  0]LogInit: Initializing FReadOnlyCVARCache
[2026.09.20-01.23.31:571][  0]LogAIModule: Creating AISystem for world Untitled
[2026.09.20-01.23.31:572][  0]LogAudio: Display: Initializing Audio Device Manager...
[2026.09.20-01.23.31:577][  0]LogAudio: Display: Loading Default Audio Settings Objects...
[2026.09.20-01.23.31:577][  0]LogAudio: Display: No default SoundConcurrencyObject specified (or failed to load).
[2026.09.20-01.23.31:577][  0]LogAudio: Display: Audio Device Manager Initialized
[2026.09.20-01.23.31:577][  0]LogAudio: Display: Creating Audio Device:                 Id: 1, Scope: Shared, Realtime: True
[2026.09.20-01.23.31:577][  0]LogAudioMixer: Display: Audio Mixer Platform Settings:
[2026.09.20-01.23.31:577][  0]LogAudioMixer: Display: 	Sample Rate:						  48000
[2026.09.20-01.23.31:577][  0]LogAudioMixer: Display: 	Callback Buffer Frame Size Requested: 1024
[2026.09.20-01.23.31:577][  0]LogAudioMixer: Display: 	Callback Buffer Frame Size To Use:	  1024
[2026.09.20-01.23.31:577][  0]LogAudioMixer: Display: 	Number of buffers to queue:			  2
[2026.09.20-01.23.31:577][  0]LogAudioMixer: Display: 	Max Channels (voices):				  32
[2026.09.20-01.23.31:577][  0]LogAudioMixer: Display: 	Number of Async Source Workers:		  0
[2026.09.20-01.23.31:577][  0]LogAudio: Display: AudioDevice MaxSources: 32
[2026.09.20-01.23.31:577][  0]LogAudio: Display: Audio Spatialization Plugin: None (built-in).
[2026.09.20-01.23.31:577][  0]LogAudio: Display: Audio Reverb Plugin: None (built-in).
[2026.09.20-01.23.31:577][  0]LogAudio: Display: Audio Occlusion Plugin: None (built-in).
[2026.09.20-01.23.31:577][  0]LogAudioMixer: Display: Initializing audio mixer.
[2026.09.20-01.23.31:589][  0]LogAudioMixer: Display: 0: FrontLeft
[2026.09.20-01.23.31:589][  0]LogAudioMixer: Display: 1: FrontRight
[2026.09.20-01.23.31:796][  0]LogAudioMixer: Display: Using Audio Device Altavoces (Realtek(R) Audio)
[2026.09.20-01.23.31:800][  0]LogAudioMixer: Display: Initializing Sound Submixes...
[2026.09.20-01.23.31:802][  0]LogAudioMixer: Display: Creating Master Submix 'MasterSubmixDefault'
[2026.09.20-01.23.31:802][  0]LogAudioMixer: Display: Creating Master Submix 'MasterReverbSubmixDefault'
[2026.09.20-01.23.31:803][  0]LogAudioMixer: Display: Creating Master Submix 'MasterEQSubmixDefault'
[2026.09.20-01.23.31:803][  0]LogAudioMixer: FMixerPlatformXAudio2::StartAudioStream() called
[2026.09.20-01.23.31:803][  0]LogAudioMixer: Display: Output buffers initialized: Frames=1024, Channels=2, Samples=2048
[2026.09.20-01.23.31:804][  0]LogAudioMixer: Display: Starting AudioMixerPlatformInterface::RunInternal()
[2026.09.20-01.23.31:804][  0]LogAudioMixer: Display: FMixerPlatformXAudio2::SubmitBuffer() called for the first time
[2026.09.20-01.23.31:804][  0]LogInit: FAudioDevice initialized.
[2026.09.20-01.23.31:804][  0]LogAudio: Display: Audio Device (ID: 1) registered with world 'Untitled'.
[2026.09.20-01.23.31:804][  0]LogNetVersion: Set ProjectVersion to 1.0.0.0. Version Checksum will be recalculated on next use.
[2026.09.20-01.23.31:850][  0]LogDerivedDataCache: Saved boot cache 0.05s 94MB C:/Users/larse/AppData/Local/UnrealEngine/4.27/DerivedDataCache/Boot.ddc.
[2026.09.20-01.23.31:851][  0]LogInit: Texture streaming: Enabled
[2026.09.20-01.23.31:865][  0]LogAnalytics: Display: [UEEditor.Rocket.Release] APIServer = https://datarouter.ol.epicgames.com/. AppVersion = 4.27.2-18319896+++UE4+Release-4.27
[2026.09.20-01.23.31:870][  0]LogEngineSessionManager: EngineSessionManager initialized
[2026.09.20-01.23.31:870][  0]LogEditorSessionSummary: Verbose: Initializing EditorSessionSummaryWriter for editor session tracking
[2026.09.20-01.23.31:876][  0]LogEditorSessionSummary: EditorSessionSummaryWriter initialized
[2026.09.20-01.23.31:900][  0]LogInit: Transaction tracking system initialized
[2026.09.20-01.23.31:928][  0]BlueprintLog: New page: Cargar el editor
[2026.09.20-01.23.32:009][  0]LocalizationService: Localization service is disabled
[2026.09.20-01.23.32:036][  0]TimingProfiler: Initialize
[2026.09.20-01.23.32:036][  0]TimingProfiler: OnSessionChanged
[2026.09.20-01.23.32:036][  0]LoadingProfiler: Initialize
[2026.09.20-01.23.32:036][  0]LoadingProfiler: OnSessionChanged
[2026.09.20-01.23.32:036][  0]NetworkingProfiler: Initialize
[2026.09.20-01.23.32:037][  0]NetworkingProfiler: OnSessionChanged
[2026.09.20-01.23.32:037][  0]MemoryProfiler: Initialize
[2026.09.20-01.23.32:037][  0]MemoryProfiler: OnSessionChanged
[2026.09.20-01.23.32:194][  0]LogCook: Display: CookSettings for Memory: MemoryMaxUsedVirtual 0MiB, MemoryMaxUsedPhysical 16384MiB, MemoryMinFreeVirtual 0MiB, MemoryMinFreePhysical 1024MiB
[2026.09.20-01.23.32:194][  0]LogFileCache: Scanning file cache for directory 'C:/Users/larse/OneDrive/Documentos/Unreal Projects/Terraformer/Content/' took 0.00s
[2026.09.20-01.23.32:194][  0]LogCook: Display: Mobile HDR setting 1
[2026.09.20-01.23.32:539][  0]LogInit: Display: Engine is initialized. Leaving FEngineLoop::Init()
[2026.09.20-01.23.32:545][  0]SourceControl: El control de código fuente está desactivado
[2026.09.20-01.23.32:545][  0]LogUnrealEdMisc: Loading editor; pre map load, took 6.647
[2026.09.20-01.23.32:545][  0]Cmd: MAP LOAD FILE="../../../Engine/Content/Maps/Templates/Template_Default.umap" TEMPLATE=1 SHOWPROGRESS=1 FEATURELEVEL=3
[2026.09.20-01.23.32:545][  0]LightingResults: New page: Diseñar la iluminación
[2026.09.20-01.23.32:547][  0]LogWorld: UWorld::CleanupWorld for Untitled, bSessionEnded=true, bCleanupResources=true
[2026.09.20-01.23.32:547][  0]LogSlate: InvalidateAllWidgets triggered.  All widgets were invalidated
[2026.09.20-01.23.32:547][  0]MapCheck: New page: Revisión del mapa
[2026.09.20-01.23.32:547][  0]LightingResults: New page: Diseñar la iluminación
[2026.09.20-01.23.32:551][  0]LogAudio: Display: Audio Device unregistered from world 'None'.
[2026.09.20-01.23.32:553][  0]LogUObjectHash: Compacting FUObjectHashTables data took   0.49ms
[2026.09.20-01.23.32:590][  0]LogTexture: Display: Building textures: DeprecatedTextureEB9CBE3C423008B5E8E130901E171C89 (BGRA8, 128X128)
[2026.09.20-01.23.32:597][  0]LogAudio: Display: Audio Device (ID: 1) registered with world 'Untitled_1'.
[2026.09.20-01.23.32:598][  0]LogAIModule: Creating AISystem for world Untitled_1
[2026.09.20-01.23.32:601][  0]LogEditorServer: Finished looking for orphan Actors (0.000 secs)
[2026.09.20-01.23.32:615][  0]LogUObjectHash: Compacting FUObjectHashTables data took   0.61ms
[2026.09.20-01.23.32:615][  0]Cmd: MAP CHECKDEP NOCLEARLOG
[2026.09.20-01.23.32:615][  0]MapCheck: Map check complete: 0 Error(s), 0 Warning(s), took 0.12ms to complete.
[2026.09.20-01.23.32:615][  0]LogFileHelpers: Loading map 'Template_Default' took 0.069
[2026.09.20-01.23.32:616][  0]LogUnrealEdMisc: Total Editor Startup Time, took 6.718
[2026.09.20-01.23.32:761][  0]LogSlate: Updating window title bar state: overlay mode, drag disabled, window buttons hidden, title bar hidden
[2026.09.20-01.23.32:767][  0]LogSlate: Updating window title bar state: overlay mode, drag disabled, window buttons hidden, title bar hidden
[2026.09.20-01.23.32:771][  0]LogSlate: Updating window title bar state: overlay mode, drag disabled, window buttons hidden, title bar hidden
[2026.09.20-01.23.32:775][  0]LogSlate: Updating window title bar state: overlay mode, drag disabled, window buttons hidden, title bar hidden
[2026.09.20-01.23.32:803][  0]LogNativeClassHierarchy: Verbose: Native class hierarchy populated in 0.0068 seconds. Added 3822 classes and 928 folders.
[2026.09.20-01.23.32:807][  0]LogNativeClassHierarchy: Verbose: Native class hierarchy updated for 'WidgetCarousel' in 0.0002 seconds. Added 0 classes and 0 folders.
[2026.09.20-01.23.32:809][  0]LogPakFile: PakFile PrimaryIndexSize=187
[2026.09.20-01.23.32:809][  0]LogPakFile: PakFile PathHashIndexSize=101
[2026.09.20-01.23.32:809][  0]LogPakFile: PakFile FullDirectoryIndexSize=148
[2026.09.20-01.23.32:809][  0]LogShaderLibrary: Display: ShaderCodeLibraryPakFileMountedCallback: PakFile 'C:/Program Files/Epic Games/UE_4.27/FeaturePacks/FP_FirstPerson.upack' (chunk index -1, root 'root:/') mounted
[2026.09.20-01.23.32:809][  0]LogShaderLibrary: Display: ShaderCodeLibraryPakFileMountedCallback: pending pak file info (ChunkID:-1 Root:root:/ File:C:/Program Files/Epic Games/UE_4.27/FeaturePacks/FP_FirstPerson.upack)
[2026.09.20-01.23.32:809][  0]LogPakFile: OnPakFileMounted2Time == 0.000053
[2026.09.20-01.23.32:809][  0]LogPakFile: PakFile PrimaryIndexSize=189
[2026.09.20-01.23.32:809][  0]LogPakFile: PakFile PathHashIndexSize=101
[2026.09.20-01.23.32:809][  0]LogPakFile: PakFile FullDirectoryIndexSize=152
[2026.09.20-01.23.32:809][  0]LogShaderLibrary: Display: ShaderCodeLibraryPakFileMountedCallback: PakFile 'C:/Program Files/Epic Games/UE_4.27/FeaturePacks/FP_FirstPersonBP.upack' (chunk index -1, root 'root:/') mounted
[2026.09.20-01.23.32:809][  0]LogShaderLibrary: Display: ShaderCodeLibraryPakFileMountedCallback: pending pak file info (ChunkID:-1 Root:root:/ File:C:/Program Files/Epic Games/UE_4.27/FeaturePacks/FP_FirstPersonBP.upack)
[2026.09.20-01.23.32:809][  0]LogPakFile: OnPakFileMounted2Time == 0.000034
[2026.09.20-01.23.32:810][  0]LogPakFile: PakFile PrimaryIndexSize=191
[2026.09.20-01.23.32:810][  0]LogPakFile: PakFile PathHashIndexSize=101
[2026.09.20-01.23.32:810][  0]LogPakFile: PakFile FullDirectoryIndexSize=160
[2026.09.20-01.23.32:810][  0]LogShaderLibrary: Display: ShaderCodeLibraryPakFileMountedCallback: PakFile 'C:/Program Files/Epic Games/UE_4.27/FeaturePacks/MobileStarterContent.upack' (chunk index -1, root 'root:/') mounted
[2026.09.20-01.23.32:810][  0]LogShaderLibrary: Display: ShaderCodeLibraryPakFileMountedCallback: pending pak file info (ChunkID:-1 Root:root:/ File:C:/Program Files/Epic Games/UE_4.27/FeaturePacks/MobileStarterContent.upack)
[2026.09.20-01.23.32:810][  0]LogPakFile: OnPakFileMounted2Time == 0.000033
[2026.09.20-01.23.32:810][  0]LogPakFile: PakFile PrimaryIndexSize=185
[2026.09.20-01.23.32:810][  0]LogPakFile: PakFile PathHashIndexSize=101
[2026.09.20-01.23.32:810][  0]LogPakFile: PakFile FullDirectoryIndexSize=148
[2026.09.20-01.23.32:810][  0]LogShaderLibrary: Display: ShaderCodeLibraryPakFileMountedCallback: PakFile 'C:/Program Files/Epic Games/UE_4.27/FeaturePacks/StarterContent.upack' (chunk index -1, root 'root:/') mounted
[2026.09.20-01.23.32:810][  0]LogShaderLibrary: Display: ShaderCodeLibraryPakFileMountedCallback: pending pak file info (ChunkID:-1 Root:root:/ File:C:/Program Files/Epic Games/UE_4.27/FeaturePacks/StarterContent.upack)
[2026.09.20-01.23.32:810][  0]LogPakFile: OnPakFileMounted2Time == 0.000032
[2026.09.20-01.23.32:810][  0]LogPakFile: PakFile PrimaryIndexSize=190
[2026.09.20-01.23.32:810][  0]LogPakFile: PakFile PathHashIndexSize=101
[2026.09.20-01.23.32:810][  0]LogPakFile: PakFile FullDirectoryIndexSize=154
[2026.09.20-01.23.32:810][  0]LogShaderLibrary: Display: ShaderCodeLibraryPakFileMountedCallback: PakFile 'C:/Program Files/Epic Games/UE_4.27/FeaturePacks/TP_2DSideScroller.upack' (chunk index -1, root 'root:/') mounted
[2026.09.20-01.23.32:810][  0]LogShaderLibrary: Display: ShaderCodeLibraryPakFileMountedCallback: pending pak file info (ChunkID:-1 Root:root:/ File:C:/Program Files/Epic Games/UE_4.27/FeaturePacks/TP_2DSideScroller.upack)
[2026.09.20-01.23.32:810][  0]LogPakFile: OnPakFileMounted2Time == 0.000034
[2026.09.20-01.23.32:812][  0]LogPakFile: PakFile PrimaryIndexSize=192
[2026.09.20-01.23.32:812][  0]LogPakFile: PakFile PathHashIndexSize=101
[2026.09.20-01.23.32:812][  0]LogPakFile: PakFile FullDirectoryIndexSize=158
[2026.09.20-01.23.32:812][  0]LogShaderLibrary: Display: ShaderCodeLibraryPakFileMountedCallback: PakFile 'C:/Program Files/Epic Games/UE_4.27/FeaturePacks/TP_2DSideScrollerBP.upack' (chunk index -1, root 'root:/') mounted
[2026.09.20-01.23.32:812][  0]LogShaderLibrary: Display: ShaderCodeLibraryPakFileMountedCallback: pending pak file info (ChunkID:-1 Root:root:/ File:C:/Program Files/Epic Games/UE_4.27/FeaturePacks/TP_2DSideScrollerBP.upack)
[2026.09.20-01.23.32:812][  0]LogPakFile: OnPakFileMounted2Time == 0.000030
[2026.09.20-01.23.32:812][  0]LogPakFile: PakFile PrimaryIndexSize=182
[2026.09.20-01.23.32:812][  0]LogPakFile: PakFile PathHashIndexSize=101
[2026.09.20-01.23.32:812][  0]LogPakFile: PakFile FullDirectoryIndexSize=138
[2026.09.20-01.23.32:812][  0]LogShaderLibrary: Display: ShaderCodeLibraryPakFileMountedCallback: PakFile 'C:/Program Files/Epic Games/UE_4.27/FeaturePacks/TP_Flying.upack' (chunk index -1, root 'root:/') mounted
[2026.09.20-01.23.32:812][  0]LogShaderLibrary: Display: ShaderCodeLibraryPakFileMountedCallback: pending pak file info (ChunkID:-1 Root:root:/ File:C:/Program Files/Epic Games/UE_4.27/FeaturePacks/TP_Flying.upack)
[2026.09.20-01.23.32:812][  0]LogPakFile: OnPakFileMounted2Time == 0.000030
[2026.09.20-01.23.32:812][  0]LogPakFile: PakFile PrimaryIndexSize=184
[2026.09.20-01.23.32:813][  0]LogPakFile: PakFile PathHashIndexSize=101
[2026.09.20-01.23.32:813][  0]LogPakFile: PakFile FullDirectoryIndexSize=142
[2026.09.20-01.23.32:813][  0]LogShaderLibrary: Display: ShaderCodeLibraryPakFileMountedCallback: PakFile 'C:/Program Files/Epic Games/UE_4.27/FeaturePacks/TP_FlyingBP.upack' (chunk index -1, root 'root:/') mounted
[2026.09.20-01.23.32:813][  0]LogShaderLibrary: Display: ShaderCodeLibraryPakFileMountedCallback: pending pak file info (ChunkID:-1 Root:root:/ File:C:/Program Files/Epic Games/UE_4.27/FeaturePacks/TP_FlyingBP.upack)
[2026.09.20-01.23.32:813][  0]LogPakFile: OnPakFileMounted2Time == 0.000038
[2026.09.20-01.23.32:813][  0]LogPakFile: PakFile PrimaryIndexSize=188
[2026.09.20-01.23.32:813][  0]LogPakFile: PakFile PathHashIndexSize=101
[2026.09.20-01.23.32:813][  0]LogPakFile: PakFile FullDirectoryIndexSize=150
[2026.09.20-01.23.32:813][  0]LogShaderLibrary: Display: ShaderCodeLibraryPakFileMountedCallback: PakFile 'C:/Program Files/Epic Games/UE_4.27/FeaturePacks/TP_HandheldARBP.upack' (chunk index -1, root 'root:/') mounted
[2026.09.20-01.23.32:813][  0]LogShaderLibrary: Display: ShaderCodeLibraryPakFileMountedCallback: pending pak file info (ChunkID:-1 Root:root:/ File:C:/Program Files/Epic Games/UE_4.27/FeaturePacks/TP_HandheldARBP.upack)
[2026.09.20-01.23.32:813][  0]LogPakFile: OnPakFileMounted2Time == 0.000031
[2026.09.20-01.23.32:814][  0]LogPakFile: PakFile PrimaryIndexSize=182
[2026.09.20-01.23.32:814][  0]LogPakFile: PakFile PathHashIndexSize=101
[2026.09.20-01.23.32:814][  0]LogPakFile: PakFile FullDirectoryIndexSize=138
[2026.09.20-01.23.32:814][  0]LogShaderLibrary: Display: ShaderCodeLibraryPakFileMountedCallback: PakFile 'C:/Program Files/Epic Games/UE_4.27/FeaturePacks/TP_Puzzle.upack' (chunk index -1, root 'root:/') mounted
[2026.09.20-01.23.32:814][  0]LogShaderLibrary: Display: ShaderCodeLibraryPakFileMountedCallback: pending pak file info (ChunkID:-1 Root:root:/ File:C:/Program Files/Epic Games/UE_4.27/FeaturePacks/TP_Puzzle.upack)
[2026.09.20-01.23.32:814][  0]LogPakFile: OnPakFileMounted2Time == 0.000031
[2026.09.20-01.23.32:814][  0]LogPakFile: PakFile PrimaryIndexSize=184
[2026.09.20-01.23.32:814][  0]LogPakFile: PakFile PathHashIndexSize=101
[2026.09.20-01.23.32:814][  0]LogPakFile: PakFile FullDirectoryIndexSize=142
[2026.09.20-01.23.32:814][  0]LogShaderLibrary: Display: ShaderCodeLibraryPakFileMountedCallback: PakFile 'C:/Program Files/Epic Games/UE_4.27/FeaturePacks/TP_PuzzleBP.upack' (chunk index -1, root 'root:/') mounted
[2026.09.20-01.23.32:814][  0]LogShaderLibrary: Display: ShaderCodeLibraryPakFileMountedCallback: pending pak file info (ChunkID:-1 Root:root:/ File:C:/Program Files/Epic Games/UE_4.27/FeaturePacks/TP_PuzzleBP.upack)
[2026.09.20-01.23.32:814][  0]LogPakFile: OnPakFileMounted2Time == 0.000030
[2026.09.20-01.23.32:815][  0]LogPakFile: PakFile PrimaryIndexSize=183
[2026.09.20-01.23.32:815][  0]LogPakFile: PakFile PathHashIndexSize=101
[2026.09.20-01.23.32:815][  0]LogPakFile: PakFile FullDirectoryIndexSize=140
[2026.09.20-01.23.32:815][  0]LogShaderLibrary: Display: ShaderCodeLibraryPakFileMountedCallback: PakFile 'C:/Program Files/Epic Games/UE_4.27/FeaturePacks/TP_Rolling.upack' (chunk index -1, root 'root:/') mounted
[2026.09.20-01.23.32:815][  0]LogShaderLibrary: Display: ShaderCodeLibraryPakFileMountedCallback: pending pak file info (ChunkID:-1 Root:root:/ File:C:/Program Files/Epic Games/UE_4.27/FeaturePacks/TP_Rolling.upack)
[2026.09.20-01.23.32:815][  0]LogPakFile: OnPakFileMounted2Time == 0.000033
[2026.09.20-01.23.32:815][  0]LogPakFile: PakFile PrimaryIndexSize=185
[2026.09.20-01.23.32:815][  0]LogPakFile: PakFile PathHashIndexSize=101
[2026.09.20-01.23.32:815][  0]LogPakFile: PakFile FullDirectoryIndexSize=144
[2026.09.20-01.23.32:815][  0]LogShaderLibrary: Display: ShaderCodeLibraryPakFileMountedCallback: PakFile 'C:/Program Files/Epic Games/UE_4.27/FeaturePacks/TP_RollingBP.upack' (chunk index -1, root 'root:/') mounted
[2026.09.20-01.23.32:815][  0]LogShaderLibrary: Display: ShaderCodeLibraryPakFileMountedCallback: pending pak file info (ChunkID:-1 Root:root:/ File:C:/Program Files/Epic Games/UE_4.27/FeaturePacks/TP_RollingBP.upack)
[2026.09.20-01.23.32:815][  0]LogPakFile: OnPakFileMounted2Time == 0.000034
[2026.09.20-01.23.32:815][  0]LogPakFile: PakFile PrimaryIndexSize=188
[2026.09.20-01.23.32:815][  0]LogPakFile: PakFile PathHashIndexSize=101
[2026.09.20-01.23.32:815][  0]LogPakFile: PakFile FullDirectoryIndexSize=150
[2026.09.20-01.23.32:815][  0]LogShaderLibrary: Display: ShaderCodeLibraryPakFileMountedCallback: PakFile 'C:/Program Files/Epic Games/UE_4.27/FeaturePacks/TP_SideScroller.upack' (chunk index -1, root 'root:/') mounted
[2026.09.20-01.23.32:815][  0]LogShaderLibrary: Display: ShaderCodeLibraryPakFileMountedCallback: pending pak file info (ChunkID:-1 Root:root:/ File:C:/Program Files/Epic Games/UE_4.27/FeaturePacks/TP_SideScroller.upack)
[2026.09.20-01.23.32:815][  0]LogPakFile: OnPakFileMounted2Time == 0.000030
[2026.09.20-01.23.32:816][  0]LogPakFile: PakFile PrimaryIndexSize=190
[2026.09.20-01.23.32:816][  0]LogPakFile: PakFile PathHashIndexSize=101
[2026.09.20-01.23.32:816][  0]LogPakFile: PakFile FullDirectoryIndexSize=154
[2026.09.20-01.23.32:816][  0]LogShaderLibrary: Display: ShaderCodeLibraryPakFileMountedCallback: PakFile 'C:/Program Files/Epic Games/UE_4.27/FeaturePacks/TP_SideScrollerBP.upack' (chunk index -1, root 'root:/') mounted
[2026.09.20-01.23.32:816][  0]LogShaderLibrary: Display: ShaderCodeLibraryPakFileMountedCallback: pending pak file info (ChunkID:-1 Root:root:/ File:C:/Program Files/Epic Games/UE_4.27/FeaturePacks/TP_SideScrollerBP.upack)
[2026.09.20-01.23.32:816][  0]LogPakFile: OnPakFileMounted2Time == 0.000030
[2026.09.20-01.23.32:816][  0]LogPakFile: PakFile PrimaryIndexSize=187
[2026.09.20-01.23.32:816][  0]LogPakFile: PakFile PathHashIndexSize=101
[2026.09.20-01.23.32:816][  0]LogPakFile: PakFile FullDirectoryIndexSize=148
[2026.09.20-01.23.32:816][  0]LogShaderLibrary: Display: ShaderCodeLibraryPakFileMountedCallback: PakFile 'C:/Program Files/Epic Games/UE_4.27/FeaturePacks/TP_ThirdPerson.upack' (chunk index -1, root 'root:/') mounted
[2026.09.20-01.23.32:816][  0]LogShaderLibrary: Display: ShaderCodeLibraryPakFileMountedCallback: pending pak file info (ChunkID:-1 Root:root:/ File:C:/Program Files/Epic Games/UE_4.27/FeaturePacks/TP_ThirdPerson.upack)
[2026.09.20-01.23.32:816][  0]LogPakFile: OnPakFileMounted2Time == 0.000029
[2026.09.20-01.23.32:816][  0]LogPakFile: PakFile PrimaryIndexSize=189
[2026.09.20-01.23.32:816][  0]LogPakFile: PakFile PathHashIndexSize=101
[2026.09.20-01.23.32:816][  0]LogPakFile: PakFile FullDirectoryIndexSize=152
[2026.09.20-01.23.32:816][  0]LogShaderLibrary: Display: ShaderCodeLibraryPakFileMountedCallback: PakFile 'C:/Program Files/Epic Games/UE_4.27/FeaturePacks/TP_ThirdPersonBP.upack' (chunk index -1, root 'root:/') mounted
[2026.09.20-01.23.32:816][  0]LogShaderLibrary: Display: ShaderCodeLibraryPakFileMountedCallback: pending pak file info (ChunkID:-1 Root:root:/ File:C:/Program Files/Epic Games/UE_4.27/FeaturePacks/TP_ThirdPersonBP.upack)
[2026.09.20-01.23.32:817][  0]LogPakFile: OnPakFileMounted2Time == 0.000032
[2026.09.20-01.23.32:817][  0]LogPakFile: PakFile PrimaryIndexSize=183
[2026.09.20-01.23.32:817][  0]LogPakFile: PakFile PathHashIndexSize=101
[2026.09.20-01.23.32:817][  0]LogPakFile: PakFile FullDirectoryIndexSize=140
[2026.09.20-01.23.32:817][  0]LogShaderLibrary: Display: ShaderCodeLibraryPakFileMountedCallback: PakFile 'C:/Program Files/Epic Games/UE_4.27/FeaturePacks/TP_TopDown.upack' (chunk index -1, root 'root:/') mounted
[2026.09.20-01.23.32:817][  0]LogShaderLibrary: Display: ShaderCodeLibraryPakFileMountedCallback: pending pak file info (ChunkID:-1 Root:root:/ File:C:/Program Files/Epic Games/UE_4.27/FeaturePacks/TP_TopDown.upack)
[2026.09.20-01.23.32:817][  0]LogPakFile: OnPakFileMounted2Time == 0.000038
[2026.09.20-01.23.32:817][  0]LogPakFile: PakFile PrimaryIndexSize=185
[2026.09.20-01.23.32:817][  0]LogPakFile: PakFile PathHashIndexSize=101
[2026.09.20-01.23.32:817][  0]LogPakFile: PakFile FullDirectoryIndexSize=144
[2026.09.20-01.23.32:817][  0]LogShaderLibrary: Display: ShaderCodeLibraryPakFileMountedCallback: PakFile 'C:/Program Files/Epic Games/UE_4.27/FeaturePacks/TP_TopDownBP.upack' (chunk index -1, root 'root:/') mounted
[2026.09.20-01.23.32:817][  0]LogShaderLibrary: Display: ShaderCodeLibraryPakFileMountedCallback: pending pak file info (ChunkID:-1 Root:root:/ File:C:/Program Files/Epic Games/UE_4.27/FeaturePacks/TP_TopDownBP.upack)
[2026.09.20-01.23.32:818][  0]LogPakFile: OnPakFileMounted2Time == 0.000032
[2026.09.20-01.23.32:818][  0]LogPakFile: PakFile PrimaryIndexSize=185
[2026.09.20-01.23.32:818][  0]LogPakFile: PakFile PathHashIndexSize=101
[2026.09.20-01.23.32:818][  0]LogPakFile: PakFile FullDirectoryIndexSize=144
[2026.09.20-01.23.32:818][  0]LogShaderLibrary: Display: ShaderCodeLibraryPakFileMountedCallback: PakFile 'C:/Program Files/Epic Games/UE_4.27/FeaturePacks/TP_TwinStick.upack' (chunk index -1, root 'root:/') mounted
[2026.09.20-01.23.32:818][  0]LogShaderLibrary: Display: ShaderCodeLibraryPakFileMountedCallback: pending pak file info (ChunkID:-1 Root:root:/ File:C:/Program Files/Epic Games/UE_4.27/FeaturePacks/TP_TwinStick.upack)
[2026.09.20-01.23.32:818][  0]LogPakFile: OnPakFileMounted2Time == 0.000031
[2026.09.20-01.23.32:818][  0]LogPakFile: PakFile PrimaryIndexSize=187
[2026.09.20-01.23.32:818][  0]LogPakFile: PakFile PathHashIndexSize=101
[2026.09.20-01.23.32:818][  0]LogPakFile: PakFile FullDirectoryIndexSize=148
[2026.09.20-01.23.32:818][  0]LogShaderLibrary: Display: ShaderCodeLibraryPakFileMountedCallback: PakFile 'C:/Program Files/Epic Games/UE_4.27/FeaturePacks/TP_TwinStickBP.upack' (chunk index -1, root 'root:/') mounted
[2026.09.20-01.23.32:818][  0]LogShaderLibrary: Display: ShaderCodeLibraryPakFileMountedCallback: pending pak file info (ChunkID:-1 Root:root:/ File:C:/Program Files/Epic Games/UE_4.27/FeaturePacks/TP_TwinStickBP.upack)
[2026.09.20-01.23.32:818][  0]LogPakFile: OnPakFileMounted2Time == 0.000034
[2026.09.20-01.23.32:819][  0]LogPakFile: PakFile PrimaryIndexSize=183
[2026.09.20-01.23.32:819][  0]LogPakFile: PakFile PathHashIndexSize=101
[2026.09.20-01.23.32:819][  0]LogPakFile: PakFile FullDirectoryIndexSize=140
[2026.09.20-01.23.32:819][  0]LogShaderLibrary: Display: ShaderCodeLibraryPakFileMountedCallback: PakFile 'C:/Program Files/Epic Games/UE_4.27/FeaturePacks/TP_Vehicle.upack' (chunk index -1, root 'root:/') mounted
[2026.09.20-01.23.32:819][  0]LogShaderLibrary: Display: ShaderCodeLibraryPakFileMountedCallback: pending pak file info (ChunkID:-1 Root:root:/ File:C:/Program Files/Epic Games/UE_4.27/FeaturePacks/TP_Vehicle.upack)
[2026.09.20-01.23.32:819][  0]LogPakFile: OnPakFileMounted2Time == 0.000030
[2026.09.20-01.23.32:819][  0]LogPakFile: PakFile PrimaryIndexSize=186
[2026.09.20-01.23.32:819][  0]LogPakFile: PakFile PathHashIndexSize=101
[2026.09.20-01.23.32:819][  0]LogPakFile: PakFile FullDirectoryIndexSize=146
[2026.09.20-01.23.32:819][  0]LogShaderLibrary: Display: ShaderCodeLibraryPakFileMountedCallback: PakFile 'C:/Program Files/Epic Games/UE_4.27/FeaturePacks/TP_VehicleAdv.upack' (chunk index -1, root 'root:/') mounted
[2026.09.20-01.23.32:819][  0]LogShaderLibrary: Display: ShaderCodeLibraryPakFileMountedCallback: pending pak file info (ChunkID:-1 Root:root:/ File:C:/Program Files/Epic Games/UE_4.27/FeaturePacks/TP_VehicleAdv.upack)
[2026.09.20-01.23.32:819][  0]LogPakFile: OnPakFileMounted2Time == 0.000032
[2026.09.20-01.23.32:820][  0]LogPakFile: PakFile PrimaryIndexSize=188
[2026.09.20-01.23.32:820][  0]LogPakFile: PakFile PathHashIndexSize=101
[2026.09.20-01.23.32:820][  0]LogPakFile: PakFile FullDirectoryIndexSize=150
[2026.09.20-01.23.32:820][  0]LogShaderLibrary: Display: ShaderCodeLibraryPakFileMountedCallback: PakFile 'C:/Program Files/Epic Games/UE_4.27/FeaturePacks/TP_VehicleAdvBP.upack' (chunk index -1, root 'root:/') mounted
[2026.09.20-01.23.32:820][  0]LogShaderLibrary: Display: ShaderCodeLibraryPakFileMountedCallback: pending pak file info (ChunkID:-1 Root:root:/ File:C:/Program Files/Epic Games/UE_4.27/FeaturePacks/TP_VehicleAdvBP.upack)
[2026.09.20-01.23.32:820][  0]LogPakFile: OnPakFileMounted2Time == 0.000032
[2026.09.20-01.23.32:820][  0]LogPakFile: PakFile PrimaryIndexSize=185
[2026.09.20-01.23.32:820][  0]LogPakFile: PakFile PathHashIndexSize=101
[2026.09.20-01.23.32:820][  0]LogPakFile: PakFile FullDirectoryIndexSize=144
[2026.09.20-01.23.32:820][  0]LogShaderLibrary: Display: ShaderCodeLibraryPakFileMountedCallback: PakFile 'C:/Program Files/Epic Games/UE_4.27/FeaturePacks/TP_VehicleBP.upack' (chunk index -1, root 'root:/') mounted
[2026.09.20-01.23.32:820][  0]LogShaderLibrary: Display: ShaderCodeLibraryPakFileMountedCallback: pending pak file info (ChunkID:-1 Root:root:/ File:C:/Program Files/Epic Games/UE_4.27/FeaturePacks/TP_VehicleBP.upack)
[2026.09.20-01.23.32:820][  0]LogPakFile: OnPakFileMounted2Time == 0.000035
[2026.09.20-01.23.32:821][  0]LogPakFile: PakFile PrimaryIndexSize=192
[2026.09.20-01.23.32:821][  0]LogPakFile: PakFile PathHashIndexSize=101
[2026.09.20-01.23.32:821][  0]LogPakFile: PakFile FullDirectoryIndexSize=158
[2026.09.20-01.23.32:821][  0]LogShaderLibrary: Display: ShaderCodeLibraryPakFileMountedCallback: PakFile 'C:/Program Files/Epic Games/UE_4.27/FeaturePacks/TP_VirtualRealityBP.upack' (chunk index -1, root 'root:/') mounted
[2026.09.20-01.23.32:821][  0]LogShaderLibrary: Display: ShaderCodeLibraryPakFileMountedCallback: pending pak file info (ChunkID:-1 Root:root:/ File:C:/Program Files/Epic Games/UE_4.27/FeaturePacks/TP_VirtualRealityBP.upack)
[2026.09.20-01.23.32:821][  0]LogPakFile: OnPakFileMounted2Time == 0.000034
[2026.09.20-01.23.32:856][  0]LogNativeClassHierarchy: Verbose: Native class hierarchy updated for 'AddContentDialog' in 0.0002 seconds. Added 0 classes and 0 folders.
[2026.09.20-01.23.32:860][  0]LogNativeClassHierarchy: Verbose: Native class hierarchy updated for 'SceneOutliner' in 0.0002 seconds. Added 2 classes and 0 folders.
[2026.09.20-01.23.33:006][  0]LogSlate: Took 0.000588 seconds to synchronously load lazily loaded font '../../../Engine/Content/Slate/Fonts/Roboto-Regular.ttf' (155K)
[2026.09.20-01.23.33:008][  0]LogSlate: Took 0.000545 seconds to synchronously load lazily loaded font '../../../Engine/Content/Editor/Slate/Fonts/FontAwesome.ttf' (139K)
[2026.09.20-01.23.33:010][  0]LogSlate: Took 0.000618 seconds to synchronously load lazily loaded font '../../../Engine/Content/Slate/Fonts/Roboto-Bold.ttf' (160K)
[2026.09.20-01.23.33:091][  0]LogRenderer: Reallocating scene render targets to support 972x492 Format 10 NumSamples 1 (Frame:1).
[2026.09.20-01.23.33:216][  0]LogNativeClassHierarchy: Verbose: Native class hierarchy updated for 'HierarchicalLODOutliner' in 0.0002 seconds. Added 0 classes and 0 folders.
[2026.09.20-01.23.33:216][  0]LogLoad: (Engine Initialization) Total time: 7.32 seconds
[2026.09.20-01.23.33:216][  0]LogLoad: (Engine Initialization) Total Blueprint compile time: 0.00 seconds
[2026.09.20-01.23.33:298][  0]LogAssetRegistry: Asset discovery search completed in 4.2293 seconds
[2026.09.20-01.23.33:303][  0]LogCollectionManager: Fixed up redirectors for 0 collections in 0.000005 seconds (updated 0 objects)
[2026.09.20-01.23.33:303][  0]LogContentStreaming: Texture pool size now 1000 MB
[2026.09.20-01.24.10:006][682]LogSlate: Window 'Nivel nuevo' being destroyed
[2026.09.20-01.24.10:018][682]LightingResults: New page: Diseñar la iluminación
[2026.09.20-01.24.10:019][682]LogWorld: UWorld::CleanupWorld for Untitled_1, bSessionEnded=true, bCleanupResources=true
[2026.09.20-01.24.10:019][682]LogSlate: InvalidateAllWidgets triggered.  All widgets were invalidated
[2026.09.20-01.24.10:019][682]MapCheck: New page: Revisión del mapa
[2026.09.20-01.24.10:019][682]LightingResults: New page: Diseñar la iluminación
[2026.09.20-01.24.10:023][682]LogAudio: Display: Audio Device unregistered from world 'None'.
[2026.09.20-01.24.10:026][682]LogUObjectHash: Compacting FUObjectHashTables data took   0.46ms
[2026.09.20-01.24.10:027][682]LogAIModule: Creating AISystem for world Untitled
[2026.09.20-01.24.10:028][682]LogAudio: Display: Audio Device (ID: 1) registered with world 'Untitled'.
[2026.09.20-01.24.10:045][682]LoadErrors: New page: Mapa nuevo
[2026.09.20-01.25.42:909][507]LogSlate: Took 0.000218 seconds to synchronously load lazily loaded font '../../../Engine/Content/Slate/Fonts/Roboto-Light.ttf' (167K)
[2026.09.20-01.25.42:926][507]LogFactory: FactoryCreateFile: Texture with ReimportTextureFactory (0 0 C:\Users\larse\Downloads\Platformer assets pack\Platformer assets pack/16x16 decorations/16 x16 decorations.png)
[2026.09.20-01.25.42:929][507]LogTexture: Display: Building textures: 16_x16_decorations (OODLE_AutoDXT, 64X80)
[2026.09.20-01.25.42:935][507]LogFactory: FactoryCreateFile: Texture with ReimportTextureFactory (0 0 C:\Users\larse\Downloads\Platformer assets pack\Platformer assets pack/Background/Background.png)
[2026.09.20-01.25.42:936][507]LogTexture: Display: Building textures: Background (OODLE_AutoDXT, 160X480)
[2026.09.20-01.25.42:950][507]LogFactory: FactoryCreateFile: Texture with ReimportTextureFactory (0 0 C:\Users\larse\Downloads\Platformer assets pack\Platformer assets pack/Player/Player_climb.png)
[2026.09.20-01.25.42:951][507]LogTexture: Display: Building textures: Player_climb (OODLE_AutoDXT, 32X80)
[2026.09.20-01.25.42:952][507]LogFactory: FactoryCreateFile: Texture with ReimportTextureFactory (0 0 C:\Users\larse\Downloads\Platformer assets pack\Platformer assets pack/Player/Player_Idle.png)
[2026.09.20-01.25.42:953][507]LogTexture: Display: Building textures: Player_Idle (OODLE_AutoDXT, 32X160)
[2026.09.20-01.25.42:954][507]LogFactory: FactoryCreateFile: Texture with ReimportTextureFactory (0 0 C:\Users\larse\Downloads\Platformer assets pack\Platformer assets pack/Player/Player_jump.png)
[2026.09.20-01.25.42:955][507]LogTexture: Display: Building textures: Player_jump (BGRA8, 30X40)
[2026.09.20-01.25.42:956][507]LogFactory: FactoryCreateFile: Texture with ReimportTextureFactory (0 0 C:\Users\larse\Downloads\Platformer assets pack\Platformer assets pack/Player/Player_NoAnimation.png)
[2026.09.20-01.25.42:956][507]LogTexture: Display: Building textures: Player_NoAnimation (BGRA8, 15X40)
[2026.09.20-01.25.42:957][507]LogFactory: FactoryCreateFile: Texture with ReimportTextureFactory (0 0 C:\Users\larse\Downloads\Platformer assets pack\Platformer assets pack/Player/Player_run.png)
[2026.09.20-01.25.42:957][507]LogTexture: Display: Building textures: Player_run (BGRA8, 30X320)
[2026.09.20-01.25.42:958][507]LogFactory: FactoryCreateFile: Texture with ReimportTextureFactory (0 0 C:\Users\larse\Downloads\Platformer assets pack\Platformer assets pack/Player/Player_walk.png)
[2026.09.20-01.25.42:959][507]LogTexture: Display: Building textures: Player_walk (BGRA8, 30X360)
[2026.09.20-01.25.42:960][507]LogFactory: FactoryCreateFile: Texture with ReimportTextureFactory (0 0 C:\Users\larse\Downloads\Platformer assets pack\Platformer assets pack/Tileset/Tileset.png)
[2026.09.20-01.25.42:965][507]LogTexture: Display: Building textures: Tileset (OODLE_AutoDXT, 960X320)
[2026.09.20-01.25.43:907][510]LogEditorViewport: Clicking Background
[2026.09.20-01.26.35:685][105]LogFactory: FactoryCreateFile: Texture with ReimportTextureFactory (0 0 C:\Users\larse\Downloads\Seasons pack\Miscellaneous/Clouds/Cloud_1.png)
[2026.09.20-01.26.35:686][105]LogTexture: Display: Building textures: Cloud_1 (OODLE_AutoDXT, 24X8)
[2026.09.20-01.26.35:687][105]LogFactory: FactoryCreateFile: Texture with ReimportTextureFactory (0 0 C:\Users\larse\Downloads\Seasons pack\Miscellaneous/Clouds/Cloud_2.png)
[2026.09.20-01.26.35:687][105]LogTexture: Display: Building textures: Cloud_2 (OODLE_AutoDXT, 24X8)
[2026.09.20-01.26.35:688][105]LogFactory: FactoryCreateFile: Texture with ReimportTextureFactory (0 0 C:\Users\larse\Downloads\Seasons pack\Miscellaneous/Clouds/Cloud_3.png)
[2026.09.20-01.26.35:689][105]LogTexture: Display: Building textures: Cloud_3 (OODLE_AutoDXT, 16X8)
[2026.09.20-01.26.35:690][105]LogFactory: FactoryCreateFile: Texture with ReimportTextureFactory (0 0 C:\Users\larse\Downloads\Seasons pack\Miscellaneous/Clouds/Cloud_4.png)
[2026.09.20-01.26.35:691][105]LogTexture: Display: Building textures: Cloud_4 (OODLE_AutoDXT, 8X8)
[2026.09.20-01.26.35:692][105]LogFactory: FactoryCreateFile: Texture with ReimportTextureFactory (0 0 C:\Users\larse\Downloads\Seasons pack\Miscellaneous/Miscellaneous.png)
[2026.09.20-01.26.35:692][105]LogTexture: Display: Building textures: Miscellaneous (OODLE_AutoDXT, 32X32)
[2026.09.20-01.26.35:694][105]LogFactory: FactoryCreateFile: Texture with ReimportTextureFactory (0 0 C:\Users\larse\Downloads\Seasons pack\Palette/BubbleGum16.png)
[2026.09.20-01.26.35:695][105]LogTexture: Display: Building textures: BubbleGum16 (BGRA8, 16X1)
[2026.09.20-01.26.35:696][105]LogFactory: FactoryCreateFile: Texture with ReimportTextureFactory (0 0 C:\Users\larse\Downloads\Seasons pack\Player/Player_Jump.png)
[2026.09.20-01.26.35:697][105]LogTexture: Display: Building textures: Player_Jump (OODLE_AutoDXT, 8X8)
[2026.09.20-01.26.35:700][105]LogFactory: FactoryCreateFile: Texture with ReimportTextureFactory (0 0 C:\Users\larse\Downloads\Seasons pack\Player/Player_Walk.png)
[2026.09.20-01.26.35:701][105]LogTexture: Display: Building textures: Player_Walk (BGRA8, 8X54)
[2026.09.20-01.26.35:702][105]LogFactory: FactoryCreateFile: Texture with ReimportTextureFactory (0 0 C:\Users\larse\Downloads\Seasons pack\Summer - spring/Decorations/Decorations_Summer.png)
[2026.09.20-01.26.35:702][105]LogTexture: Display: Building textures: Decorations_Summer (OODLE_AutoDXT, 40X24)
[2026.09.20-01.26.35:703][105]LogFactory: FactoryCreateFile: Texture with ReimportTextureFactory (0 0 C:\Users\larse\Downloads\Seasons pack\Summer - spring/Ground/Ground_Summer.png)
[2026.09.20-01.26.35:704][105]LogTexture: Display: Building textures: Ground_Summer (OODLE_AutoDXT, 56X40)
[2026.09.20-01.26.35:705][105]LogFactory: FactoryCreateFile: Texture with ReimportTextureFactory (0 0 C:\Users\larse\Downloads\Seasons pack\Summer - spring/Trees/Trees_Summer.png)
[2026.09.20-01.26.35:706][105]LogTexture: Display: Building textures: Trees_Summer (OODLE_AutoDXT, 48X40)
[2026.09.20-01.26.35:706][105]LogFactory: FactoryCreateFile: Texture with ReimportTextureFactory (0 0 C:\Users\larse\Downloads\Seasons pack\Winter/Decorations/Decorations_Winter.png)
[2026.09.20-01.26.35:707][105]LogTexture: Display: Building textures: Decorations_Winter (OODLE_AutoDXT, 32X40)
[2026.09.20-01.26.35:708][105]LogFactory: FactoryCreateFile: Texture with ReimportTextureFactory (0 0 C:\Users\larse\Downloads\Seasons pack\Winter/Ground/Ground_Winter.png)
[2026.09.20-01.26.35:708][105]LogTexture: Display: Building textures: Ground_Winter (OODLE_AutoDXT, 56X40)
[2026.09.20-01.26.35:710][105]LogFactory: FactoryCreateFile: Texture with ReimportTextureFactory (0 0 C:\Users\larse\Downloads\Seasons pack\Winter/Trees/Trees_Winter.png)
[2026.09.20-01.26.35:710][105]LogTexture: Display: Building textures: Trees_Winter (OODLE_AutoDXT, 32X40)
[2026.09.20-01.26.35:711][105]LogFactory: FactoryCreateFile: Texture with ReimportTextureFactory (0 0 C:\Users\larse\Downloads\Seasons pack\Autumn/Decorations/Decorations_Autumn.png)
[2026.09.20-01.26.35:712][105]LogTexture: Display: Building textures: Decorations_Autumn (OODLE_AutoDXT, 32X24)
[2026.09.20-01.26.35:713][105]LogFactory: FactoryCreateFile: Texture with ReimportTextureFactory (0 0 C:\Users\larse\Downloads\Seasons pack\Autumn/Ground/Ground_Autumn.png)
[2026.09.20-01.26.35:713][105]LogTexture: Display: Building textures: Ground_Autumn (OODLE_AutoDXT, 56X40)
[2026.09.20-01.26.35:714][105]LogFactory: FactoryCreateFile: Texture with ReimportTextureFactory (0 0 C:\Users\larse\Downloads\Seasons pack\Autumn/Trees/Trees_Autumn.png)
[2026.09.20-01.26.35:715][105]LogTexture: Display: Building textures: Trees_Autumn (OODLE_AutoDXT, 32X32)
[2026.09.20-01.27.46:475][109]LogTexture: Display: Building textures: Tileset (BGRA8, 960X320)
[2026.09.20-01.27.46:479][109]LogTexture: Display: Building textures: 16_x16_decorations (BGRA8, 64X80)
[2026.09.20-01.27.46:480][109]LogTexture: Display: Building textures: Background (BGRA8, 160X480)
[2026.09.20-01.27.46:482][109]LogTexture: Display: Building textures: Player_climb (BGRA8, 32X80)
[2026.09.20-01.27.46:482][109]LogTexture: Display: Building textures: Player_Idle (BGRA8, 32X160)
[2026.09.20-01.28.14:410][746]LogTexture: Display: Building textures: Trees_Autumn (BGRA8, 32X32)
[2026.09.20-01.30.35:636][252]Cmd: TRANSACTION UNDO
[2026.09.20-01.30.35:637][252]LogEditorTransaction: Undo Move Actors
[2026.09.20-01.30.38:305][407]Cmd: EDIT COPY
[2026.09.20-01.30.39:405][473]Cmd: EDIT PASTE
[2026.09.20-01.31.07:213][138]LogEditorViewport: Clicking Background
[2026.09.20-01.31.09:330][265]LogEditorViewport: Clicking on Actor (LMB): PaperSpriteActor (Background_Sprite2)
[2026.09.20-01.31.11:024][366]Cmd: EDIT PASTE
[2026.09.20-01.31.13:829][534]Cmd: TRANSACTION UNDO
[2026.09.20-01.31.13:829][534]LogEditorTransaction: Undo Pegar
[2026.09.20-01.31.15:377][619]Cmd: EDIT COPY
[2026.09.20-01.31.15:811][645]Cmd: EDIT PASTE
[2026.09.20-01.31.24:703][178]LogEditorViewport: Clicking Background
[2026.09.20-01.31.28:976][432]Cmd: EDIT COPY
[2026.09.20-01.31.29:876][486]Cmd: EDIT PASTE
[2026.09.20-01.31.39:936][ 89]LogEditorViewport: Clicking Background
[2026.09.20-01.31.56:932][104]Cmd: EDIT COPY
[2026.09.20-01.31.59:400][252]Cmd: EDIT PASTE
[2026.09.20-01.32.14:551][160]LogEditorViewport: Clicking Background
[2026.09.20-01.34.07:438][781]LogUObjectHash: Compacting FUObjectHashTables data took   0.59ms
[2026.09.20-01.34.07:449][781]LogSavePackage: Moving '../../../../../../Users/larse/OneDrive/Documentos/Unreal Projects/Terraformer/Saved/Untitled_2_Auto177E471E14BE0488A0B55D6A9027AD943.tmp' to '../../../../../../Users/larse/OneDrive/Documentos/Unreal Projects/Terraformer/Saved/Autosaves/Temp/Untitled_2_Auto1.umap'
[2026.09.20-01.34.07:453][781]LogFileHelpers: Editor autosave (incl. external actors) for '/Temp/Untitled_2' took 0.020
[2026.09.20-01.34.07:453][781]LogFileHelpers: Editor autosave (incl. sublevels & external actors) for all levels took 0.020
[2026.09.20-01.34.07:454][781]OBJ SavePackage: Generating thumbnails for [1] asset(s) in package [/Game/Platformer_assets_pack/16x16_decorations/16_x16_decorations] ([1] browsable assets)...
[2026.09.20-01.34.07:458][781]OBJ SavePackage:     Rendered thumbnail for [Texture2D /Game/Platformer_assets_pack/16x16_decorations/16_x16_decorations.16_x16_decorations]
[2026.09.20-01.34.07:458][781]OBJ SavePackage: Finished generating thumbnails for package [/Game/Platformer_assets_pack/16x16_decorations/16_x16_decorations]
[2026.09.20-01.34.07:460][781]LogSavePackage: Moving '../../../../../../Users/larse/OneDrive/Documentos/Unreal Projects/Terraformer/Saved/16_x16_decorations_Auto1EEFC490B4CD266D5D9E734B693B42A82.tmp' to '../../../../../../Users/larse/OneDrive/Documentos/Unreal Projects/Terraformer/Saved/Autosaves/Game/Platformer_assets_pack/16x16_decorations/16_x16_decorations_Auto1.uasset'
[2026.09.20-01.34.07:460][781]OBJ SavePackage: Generating thumbnails for [1] asset(s) in package [/Game/Platformer_assets_pack/Background/Background] ([1] browsable assets)...
[2026.09.20-01.34.07:462][781]OBJ SavePackage:     Rendered thumbnail for [Texture2D /Game/Platformer_assets_pack/Background/Background.Background]
[2026.09.20-01.34.07:462][781]OBJ SavePackage: Finished generating thumbnails for package [/Game/Platformer_assets_pack/Background/Background]
[2026.09.20-01.34.07:464][781]LogSavePackage: Moving '../../../../../../Users/larse/OneDrive/Documentos/Unreal Projects/Terraformer/Saved/Background_Auto1CACAC92C461E6794D142929B08A71989.tmp' to '../../../../../../Users/larse/OneDrive/Documentos/Unreal Projects/Terraformer/Saved/Autosaves/Game/Platformer_assets_pack/Background/Background_Auto1.uasset'
[2026.09.20-01.34.07:465][781]OBJ SavePackage: Generating thumbnails for [1] asset(s) in package [/Game/Platformer_assets_pack/Player/Player_climb] ([1] browsable assets)...
[2026.09.20-01.34.07:467][781]OBJ SavePackage:     Rendered thumbnail for [Texture2D /Game/Platformer_assets_pack/Player/Player_climb.Player_climb]
[2026.09.20-01.34.07:467][781]OBJ SavePackage: Finished generating thumbnails for package [/Game/Platformer_assets_pack/Player/Player_climb]
[2026.09.20-01.34.07:468][781]LogSavePackage: Moving '../../../../../../Users/larse/OneDrive/Documentos/Unreal Projects/Terraformer/Saved/Player_climb_Auto175AD270C486B3A080B86B09C7637958D.tmp' to '../../../../../../Users/larse/OneDrive/Documentos/Unreal Projects/Terraformer/Saved/Autosaves/Game/Platformer_assets_pack/Player/Player_climb_Auto1.uasset'
[2026.09.20-01.34.07:469][781]OBJ SavePackage: Generating thumbnails for [1] asset(s) in package [/Game/Platformer_assets_pack/Player/Player_Idle] ([1] browsable assets)...
[2026.09.20-01.34.07:470][781]OBJ SavePackage:     Rendered thumbnail for [Texture2D /Game/Platformer_assets_pack/Player/Player_Idle.Player_Idle]
[2026.09.20-01.34.07:470][781]OBJ SavePackage: Finished generating thumbnails for package [/Game/Platformer_assets_pack/Player/Player_Idle]
[2026.09.20-01.34.07:472][781]LogSavePackage: Moving '../../../../../../Users/larse/OneDrive/Documentos/Unreal Projects/Terraformer/Saved/Player_Idle_Auto190A2A559426A5DF99B028BBB99DA5B48.tmp' to '../../../../../../Users/larse/OneDrive/Documentos/Unreal Projects/Terraformer/Saved/Autosaves/Game/Platformer_assets_pack/Player/Player_Idle_Auto1.uasset'
[2026.09.20-01.34.07:472][781]OBJ SavePackage: Generating thumbnails for [1] asset(s) in package [/Game/Platformer_assets_pack/Player/Player_jump] ([1] browsable assets)...
[2026.09.20-01.34.07:473][781]OBJ SavePackage:     Rendered thumbnail for [Texture2D /Game/Platformer_assets_pack/Player/Player_jump.Player_jump]
[2026.09.20-01.34.07:473][781]OBJ SavePackage: Finished generating thumbnails for package [/Game/Platformer_assets_pack/Player/Player_jump]
[2026.09.20-01.34.07:475][781]LogSavePackage: Moving '../../../../../../Users/larse/OneDrive/Documentos/Unreal Projects/Terraformer/Saved/Player_jump_Auto1DF941D834592B196FF5E838A15CC2840.tmp' to '../../../../../../Users/larse/OneDrive/Documentos/Unreal Projects/Terraformer/Saved/Autosaves/Game/Platformer_assets_pack/Player/Player_jump_Auto1.uasset'
[2026.09.20-01.34.07:476][781]OBJ SavePackage: Generating thumbnails for [1] asset(s) in package [/Game/Platformer_assets_pack/Player/Player_NoAnimation] ([1] browsable assets)...
[2026.09.20-01.34.07:477][781]OBJ SavePackage:     Rendered thumbnail for [Texture2D /Game/Platformer_assets_pack/Player/Player_NoAnimation.Player_NoAnimation]
[2026.09.20-01.34.07:477][781]OBJ SavePackage: Finished generating thumbnails for package [/Game/Platformer_assets_pack/Player/Player_NoAnimation]
[2026.09.20-01.34.07:478][781]LogSavePackage: Moving '../../../../../../Users/larse/OneDrive/Documentos/Unreal Projects/Terraformer/Saved/Player_NoAnimation_Auto1E32D9D3246B8AA6F673F9DB016D046DF.tmp' to '../../../../../../Users/larse/OneDrive/Documentos/Unreal Projects/Terraformer/Saved/Autosaves/Game/Platformer_assets_pack/Player/Player_NoAnimation_Auto1.uasset'
[2026.09.20-01.34.07:479][781]OBJ SavePackage: Generating thumbnails for [1] asset(s) in package [/Game/Platformer_assets_pack/Player/Player_run] ([1] browsable assets)...
[2026.09.20-01.34.07:480][781]OBJ SavePackage:     Rendered thumbnail for [Texture2D /Game/Platformer_assets_pack/Player/Player_run.Player_run]
[2026.09.20-01.34.07:480][781]OBJ SavePackage: Finished generating thumbnails for package [/Game/Platformer_assets_pack/Player/Player_run]
[2026.09.20-01.34.07:482][781]LogSavePackage: Moving '../../../../../../Users/larse/OneDrive/Documentos/Unreal Projects/Terraformer/Saved/Player_run_Auto10FC7B23A45D324C955F1998BE972EE39.tmp' to '../../../../../../Users/larse/OneDrive/Documentos/Unreal Projects/Terraformer/Saved/Autosaves/Game/Platformer_assets_pack/Player/Player_run_Auto1.uasset'
[2026.09.20-01.34.07:482][781]OBJ SavePackage: Generating thumbnails for [1] asset(s) in package [/Game/Platformer_assets_pack/Player/Player_walk] ([1] browsable assets)...
[2026.09.20-01.34.07:484][781]OBJ SavePackage:     Rendered thumbnail for [Texture2D /Game/Platformer_assets_pack/Player/Player_walk.Player_walk]
[2026.09.20-01.34.07:484][781]OBJ SavePackage: Finished generating thumbnails for package [/Game/Platformer_assets_pack/Player/Player_walk]
[2026.09.20-01.34.07:486][781]LogSavePackage: Moving '../../../../../../Users/larse/OneDrive/Documentos/Unreal Projects/Terraformer/Saved/Player_walk_Auto188D7701E443DDF3C7B9458B309D5E330.tmp' to '../../../../../../Users/larse/OneDrive/Documentos/Unreal Projects/Terraformer/Saved/Autosaves/Game/Platformer_assets_pack/Player/Player_walk_Auto1.uasset'
[2026.09.20-01.34.07:487][781]OBJ SavePackage: Generating thumbnails for [1] asset(s) in package [/Game/Platformer_assets_pack/Tileset/Tileset] ([1] browsable assets)...
[2026.09.20-01.34.07:489][781]OBJ SavePackage:     Rendered thumbnail for [Texture2D /Game/Platformer_assets_pack/Tileset/Tileset.Tileset]
[2026.09.20-01.34.07:489][781]OBJ SavePackage: Finished generating thumbnails for package [/Game/Platformer_assets_pack/Tileset/Tileset]
[2026.09.20-01.34.07:491][781]LogSavePackage: Moving '../../../../../../Users/larse/OneDrive/Documentos/Unreal Projects/Terraformer/Saved/Tileset_Auto1055952104BE87627F42064839ABA5866.tmp' to '../../../../../../Users/larse/OneDrive/Documentos/Unreal Projects/Terraformer/Saved/Autosaves/Game/Platformer_assets_pack/Tileset/Tileset_Auto1.uasset'
[2026.09.20-01.34.07:492][781]OBJ SavePackage: Generating thumbnails for [1] asset(s) in package [/Game/Platformer_assets_pack/16x16_decorations/Miscellaneous/Clouds/Cloud_1] ([1] browsable assets)...
[2026.09.20-01.34.07:493][781]OBJ SavePackage:     Rendered thumbnail for [Texture2D /Game/Platformer_assets_pack/16x16_decorations/Miscellaneous/Clouds/Cloud_1.Cloud_1]
[2026.09.20-01.34.07:493][781]OBJ SavePackage: Finished generating thumbnails for package [/Game/Platformer_assets_pack/16x16_decorations/Miscellaneous/Clouds/Cloud_1]
[2026.09.20-01.34.07:494][781]LogSavePackage: Moving '../../../../../../Users/larse/OneDrive/Documentos/Unreal Projects/Terraformer/Saved/Cloud_1_Auto1C2A09FBC4CCC80152F9028A80094C0FA.tmp' to '../../../../../../Users/larse/OneDrive/Documentos/Unreal Projects/Terraformer/Saved/Autosaves/Game/Platformer_assets_pack/16x16_decorations/Miscellaneous/Clouds/Cloud_1_Auto1.uasset'
[2026.09.20-01.34.07:495][781]OBJ SavePackage: Generating thumbnails for [1] asset(s) in package [/Game/Platformer_assets_pack/16x16_decorations/Miscellaneous/Clouds/Cloud_2] ([1] browsable assets)...
[2026.09.20-01.34.07:496][781]OBJ SavePackage:     Rendered thumbnail for [Texture2D /Game/Platformer_assets_pack/16x16_decorations/Miscellaneous/Clouds/Cloud_2.Cloud_2]
[2026.09.20-01.34.07:496][781]OBJ SavePackage: Finished generating thumbnails for package [/Game/Platformer_assets_pack/16x16_decorations/Miscellaneous/Clouds/Cloud_2]
[2026.09.20-01.34.07:498][781]LogSavePackage: Moving '../../../../../../Users/larse/OneDrive/Documentos/Unreal Projects/Terraformer/Saved/Cloud_2_Auto19F0C0DC54330DC8A2D09A8BF46A42654.tmp' to '../../../../../../Users/larse/OneDrive/Documentos/Unreal Projects/Terraformer/Saved/Autosaves/Game/Platformer_assets_pack/16x16_decorations/Miscellaneous/Clouds/Cloud_2_Auto1.uasset'
[2026.09.20-01.34.07:499][781]OBJ SavePackage: Generating thumbnails for [1] asset(s) in package [/Game/Platformer_assets_pack/16x16_decorations/Miscellaneous/Clouds/Cloud_3] ([1] browsable assets)...
[2026.09.20-01.34.07:500][781]OBJ SavePackage:     Rendered thumbnail for [Texture2D /Game/Platformer_assets_pack/16x16_decorations/Miscellaneous/Clouds/Cloud_3.Cloud_3]
[2026.09.20-01.34.07:500][781]OBJ SavePackage: Finished generating thumbnails for package [/Game/Platformer_assets_pack/16x16_decorations/Miscellaneous/Clouds/Cloud_3]
[2026.09.20-01.34.07:500][781]LogSavePackage: Moving '../../../../../../Users/larse/OneDrive/Documentos/Unreal Projects/Terraformer/Saved/Cloud_3_Auto1D5E6BA3947E6C748F9D7D1A64D9EACCB.tmp' to '../../../../../../Users/larse/OneDrive/Documentos/Unreal Projects/Terraformer/Saved/Autosaves/Game/Platformer_assets_pack/16x16_decorations/Miscellaneous/Clouds/Cloud_3_Auto1.uasset'
[2026.09.20-01.34.07:502][781]OBJ SavePackage: Generating thumbnails for [1] asset(s) in package [/Game/Platformer_assets_pack/16x16_decorations/Miscellaneous/Clouds/Cloud_4] ([1] browsable assets)...
[2026.09.20-01.34.07:503][781]OBJ SavePackage:     Rendered thumbnail for [Texture2D /Game/Platformer_assets_pack/16x16_decorations/Miscellaneous/Clouds/Cloud_4.Cloud_4]
[2026.09.20-01.34.07:503][781]OBJ SavePackage: Finished generating thumbnails for package [/Game/Platformer_assets_pack/16x16_decorations/Miscellaneous/Clouds/Cloud_4]
[2026.09.20-01.34.07:504][781]LogSavePackage: Moving '../../../../../../Users/larse/OneDrive/Documentos/Unreal Projects/Terraformer/Saved/Cloud_4_Auto17A90B04C49822E09221403956DF1D792.tmp' to '../../../../../../Users/larse/OneDrive/Documentos/Unreal Projects/Terraformer/Saved/Autosaves/Game/Platformer_assets_pack/16x16_decorations/Miscellaneous/Clouds/Cloud_4_Auto1.uasset'
[2026.09.20-01.34.07:505][781]OBJ SavePackage: Generating thumbnails for [1] asset(s) in package [/Game/Platformer_assets_pack/16x16_decorations/Miscellaneous/Miscellaneous] ([1] browsable assets)...
[2026.09.20-01.34.07:506][781]OBJ SavePackage:     Rendered thumbnail for [Texture2D /Game/Platformer_assets_pack/16x16_decorations/Miscellaneous/Miscellaneous.Miscellaneous]
[2026.09.20-01.34.07:506][781]OBJ SavePackage: Finished generating thumbnails for package [/Game/Platformer_assets_pack/16x16_decorations/Miscellaneous/Miscellaneous]
[2026.09.20-01.34.07:508][781]LogSavePackage: Moving '../../../../../../Users/larse/OneDrive/Documentos/Unreal Projects/Terraformer/Saved/Miscellaneous_Auto1291B5BBC4C4A4FDAF9A6C38CAB762D5C.tmp' to '../../../../../../Users/larse/OneDrive/Documentos/Unreal Projects/Terraformer/Saved/Autosaves/Game/Platformer_assets_pack/16x16_decorations/Miscellaneous/Miscellaneous_Auto1.uasset'
[2026.09.20-01.34.07:509][781]OBJ SavePackage: Generating thumbnails for [1] asset(s) in package [/Game/Platformer_assets_pack/16x16_decorations/Palette/BubbleGum16] ([1] browsable assets)...
[2026.09.20-01.34.07:510][781]OBJ SavePackage:     Rendered thumbnail for [Texture2D /Game/Platformer_assets_pack/16x16_decorations/Palette/BubbleGum16.BubbleGum16]
[2026.09.20-01.34.07:510][781]OBJ SavePackage: Finished generating thumbnails for package [/Game/Platformer_assets_pack/16x16_decorations/Palette/BubbleGum16]
[2026.09.20-01.34.07:511][781]LogSavePackage: Moving '../../../../../../Users/larse/OneDrive/Documentos/Unreal Projects/Terraformer/Saved/BubbleGum16_Auto1C9396D7B4DEBF2DCA61CE9A9F14FA306.tmp' to '../../../../../../Users/larse/OneDrive/Documentos/Unreal Projects/Terraformer/Saved/Autosaves/Game/Platformer_assets_pack/16x16_decorations/Palette/BubbleGum16_Auto1.uasset'
[2026.09.20-01.34.07:512][781]OBJ SavePackage: Generating thumbnails for [1] asset(s) in package [/Game/Platformer_assets_pack/16x16_decorations/Player/Player_Jump] ([1] browsable assets)...
[2026.09.20-01.34.07:513][781]OBJ SavePackage:     Rendered thumbnail for [Texture2D /Game/Platformer_assets_pack/16x16_decorations/Player/Player_Jump.Player_Jump]
[2026.09.20-01.34.07:513][781]OBJ SavePackage: Finished generating thumbnails for package [/Game/Platformer_assets_pack/16x16_decorations/Player/Player_Jump]
[2026.09.20-01.34.07:514][781]LogSavePackage: Moving '../../../../../../Users/larse/OneDrive/Documentos/Unreal Projects/Terraformer/Saved/Player_Jump_Auto121A209B941C77D742C4B2F949BBD5F6A.tmp' to '../../../../../../Users/larse/OneDrive/Documentos/Unreal Projects/Terraformer/Saved/Autosaves/Game/Platformer_assets_pack/16x16_decorations/Player/Player_Jump_Auto1.uasset'
[2026.09.20-01.34.07:515][781]OBJ SavePackage: Generating thumbnails for [1] asset(s) in package [/Game/Platformer_assets_pack/16x16_decorations/Player/Player_Walk] ([1] browsable assets)...
[2026.09.20-01.34.07:517][781]OBJ SavePackage:     Rendered thumbnail for [Texture2D /Game/Platformer_assets_pack/16x16_decorations/Player/Player_Walk.Player_Walk]
[2026.09.20-01.34.07:517][781]OBJ SavePackage: Finished generating thumbnails for package [/Game/Platformer_assets_pack/16x16_decorations/Player/Player_Walk]
[2026.09.20-01.34.07:518][781]LogSavePackage: Moving '../../../../../../Users/larse/OneDrive/Documentos/Unreal Projects/Terraformer/Saved/Player_Walk_Auto1D3C339BF4DB146F48408B0B5887AA915.tmp' to '../../../../../../Users/larse/OneDrive/Documentos/Unreal Projects/Terraformer/Saved/Autosaves/Game/Platformer_assets_pack/16x16_decorations/Player/Player_Walk_Auto1.uasset'
[2026.09.20-01.34.07:520][781]OBJ SavePackage: Generating thumbnails for [1] asset(s) in package [/Game/Platformer_assets_pack/16x16_decorations/Summer_-_spring/Decorations/Decorations_Summer] ([1] browsable assets)...
[2026.09.20-01.34.07:520][781]OBJ SavePackage:     Rendered thumbnail for [Texture2D /Game/Platformer_assets_pack/16x16_decorations/Summer_-_spring/Decorations/Decorations_Summer.Decorations_Summer]
[2026.09.20-01.34.07:520][781]OBJ SavePackage: Finished generating thumbnails for package [/Game/Platformer_assets_pack/16x16_decorations/Summer_-_spring/Decorations/Decorations_Summer]
[2026.09.20-01.34.07:522][781]LogSavePackage: Moving '../../../../../../Users/larse/OneDrive/Documentos/Unreal Projects/Terraformer/Saved/Decorations_Summer_Auto1D0AD88B342EA210F5371E99513EC41CE.tmp' to '../../../../../../Users/larse/OneDrive/Documentos/Unreal Projects/Terraformer/Saved/Autosaves/Game/Platformer_assets_pack/16x16_decorations/Summer_-_spring/Decorations/Decorations_Summer_Auto1.uasset'
[2026.09.20-01.34.07:523][781]OBJ SavePackage: Generating thumbnails for [1] asset(s) in package [/Game/Platformer_assets_pack/16x16_decorations/Summer_-_spring/Ground/Ground_Summer] ([1] browsable assets)...
[2026.09.20-01.34.07:524][781]OBJ SavePackage:     Rendered thumbnail for [Texture2D /Game/Platformer_assets_pack/16x16_decorations/Summer_-_spring/Ground/Ground_Summer.Ground_Summer]
[2026.09.20-01.34.07:524][781]OBJ SavePackage: Finished generating thumbnails for package [/Game/Platformer_assets_pack/16x16_decorations/Summer_-_spring/Ground/Ground_Summer]
[2026.09.20-01.34.07:526][781]LogSavePackage: Moving '../../../../../../Users/larse/OneDrive/Documentos/Unreal Projects/Terraformer/Saved/Ground_Summer_Auto1D0974D7D4D582517EC7920A86173E89F.tmp' to '../../../../../../Users/larse/OneDrive/Documentos/Unreal Projects/Terraformer/Saved/Autosaves/Game/Platformer_assets_pack/16x16_decorations/Summer_-_spring/Ground/Ground_Summer_Auto1.uasset'
[2026.09.20-01.34.07:527][781]OBJ SavePackage: Generating thumbnails for [1] asset(s) in package [/Game/Platformer_assets_pack/16x16_decorations/Summer_-_spring/Trees/Trees_Summer] ([1] browsable assets)...
[2026.09.20-01.34.07:528][781]OBJ SavePackage:     Rendered thumbnail for [Texture2D /Game/Platformer_assets_pack/16x16_decorations/Summer_-_spring/Trees/Trees_Summer.Trees_Summer]
[2026.09.20-01.34.07:528][781]OBJ SavePackage: Finished generating thumbnails for package [/Game/Platformer_assets_pack/16x16_decorations/Summer_-_spring/Trees/Trees_Summer]
[2026.09.20-01.34.07:530][781]LogSavePackage: Moving '../../../../../../Users/larse/OneDrive/Documentos/Unreal Projects/Terraformer/Saved/Trees_Summer_Auto128B2B1C84901D885FD10F394511F8A68.tmp' to '../../../../../../Users/larse/OneDrive/Documentos/Unreal Projects/Terraformer/Saved/Autosaves/Game/Platformer_assets_pack/16x16_decorations/Summer_-_spring/Trees/Trees_Summer_Auto1.uasset'
[2026.09.20-01.34.07:532][781]OBJ SavePackage: Generating thumbnails for [1] asset(s) in package [/Game/Platformer_assets_pack/16x16_decorations/Winter/Decorations/Decorations_Winter] ([1] browsable assets)...
[2026.09.20-01.34.07:533][781]OBJ SavePackage:     Rendered thumbnail for [Texture2D /Game/Platformer_assets_pack/16x16_decorations/Winter/Decorations/Decorations_Winter.Decorations_Winter]
[2026.09.20-01.34.07:533][781]OBJ SavePackage: Finished generating thumbnails for package [/Game/Platformer_assets_pack/16x16_decorations/Winter/Decorations/Decorations_Winter]
[2026.09.20-01.34.07:535][781]LogSavePackage: Moving '../../../../../../Users/larse/OneDrive/Documentos/Unreal Projects/Terraformer/Saved/Decorations_Winter_Auto16B29AB88473E214A892A8CAFF0024648.tmp' to '../../../../../../Users/larse/OneDrive/Documentos/Unreal Projects/Terraformer/Saved/Autosaves/Game/Platformer_assets_pack/16x16_decorations/Winter/Decorations/Decorations_Winter_Auto1.uasset'
[2026.09.20-01.34.07:536][781]OBJ SavePackage: Generating thumbnails for [1] asset(s) in package [/Game/Platformer_assets_pack/16x16_decorations/Winter/Ground/Ground_Winter] ([1] browsable assets)...
[2026.09.20-01.34.07:537][781]OBJ SavePackage:     Rendered thumbnail for [Texture2D /Game/Platformer_assets_pack/16x16_decorations/Winter/Ground/Ground_Winter.Ground_Winter]
[2026.09.20-01.34.07:537][781]OBJ SavePackage: Finished generating thumbnails for package [/Game/Platformer_assets_pack/16x16_decorations/Winter/Ground/Ground_Winter]
[2026.09.20-01.34.07:539][781]LogSavePackage: Moving '../../../../../../Users/larse/OneDrive/Documentos/Unreal Projects/Terraformer/Saved/Ground_Winter_Auto10A4653D441139139531153BFFCA545D9.tmp' to '../../../../../../Users/larse/OneDrive/Documentos/Unreal Projects/Terraformer/Saved/Autosaves/Game/Platformer_assets_pack/16x16_decorations/Winter/Ground/Ground_Winter_Auto1.uasset'
[2026.09.20-01.34.07:540][781]OBJ SavePackage: Generating thumbnails for [1] asset(s) in package [/Game/Platformer_assets_pack/16x16_decorations/Winter/Trees/Trees_Winter] ([1] browsable assets)...
[2026.09.20-01.34.07:540][781]OBJ SavePackage:     Rendered thumbnail for [Texture2D /Game/Platformer_assets_pack/16x16_decorations/Winter/Trees/Trees_Winter.Trees_Winter]
[2026.09.20-01.34.07:540][781]OBJ SavePackage: Finished generating thumbnails for package [/Game/Platformer_assets_pack/16x16_decorations/Winter/Trees/Trees_Winter]
[2026.09.20-01.34.07:542][781]LogSavePackage: Moving '../../../../../../Users/larse/OneDrive/Documentos/Unreal Projects/Terraformer/Saved/Trees_Winter_Auto1A82901964C7488A5B3554BB8D2DB1479.tmp' to '../../../../../../Users/larse/OneDrive/Documentos/Unreal Projects/Terraformer/Saved/Autosaves/Game/Platformer_assets_pack/16x16_decorations/Winter/Trees/Trees_Winter_Auto1.uasset'
[2026.09.20-01.34.07:543][781]OBJ SavePackage: Generating thumbnails for [1] asset(s) in package [/Game/Platformer_assets_pack/16x16_decorations/Autumn/Decorations/Decorations_Autumn] ([1] browsable assets)...
[2026.09.20-01.34.07:544][781]OBJ SavePackage:     Rendered thumbnail for [Texture2D /Game/Platformer_assets_pack/16x16_decorations/Autumn/Decorations/Decorations_Autumn.Decorations_Autumn]
[2026.09.20-01.34.07:544][781]OBJ SavePackage: Finished generating thumbnails for package [/Game/Platformer_assets_pack/16x16_decorations/Autumn/Decorations/Decorations_Autumn]
[2026.09.20-01.34.07:545][781]LogSavePackage: Moving '../../../../../../Users/larse/OneDrive/Documentos/Unreal Projects/Terraformer/Saved/Decorations_Autumn_Auto129B5782A448A1F233C92E9960694D1A8.tmp' to '../../../../../../Users/larse/OneDrive/Documentos/Unreal Projects/Terraformer/Saved/Autosaves/Game/Platformer_assets_pack/16x16_decorations/Autumn/Decorations/Decorations_Autumn_Auto1.uasset'
[2026.09.20-01.34.07:546][781]OBJ SavePackage: Generating thumbnails for [1] asset(s) in package [/Game/Platformer_assets_pack/16x16_decorations/Autumn/Ground/Ground_Autumn] ([1] browsable assets)...
[2026.09.20-01.34.07:548][781]OBJ SavePackage:     Rendered thumbnail for [Texture2D /Game/Platformer_assets_pack/16x16_decorations/Autumn/Ground/Ground_Autumn.Ground_Autumn]
[2026.09.20-01.34.07:548][781]OBJ SavePackage: Finished generating thumbnails for package [/Game/Platformer_assets_pack/16x16_decorations/Autumn/Ground/Ground_Autumn]
[2026.09.20-01.34.07:549][781]LogSavePackage: Moving '../../../../../../Users/larse/OneDrive/Documentos/Unreal Projects/Terraformer/Saved/Ground_Autumn_Auto189C1CE5145347919C69ED3AFAACDB33B.tmp' to '../../../../../../Users/larse/OneDrive/Documentos/Unreal Projects/Terraformer/Saved/Autosaves/Game/Platformer_assets_pack/16x16_decorations/Autumn/Ground/Ground_Autumn_Auto1.uasset'
[2026.09.20-01.34.07:551][781]OBJ SavePackage: Generating thumbnails for [1] asset(s) in package [/Game/Platformer_assets_pack/16x16_decorations/Autumn/Trees/Trees_Autumn] ([1] browsable assets)...
[2026.09.20-01.34.07:553][781]OBJ SavePackage:     Rendered thumbnail for [Texture2D /Game/Platformer_assets_pack/16x16_decorations/Autumn/Trees/Trees_Autumn.Trees_Autumn]
[2026.09.20-01.34.07:553][781]OBJ SavePackage: Finished generating thumbnails for package [/Game/Platformer_assets_pack/16x16_decorations/Autumn/Trees/Trees_Autumn]
[2026.09.20-01.34.07:554][781]LogSavePackage: Moving '../../../../../../Users/larse/OneDrive/Documentos/Unreal Projects/Terraformer/Saved/Trees_Autumn_Auto1A78D84484890095EDE751E8D8DD1D46A.tmp' to '../../../../../../Users/larse/OneDrive/Documentos/Unreal Projects/Terraformer/Saved/Autosaves/Game/Platformer_assets_pack/16x16_decorations/Autumn/Trees/Trees_Autumn_Auto1.uasset'
[2026.09.20-01.34.07:555][781]LogFileHelpers: Auto-saving content packages took 0.102
[2026.09.20-01.49.31:062][836]LogSlate: Took 0.000559 seconds to synchronously load lazily loaded font '../../../Engine/Content/Slate/Fonts/Roboto-Light.ttf' (167K)
[2026.09.20-01.49.36:205][836]LogSlate: Window 'Guardar nivel como' being destroyed
[2026.09.20-01.49.36:249][836]Cmd: OBJ SAVEPACKAGE PACKAGE="/Game/Mapa01" FILE="../../../../../../Users/larse/OneDrive/Documentos/Unreal Projects/Terraformer/Content/Mapa01.umap" SILENT=true AUTOSAVING=false KEEPDIRTY=false
[2026.09.20-01.49.36:255][836]LogUObjectHash: Compacting FUObjectHashTables data took   0.65ms
[2026.09.20-01.49.36:261][836]LogSavePackage: Moving '../../../../../../Users/larse/OneDrive/Documentos/Unreal Projects/Terraformer/Saved/Mapa01D641867D4E47C0288B0D19AD004936C9.tmp' to '../../../../../../Users/larse/OneDrive/Documentos/Unreal Projects/Terraformer/Content/Mapa01.umap'
[2026.09.20-01.49.36:278][836]LogFileHelpers: Saving map 'Mapa01' took 0.059
[2026.09.20-01.49.36:283][836]AssetCheck: New page: Asset Save: Mapa01
[2026.09.20-01.49.36:283][836]LogContentValidation: Display: Validating World /Game/Mapa01.Mapa01
[2026.09.20-03.26.10:190][829]LogAssetEditorSubsystem: Opening Asset editor for PaperTileSet /Game/Platformer_assets_pack/Tileset/Tileset_TileSet.Tileset_TileSet
[2026.09.20-03.26.10:400][829]LogSlate: Took 0.001322 seconds to synchronously load lazily loaded font '../../../Engine/Content/Slate/Fonts/Roboto-BoldCondensed.ttf' (158K)
[2026.09.20-03.26.10:490][830]LogRenderer: Reallocating scene render targets to support 1008x540 Format 10 NumSamples 1 (Frame:1).
[2026.09.20-03.28.38:483][961]LogSavePackage: Moving '../../../../../../Users/larse/OneDrive/Documentos/Unreal Projects/Terraformer/Saved/Tileset_TileSet26E85006423F826D52A193B20C64C97B.tmp' to '../../../../../../Users/larse/OneDrive/Documentos/Unreal Projects/Terraformer/Content/Platformer_assets_pack/Tileset/Tileset_TileSet.uasset'
[2026.09.20-03.28.38:502][961]AssetCheck: New page: Asset Save: Tileset_TileSet
[2026.09.20-03.28.38:503][961]LogContentValidation: Display: Validating PaperTileSet /Game/Platformer_assets_pack/Tileset/Tileset_TileSet.Tileset_TileSet
[2026.09.20-03.28.50:815][204]LogSlate: Window 'Tileset_TileSet' being destroyed
[2026.09.20-03.28.50:825][204]LogSlate: Window 'Tileset_TileSet' being destroyed
[2026.09.20-03.28.50:844][204]LogWorld: UWorld::CleanupWorld for World_1, bSessionEnded=true, bCleanupResources=true
[2026.09.20-03.28.50:846][204]LogSlate: InvalidateAllWidgets triggered.  All widgets were invalidated
[2026.09.20-03.28.52:788][314]LogContentBrowser: Deferred new asset file creation: Tileset_TileMap
[2026.09.20-03.28.52:795][314]LogContentBrowser: Creating deferred item: Tileset_TileMap
[2026.09.20-03.29.03:396][470]LogContentBrowser: Attempting asset rename: Tileset_TileMap -> Tileset_TileMap
[2026.09.20-03.29.03:401][470]LogContentBrowser: End creating deferred item Tileset_TileMap
[2026.09.20-03.29.16:697][242]LogContentBrowser: Attempting asset rename: Tileset_TileMap -> Tilemap_mundo1
[2026.09.20-03.29.16:765][242]LogSavePackage: Moving '../../../../../../Users/larse/OneDrive/Documentos/Unreal Projects/Terraformer/Saved/Tilemap_mundo1E3BEE7B54DDF8E4C279D97A6B9AA4BF4.tmp' to '../../../../../../Users/larse/OneDrive/Documentos/Unreal Projects/Terraformer/Content/Platformer_assets_pack/Tileset/Tilemap_mundo1.uasset'
[2026.09.20-03.29.16:849][242]LogUObjectHash: Compacting FUObjectHashTables data took   2.58ms
[2026.09.20-03.29.16:868][242]LogUObjectHash: Compacting FUObjectHashTables data took   0.49ms
[2026.09.20-03.29.16:872][242]LogUObjectHash: Compacting FUObjectHashTables data took   0.18ms
[2026.09.20-03.29.16:914][242]AssetCheck: New page: Asset Save: Tilemap_mundo1
[2026.09.20-03.29.16:914][242]LogContentValidation: Display: Validating PaperTileMap /Game/Platformer_assets_pack/Tileset/Tilemap_mundo1.Tilemap_mundo1
[2026.09.20-03.29.22:713][357]LogAssetEditorSubsystem: Opening Asset editor for PaperTileMap /Game/Platformer_assets_pack/Tileset/Tilemap_mundo1.Tilemap_mundo1
[2026.09.20-03.29.22:820][357]LogRenderer: Reallocating scene render targets to support 1552x1160 Format 10 NumSamples 1 (Frame:1).
[2026.09.20-03.30.37:471][560]LogUObjectHash: Compacting FUObjectHashTables data took   0.44ms
[2026.09.20-03.30.37:472][560]LogFileHelpers: Editor autosave (incl. external actors) for '/Game/Mapa01' took 0.006
[2026.09.20-03.30.37:473][560]OBJ SavePackage: Generating thumbnails for [0] asset(s) in package [/Game/Platformer_assets_pack/Tileset/Tilemap_mundo1] ([1] browsable assets)...
[2026.09.20-03.30.37:473][560]OBJ SavePackage: Finished generating thumbnails for package [/Game/Platformer_assets_pack/Tileset/Tilemap_mundo1]
[2026.09.20-03.30.37:477][560]LogSavePackage: Moving '../../../../../../Users/larse/OneDrive/Documentos/Unreal Projects/Terraformer/Saved/Tilemap_mundo1_Auto226B4027F4D3DB930A191A897FF4EA8C3.tmp' to '../../../../../../Users/larse/OneDrive/Documentos/Unreal Projects/Terraformer/Saved/Autosaves/Game/Platformer_assets_pack/Tileset/Tilemap_mundo1_Auto2.uasset'
[2026.09.20-03.30.37:478][560]LogFileHelpers: Auto-saving content packages took 0.006
[2026.09.20-03.32.50:301][702]Cmd: TRANSACTION UNDO
[2026.09.20-03.32.50:301][702]LogEditorTransaction: Undo Tile Painting
[2026.09.20-03.32.50:722][719]Cmd: TRANSACTION UNDO
[2026.09.20-03.32.50:722][719]LogEditorTransaction: Undo Tile Painting
[2026.09.20-03.40.37:874][ 48]LogUObjectHash: Compacting FUObjectHashTables data took   0.64ms
[2026.09.20-03.40.37:875][ 48]LogFileHelpers: Editor autosave (incl. external actors) for '/Game/Mapa01' took 0.007
[2026.09.20-03.40.37:876][ 48]OBJ SavePackage: Generating thumbnails for [0] asset(s) in package [/Game/Platformer_assets_pack/Tileset/Tilemap_mundo1] ([1] browsable assets)...
[2026.09.20-03.40.37:876][ 48]OBJ SavePackage: Finished generating thumbnails for package [/Game/Platformer_assets_pack/Tileset/Tilemap_mundo1]
[2026.09.20-03.40.37:882][ 48]LogSavePackage: Moving '../../../../../../Users/larse/OneDrive/Documentos/Unreal Projects/Terraformer/Saved/Tilemap_mundo1_Auto3B6A4535A4A4C538A07BBC2976896F588.tmp' to '../../../../../../Users/larse/OneDrive/Documentos/Unreal Projects/Terraformer/Saved/Autosaves/Game/Platformer_assets_pack/Tileset/Tilemap_mundo1_Auto3.uasset'
[2026.09.20-03.40.37:882][ 48]LogFileHelpers: Auto-saving content packages took 0.007
[2026.09.20-05.12.23:649][817]LogSavePackage: Moving '../../../../../../Users/larse/OneDrive/Documentos/Unreal Projects/Terraformer/Saved/Tilemap_mundo1DCA08EB0489CDE1423A8B19129D319F6.tmp' to '../../../../../../Users/larse/OneDrive/Documentos/Unreal Projects/Terraformer/Content/Platformer_assets_pack/Tileset/Tilemap_mundo1.uasset'
[2026.09.20-05.12.23:819][817]AssetCheck: New page: Asset Save: Tilemap_mundo1
[2026.09.20-05.12.23:819][817]LogContentValidation: Display: Validating PaperTileMap /Game/Platformer_assets_pack/Tileset/Tilemap_mundo1.Tilemap_mundo1
[2026.09.20-05.13.07:006][373]LogSavePackage: Moving '../../../../../../Users/larse/OneDrive/Documentos/Unreal Projects/Terraformer/Saved/Tilemap_mundo18AAFC64A40FC33B3FDEE1FB9A6EBCED3.tmp' to '../../../../../../Users/larse/OneDrive/Documentos/Unreal Projects/Terraformer/Content/Platformer_assets_pack/Tileset/Tilemap_mundo1.uasset'
[2026.09.20-05.13.07:020][373]AssetCheck: New page: Asset Save: Tilemap_mundo1
[2026.09.20-05.13.07:020][373]LogContentValidation: Display: Validating PaperTileMap /Game/Platformer_assets_pack/Tileset/Tilemap_mundo1.Tilemap_mundo1
[2026.09.20-05.13.50:068][401]LogUObjectHash: Compacting FUObjectHashTables data took   2.32ms
[2026.09.20-05.13.50:079][401]LogSavePackage: Moving '../../../../../../Users/larse/OneDrive/Documentos/Unreal Projects/Terraformer/Saved/Mapa01_Auto4370433A447D7A0156C5E47A549A8094D.tmp' to '../../../../../../Users/larse/OneDrive/Documentos/Unreal Projects/Terraformer/Saved/Autosaves/Game/Mapa01_Auto4.umap'
[2026.09.20-05.13.50:080][401]LogFileHelpers: Editor autosave (incl. external actors) for '/Game/Mapa01' took 0.038
[2026.09.20-05.13.50:081][401]LogFileHelpers: Editor autosave (incl. sublevels & external actors) for all levels took 0.038
[2026.09.20-05.14.35:350][730]LogEditorViewport: Clicking on Actor (LMB): PaperSpriteActor (Background_Sprite3)
[2026.09.20-05.14.53:020][786]LogEditorViewport: Clicking Background
[2026.09.20-07.10.03:954][689]LogSavePackage: Moving '../../../../../../Users/larse/OneDrive/Documentos/Unreal Projects/Terraformer/Saved/Tilemap_mundo144257FF045DA8D7E7F89FDB38F6A526E.tmp' to '../../../../../../Users/larse/OneDrive/Documentos/Unreal Projects/Terraformer/Content/Platformer_assets_pack/Tileset/Tilemap_mundo1.uasset'
[2026.09.20-07.10.03:987][689]AssetCheck: New page: Asset Save: Tilemap_mundo1
[2026.09.20-07.10.03:987][689]LogContentValidation: Display: Validating PaperTileMap /Game/Platformer_assets_pack/Tileset/Tilemap_mundo1.Tilemap_mundo1
[2026.09.20-07.10.05:156][758]LogSlate: Window 'Tilemap_mundo1' being destroyed
[2026.09.20-07.10.05:164][758]LogSlate: Window 'Tilemap_mundo1' being destroyed
[2026.09.20-07.10.05:175][758]LogWorld: UWorld::CleanupWorld for World_2, bSessionEnded=true, bCleanupResources=true
[2026.09.20-07.10.05:177][758]LogSlate: InvalidateAllWidgets triggered.  All widgets were invalidated
[2026.09.20-07.10.05:955][800]Cmd: OBJ SAVEPACKAGE PACKAGE="/Game/Mapa01" FILE="../../../../../../Users/larse/OneDrive/Documentos/Unreal Projects/Terraformer/Content/Mapa01.umap" SILENT=true AUTOSAVING=false KEEPDIRTY=false
[2026.09.20-07.10.05:982][800]LogUObjectHash: Compacting FUObjectHashTables data took   2.53ms
[2026.09.20-07.10.05:991][800]LogSavePackage: Moving '../../../../../../Users/larse/OneDrive/Documentos/Unreal Projects/Terraformer/Saved/Mapa01FD35AB714625110A7A625C927C12CAF8.tmp' to '../../../../../../Users/larse/OneDrive/Documentos/Unreal Projects/Terraformer/Content/Mapa01.umap'
[2026.09.20-07.10.06:008][800]AssetCheck: New page: Asset Save: Mapa01
[2026.09.20-07.10.06:009][800]LogContentValidation: Display: Validating World /Game/Mapa01.Mapa01
[2026.09.20-07.10.06:623][835]Cmd: OBJ SAVEPACKAGE PACKAGE="/Game/Mapa01" FILE="../../../../../../Users/larse/OneDrive/Documentos/Unreal Projects/Terraformer/Content/Mapa01.umap" SILENT=true AUTOSAVING=false KEEPDIRTY=false
[2026.09.20-07.10.06:629][835]LogUObjectHash: Compacting FUObjectHashTables data took   0.45ms
[2026.09.20-07.10.06:633][835]LogSavePackage: Moving '../../../../../../Users/larse/OneDrive/Documentos/Unreal Projects/Terraformer/Saved/Mapa01211BB3C341A1ECBDD2755F9F18044460.tmp' to '../../../../../../Users/larse/OneDrive/Documentos/Unreal Projects/Terraformer/Content/Mapa01.umap'
[2026.09.20-07.10.06:650][835]AssetCheck: New page: Asset Save: Mapa01
[2026.09.20-07.10.06:650][835]LogContentValidation: Display: Validating World /Game/Mapa01.Mapa01
[2026.09.20-07.10.07:768][902]LogUObjectHash: Compacting FUObjectHashTables data took   0.19ms
[2026.09.20-07.10.09:309][902]LogSlate: Window 'Guardar contenido' being destroyed
[2026.09.20-07.10.09:350][902]LogSavePackage: Moving '../../../../../../Users/larse/OneDrive/Documentos/Unreal Projects/Terraformer/Saved/16_x16_decorationsC7111C964B46857C3EECA3B0CA65938C.tmp' to '../../../../../../Users/larse/OneDrive/Documentos/Unreal Projects/Terraformer/Content/Platformer_assets_pack/16x16_decorations/16_x16_decorations.uasset'
[2026.09.20-07.10.09:355][902]LogSavePackage: Moving '../../../../../../Users/larse/OneDrive/Documentos/Unreal Projects/Terraformer/Saved/Background4753763B4FDBEA21164C3B881D1094E3.tmp' to '../../../../../../Users/larse/OneDrive/Documentos/Unreal Projects/Terraformer/Content/Platformer_assets_pack/Background/Background.uasset'
[2026.09.20-07.10.09:367][902]LogSavePackage: Moving '../../../../../../Users/larse/OneDrive/Documentos/Unreal Projects/Terraformer/Saved/Background_Sprite1163907F4F4D76464D41B1B896EB72EF.tmp' to '../../../../../../Users/larse/OneDrive/Documentos/Unreal Projects/Terraformer/Content/Platformer_assets_pack/Background/Background_Sprite.uasset'
[2026.09.20-07.10.09:370][902]LogSavePackage: Moving '../../../../../../Users/larse/OneDrive/Documentos/Unreal Projects/Terraformer/Saved/BubbleGum16F076213441D542DE5595ABBF2209B8C9.tmp' to '../../../../../../Users/larse/OneDrive/Documentos/Unreal Projects/Terraformer/Content/Platformer_assets_pack/16x16_decorations/Palette/BubbleGum16.uasset'
[2026.09.20-07.10.09:372][902]LogSavePackage: Moving '../../../../../../Users/larse/OneDrive/Documentos/Unreal Projects/Terraformer/Saved/Cloud_1E57895AD4223221BD355A0B32A2703AE.tmp' to '../../../../../../Users/larse/OneDrive/Documentos/Unreal Projects/Terraformer/Content/Platformer_assets_pack/16x16_decorations/Miscellaneous/Clouds/Cloud_1.uasset'
[2026.09.20-07.10.09:375][902]LogSavePackage: Moving '../../../../../../Users/larse/OneDrive/Documentos/Unreal Projects/Terraformer/Saved/Cloud_2D81C1F054C1FC014F1A2CD9F532AACF9.tmp' to '../../../../../../Users/larse/OneDrive/Documentos/Unreal Projects/Terraformer/Content/Platformer_assets_pack/16x16_decorations/Miscellaneous/Clouds/Cloud_2.uasset'
[2026.09.20-07.10.09:377][902]LogSavePackage: Moving '../../../../../../Users/larse/OneDrive/Documentos/Unreal Projects/Terraformer/Saved/Cloud_3E8A33D3E44C016E65F9EDF943C6583EC.tmp' to '../../../../../../Users/larse/OneDrive/Documentos/Unreal Projects/Terraformer/Content/Platformer_assets_pack/16x16_decorations/Miscellaneous/Clouds/Cloud_3.uasset'
[2026.09.20-07.10.09:379][902]LogSavePackage: Moving '../../../../../../Users/larse/OneDrive/Documentos/Unreal Projects/Terraformer/Saved/Cloud_4543D15F5442107D5E5FBD7B2A3204FF6.tmp' to '../../../../../../Users/larse/OneDrive/Documentos/Unreal Projects/Terraformer/Content/Platformer_assets_pack/16x16_decorations/Miscellaneous/Clouds/Cloud_4.uasset'
[2026.09.20-07.10.09:382][902]LogSavePackage: Moving '../../../../../../Users/larse/OneDrive/Documentos/Unreal Projects/Terraformer/Saved/Decorations_AutumnBE780BB445D953503F4774AC8EBBF770.tmp' to '../../../../../../Users/larse/OneDrive/Documentos/Unreal Projects/Terraformer/Content/Platformer_assets_pack/16x16_decorations/Autumn/Decorations/Decorations_Autumn.uasset'
[2026.09.20-07.10.09:384][902]LogSavePackage: Moving '../../../../../../Users/larse/OneDrive/Documentos/Unreal Projects/Terraformer/Saved/Decorations_Summer46B78E82488B9C75EF766D9BA9430776.tmp' to '../../../../../../Users/larse/OneDrive/Documentos/Unreal Projects/Terraformer/Content/Platformer_assets_pack/16x16_decorations/Summer_-_spring/Decorations/Decorations_Summer.uasset'
[2026.09.20-07.10.09:387][902]LogSavePackage: Moving '../../../../../../Users/larse/OneDrive/Documentos/Unreal Projects/Terraformer/Saved/Decorations_Winter2CCC4E724218073D8874BEBB54ED556E.tmp' to '../../../../../../Users/larse/OneDrive/Documentos/Unreal Projects/Terraformer/Content/Platformer_assets_pack/16x16_decorations/Winter/Decorations/Decorations_Winter.uasset'
[2026.09.20-07.10.09:390][902]LogSavePackage: Moving '../../../../../../Users/larse/OneDrive/Documentos/Unreal Projects/Terraformer/Saved/Ground_Autumn63E2E51F42891F39F4ECC1AC3B6B8AFF.tmp' to '../../../../../../Users/larse/OneDrive/Documentos/Unreal Projects/Terraformer/Content/Platformer_assets_pack/16x16_decorations/Autumn/Ground/Ground_Autumn.uasset'
[2026.09.20-07.10.09:393][902]LogSavePackage: Moving '../../../../../../Users/larse/OneDrive/Documentos/Unreal Projects/Terraformer/Saved/Ground_Summer22A6FCFF4850A63DD43DF3931C0BA4F8.tmp' to '../../../../../../Users/larse/OneDrive/Documentos/Unreal Projects/Terraformer/Content/Platformer_assets_pack/16x16_decorations/Summer_-_spring/Ground/Ground_Summer.uasset'
[2026.09.20-07.10.09:396][902]LogSavePackage: Moving '../../../../../../Users/larse/OneDrive/Documentos/Unreal Projects/Terraformer/Saved/Ground_Winter28E55E5941E75CEB57A236953635E51C.tmp' to '../../../../../../Users/larse/OneDrive/Documentos/Unreal Projects/Terraformer/Content/Platformer_assets_pack/16x16_decorations/Winter/Ground/Ground_Winter.uasset'
[2026.09.20-07.10.09:399][902]LogSavePackage: Moving '../../../../../../Users/larse/OneDrive/Documentos/Unreal Projects/Terraformer/Saved/MiscellaneousDCE2BC044D3047ACEA100AAC63DD75DA.tmp' to '../../../../../../Users/larse/OneDrive/Documentos/Unreal Projects/Terraformer/Content/Platformer_assets_pack/16x16_decorations/Miscellaneous/Miscellaneous.uasset'
[2026.09.20-07.10.09:400][902]LogSavePackage: Moving '../../../../../../Users/larse/OneDrive/Documentos/Unreal Projects/Terraformer/Saved/Player_climbE6394721419F5472688FEE967DB83FAD.tmp' to '../../../../../../Users/larse/OneDrive/Documentos/Unreal Projects/Terraformer/Content/Platformer_assets_pack/Player/Player_climb.uasset'
[2026.09.20-07.10.09:403][902]LogSavePackage: Moving '../../../../../../Users/larse/OneDrive/Documentos/Unreal Projects/Terraformer/Saved/Player_IdleED0F966E41988F042746BCB6AAA5DF2C.tmp' to '../../../../../../Users/larse/OneDrive/Documentos/Unreal Projects/Terraformer/Content/Platformer_assets_pack/Player/Player_Idle.uasset'
[2026.09.20-07.10.09:405][902]LogSavePackage: Moving '../../../../../../Users/larse/OneDrive/Documentos/Unreal Projects/Terraformer/Saved/Player_jump07FF77CB40EA4A6BD9736ABBAFED470D.tmp' to '../../../../../../Users/larse/OneDrive/Documentos/Unreal Projects/Terraformer/Content/Platformer_assets_pack/Player/Player_jump.uasset'
[2026.09.20-07.10.09:406][902]LogSavePackage: Moving '../../../../../../Users/larse/OneDrive/Documentos/Unreal Projects/Terraformer/Saved/Player_JumpBD17E2D347615EE7D12818B9E48B5A6C.tmp' to '../../../../../../Users/larse/OneDrive/Documentos/Unreal Projects/Terraformer/Content/Platformer_assets_pack/16x16_decorations/Player/Player_Jump.uasset'
[2026.09.20-07.10.09:409][902]LogSavePackage: Moving '../../../../../../Users/larse/OneDrive/Documentos/Unreal Projects/Terraformer/Saved/Player_NoAnimation625C5D774B57A42E61CE32AD69610EB8.tmp' to '../../../../../../Users/larse/OneDrive/Documentos/Unreal Projects/Terraformer/Content/Platformer_assets_pack/Player/Player_NoAnimation.uasset'
[2026.09.20-07.10.09:412][902]LogSavePackage: Moving '../../../../../../Users/larse/OneDrive/Documentos/Unreal Projects/Terraformer/Saved/Player_run480065CC4B629C28A3517F954D381EC3.tmp' to '../../../../../../Users/larse/OneDrive/Documentos/Unreal Projects/Terraformer/Content/Platformer_assets_pack/Player/Player_run.uasset'
[2026.09.20-07.10.09:413][902]LogSavePackage: Moving '../../../../../../Users/larse/OneDrive/Documentos/Unreal Projects/Terraformer/Saved/Player_Walk6DA5C6E244DB61C52CA85B8DE185B2DC.tmp' to '../../../../../../Users/larse/OneDrive/Documentos/Unreal Projects/Terraformer/Content/Platformer_assets_pack/16x16_decorations/Player/Player_Walk.uasset'
[2026.09.20-07.10.09:416][902]LogSavePackage: Moving '../../../../../../Users/larse/OneDrive/Documentos/Unreal Projects/Terraformer/Saved/Player_walk4C3DAC9242F4B1E3F14E6E8AE3DABC39.tmp' to '../../../../../../Users/larse/OneDrive/Documentos/Unreal Projects/Terraformer/Content/Platformer_assets_pack/Player/Player_walk.uasset'
[2026.09.20-07.10.09:425][902]LogSavePackage: Moving '../../../../../../Users/larse/OneDrive/Documentos/Unreal Projects/Terraformer/Saved/Tileset7A02538845CDF049F68CCE83F4B2C9C1.tmp' to '../../../../../../Users/larse/OneDrive/Documentos/Unreal Projects/Terraformer/Content/Platformer_assets_pack/Tileset/Tileset.uasset'
[2026.09.20-07.10.09:429][902]LogSavePackage: Moving '../../../../../../Users/larse/OneDrive/Documentos/Unreal Projects/Terraformer/Saved/Trees_Autumn2063D2B046634B043F33D2834AF132AF.tmp' to '../../../../../../Users/larse/OneDrive/Documentos/Unreal Projects/Terraformer/Content/Platformer_assets_pack/16x16_decorations/Autumn/Trees/Trees_Autumn.uasset'
[2026.09.20-07.10.09:431][902]LogSavePackage: Moving '../../../../../../Users/larse/OneDrive/Documentos/Unreal Projects/Terraformer/Saved/Trees_SummerF01459CA4ADD04FCBD323E9F544021D8.tmp' to '../../../../../../Users/larse/OneDrive/Documentos/Unreal Projects/Terraformer/Content/Platformer_assets_pack/16x16_decorations/Summer_-_spring/Trees/Trees_Summer.uasset'
[2026.09.20-07.10.09:434][902]LogSavePackage: Moving '../../../../../../Users/larse/OneDrive/Documentos/Unreal Projects/Terraformer/Saved/Trees_Winter2593E5444D07B69F4C3878A0AB8411A0.tmp' to '../../../../../../Users/larse/OneDrive/Documentos/Unreal Projects/Terraformer/Content/Platformer_assets_pack/16x16_decorations/Winter/Trees/Trees_Winter.uasset'
[2026.09.20-07.10.09:469][902]LogSlate: Window 'Terraformer - Unreal Editor' being destroyed
[2026.09.20-07.10.09:735][902]AssetCheck: New page: Asset Save: multiple assets
[2026.09.20-07.10.09:735][902]LogContentValidation: Display: Validating Texture2D /Game/Platformer_assets_pack/16x16_decorations/Summer_-_spring/Decorations/Decorations_Summer.Decorations_Summer
[2026.09.20-07.10.09:735][902]LogContentValidation: Display: Validating Texture2D /Game/Platformer_assets_pack/16x16_decorations/Palette/BubbleGum16.BubbleGum16
[2026.09.20-07.10.09:735][902]LogContentValidation: Display: Validating Texture2D /Game/Platformer_assets_pack/16x16_decorations/Player/Player_Walk.Player_Walk
[2026.09.20-07.10.09:735][902]LogContentValidation: Display: Validating Texture2D /Game/Platformer_assets_pack/16x16_decorations/Player/Player_Jump.Player_Jump
[2026.09.20-07.10.09:735][902]LogContentValidation: Display: Validating Texture2D /Game/Platformer_assets_pack/16x16_decorations/Miscellaneous/Miscellaneous.Miscellaneous
[2026.09.20-07.10.09:735][902]LogContentValidation: Display: Validating Texture2D /Game/Platformer_assets_pack/16x16_decorations/Miscellaneous/Clouds/Cloud_4.Cloud_4
[2026.09.20-07.10.09:735][902]LogContentValidation: Display: Validating Texture2D /Game/Platformer_assets_pack/16x16_decorations/Miscellaneous/Clouds/Cloud_3.Cloud_3
[2026.09.20-07.10.09:735][902]LogContentValidation: Display: Validating Texture2D /Game/Platformer_assets_pack/16x16_decorations/Miscellaneous/Clouds/Cloud_2.Cloud_2
[2026.09.20-07.10.09:735][902]LogContentValidation: Display: Validating Texture2D /Game/Platformer_assets_pack/16x16_decorations/Miscellaneous/Clouds/Cloud_1.Cloud_1
[2026.09.20-07.10.09:735][902]LogContentValidation: Display: Validating Texture2D /Game/Platformer_assets_pack/Tileset/Tileset.Tileset
[2026.09.20-07.10.09:735][902]LogContentValidation: Display: Validating Texture2D /Game/Platformer_assets_pack/Player/Player_walk.Player_walk
[2026.09.20-07.10.09:735][902]LogContentValidation: Display: Validating Texture2D /Game/Platformer_assets_pack/Player/Player_run.Player_run
[2026.09.20-07.10.09:735][902]LogContentValidation: Display: Validating Texture2D /Game/Platformer_assets_pack/Player/Player_NoAnimation.Player_NoAnimation
[2026.09.20-07.10.09:736][902]LogContentValidation: Display: Validating Texture2D /Game/Platformer_assets_pack/Player/Player_jump.Player_jump
[2026.09.20-07.10.09:736][902]LogContentValidation: Display: Validating Texture2D /Game/Platformer_assets_pack/Player/Player_Idle.Player_Idle
[2026.09.20-07.10.09:736][902]LogContentValidation: Display: Validating Texture2D /Game/Platformer_assets_pack/Player/Player_climb.Player_climb
[2026.09.20-07.10.09:736][902]LogContentValidation: Display: Validating Texture2D /Game/Platformer_assets_pack/Background/Background.Background
[2026.09.20-07.10.09:736][902]LogContentValidation: Display: Validating Texture2D /Game/Platformer_assets_pack/16x16_decorations/16_x16_decorations.16_x16_decorations
[2026.09.20-07.10.09:736][902]LogContentValidation: Display: Validating Texture2D /Game/Platformer_assets_pack/16x16_decorations/Summer_-_spring/Ground/Ground_Summer.Ground_Summer
[2026.09.20-07.10.09:736][902]LogContentValidation: Display: Validating Texture2D /Game/Platformer_assets_pack/16x16_decorations/Summer_-_spring/Trees/Trees_Summer.Trees_Summer
[2026.09.20-07.10.09:736][902]LogContentValidation: Display: Validating Texture2D /Game/Platformer_assets_pack/16x16_decorations/Winter/Decorations/Decorations_Winter.Decorations_Winter
[2026.09.20-07.10.09:736][902]LogContentValidation: Display: Validating Texture2D /Game/Platformer_assets_pack/16x16_decorations/Winter/Ground/Ground_Winter.Ground_Winter
[2026.09.20-07.10.09:736][902]LogContentValidation: Display: Validating Texture2D /Game/Platformer_assets_pack/16x16_decorations/Winter/Trees/Trees_Winter.Trees_Winter
[2026.09.20-07.10.09:736][902]LogContentValidation: Display: Validating Texture2D /Game/Platformer_assets_pack/16x16_decorations/Autumn/Decorations/Decorations_Autumn.Decorations_Autumn
[2026.09.20-07.10.09:736][902]LogContentValidation: Display: Validating Texture2D /Game/Platformer_assets_pack/16x16_decorations/Autumn/Ground/Ground_Autumn.Ground_Autumn
[2026.09.20-07.10.09:736][902]LogContentValidation: Display: Validating Texture2D /Game/Platformer_assets_pack/16x16_decorations/Autumn/Trees/Trees_Autumn.Trees_Autumn
[2026.09.20-07.10.09:736][902]LogContentValidation: Display: Validating PaperSprite /Game/Platformer_assets_pack/Background/Background_Sprite.Background_Sprite
[2026.09.20-07.10.09:747][903]Cmd: QUIT_EDITOR
[2026.09.20-07.10.09:748][903]LogCore: Engine exit requested (reason: UUnrealEdEngine::CloseEditor())
[2026.09.20-07.10.09:762][903]LogCore: Engine exit requested (reason: EngineExit() was called; note: exit was already requested)
[2026.09.20-07.10.09:783][903]LogAudio: Display: Beginning Audio Device Manager Shutdown (Module: AudioMixerXAudio2)...
[2026.09.20-07.10.09:783][903]LogAudio: Display: Destroying 1 Remaining Audio Device(s)...
[2026.09.20-07.10.09:784][903]LogAudio: Display: Audio Device unregistered from world 'Mapa01'.
[2026.09.20-07.10.09:786][903]LogAudioMixer: FMixerPlatformXAudio2::StopAudioStream() called
[2026.09.20-07.10.09:791][903]LogAudioMixer: FMixerPlatformXAudio2::StopAudioStream() called
[2026.09.20-07.10.09:816][903]LogAudio: Display: Audio Device Manager Shutdown
[2026.09.20-07.10.09:817][903]LogWindowsTextInputMethodSystem: Display: IME system deactivated.
[2026.09.20-07.10.09:835][903]LogExit: Preparing to exit.
[2026.09.20-07.10.09:916][903]LogUObjectHash: Compacting FUObjectHashTables data took   1.82ms
[2026.09.20-07.10.10:201][903]LogWorld: UWorld::CleanupWorld for World_0, bSessionEnded=true, bCleanupResources=true
[2026.09.20-07.10.10:273][903]LogDemo: Cleaned up 0 splitscreen connections with owner deletion
[2026.09.20-07.10.10:332][903]LogWorld: UWorld::CleanupWorld for None, bSessionEnded=true, bCleanupResources=true
[2026.09.20-07.10.10:335][903]LogExit: Editor shut down
[2026.09.20-07.10.10:339][903]LogExit: Transaction tracking system shut down
[2026.09.20-07.10.10:898][903]LogExit: Object subsystem successfully closed.
[2026.09.20-07.10.10:957][903]LogShaderCompilers: Display: === FShaderJobCache stats ===
[2026.09.20-07.10.10:958][903]LogShaderCompilers: Display: Total job queries 0, among them cache hits 0 (0.00%)
[2026.09.20-07.10.10:958][903]LogShaderCompilers: Display: Tracking 0 distinct input hashes that result in 0 distinct outputs (0.00%)
[2026.09.20-07.10.10:959][903]LogShaderCompilers: Display: RAM used: 0.00 MB (0.00 GB) of 819.20 MB (0.80 GB) budget. Usage: 0.00%
[2026.09.20-07.10.10:959][903]LogShaderCompilers: Display: ================================================
[2026.09.20-07.10.10:994][903]LogShaderCompilers: Display: Shaders left to compile 0
[2026.09.20-07.10.11:227][903]LogModuleManager: Shutting down and abandoning module HierarchicalLODUtilities (874)
[2026.09.20-07.10.11:228][903]LogModuleManager: Shutting down and abandoning module NewLevelDialog (872)
[2026.09.20-07.10.11:228][903]LogModuleManager: Shutting down and abandoning module HierarchicalLODOutliner (870)
[2026.09.20-07.10.11:228][903]LogModuleManager: Shutting down and abandoning module SceneOutliner (868)
[2026.09.20-07.10.11:228][903]LogModuleManager: Shutting down and abandoning module AddContentDialog (866)
[2026.09.20-07.10.11:245][903]LogModuleManager: Shutting down and abandoning module WidgetCarousel (865)
[2026.09.20-07.10.11:245][903]LogModuleManager: Shutting down and abandoning module EditorWidgets (862)
[2026.09.20-07.10.11:245][903]LogModuleManager: Shutting down and abandoning module StatsViewer (860)
[2026.09.20-07.10.11:247][903]LogModuleManager: Shutting down and abandoning module PIEPreviewDeviceProfileSelector (858)
[2026.09.20-07.10.11:247][903]LogModuleManager: Shutting down and abandoning module SequenceRecorderSections (856)
[2026.09.20-07.10.11:247][903]LogModuleManager: Shutting down and abandoning module AutomationWorker (854)
[2026.09.20-07.10.11:248][903]LogModuleManager: Shutting down and abandoning module SteamVREditor (852)
[2026.09.20-07.10.11:249][903]LogModuleManager: Shutting down and abandoning module OculusMR (850)
[2026.09.20-07.10.11:249][903]LogModuleManager: Shutting down and abandoning module TakeRecorderSources (848)
[2026.09.20-07.10.11:252][903]LogModuleManager: Shutting down and abandoning module TakeRecorder (847)
[2026.09.20-07.10.11:255][903]LogModuleManager: Shutting down and abandoning module TakeTrackRecorders (844)
[2026.09.20-07.10.11:256][903]LogModuleManager: Shutting down and abandoning module TakesCore (842)
[2026.09.20-07.10.11:256][903]LogModuleManager: Shutting down and abandoning module OpenXRInput (840)
[2026.09.20-07.10.11:257][903]LogModuleManager: Shutting down and abandoning module GooglePADEditor (838)
[2026.09.20-07.10.11:257][903]LogModuleManager: Shutting down and abandoning module AudioCaptureEditor (836)
[2026.09.20-07.10.11:257][903]LogModuleManager: Shutting down and abandoning module TemplateSequenceEditor (834)
[2026.09.20-07.10.11:260][903]LogModuleManager: Shutting down and abandoning module ActorSequenceEditor (832)
[2026.09.20-07.10.11:262][903]LogModuleManager: Shutting down and abandoning module MatineeToLevelSequence (830)
[2026.09.20-07.10.11:262][903]LogModuleManager: Shutting down and abandoning module LevelSequenceEditor (828)
[2026.09.20-07.10.11:265][903]LogModuleManager: Shutting down and abandoning module MediaPlayerEditor (826)
[2026.09.20-07.10.11:266][903]LogModuleManager: Shutting down and abandoning module WebMMediaFactory (824)
[2026.09.20-07.10.11:267][903]LogModuleManager: Shutting down and abandoning module WebMMediaEditor (822)
[2026.09.20-07.10.11:267][903]LogModuleManager: Shutting down and abandoning module WebMMedia (820)
[2026.09.20-07.10.11:267][903]LogModuleManager: Shutting down and abandoning module WmfMediaFactory (818)
[2026.09.20-07.10.11:267][903]LogModuleManager: Shutting down and abandoning module WmfMediaEditor (816)
[2026.09.20-07.10.11:267][903]LogModuleManager: Shutting down and abandoning module MediaCompositingEditor (814)
[2026.09.20-07.10.11:268][903]LogModuleManager: Shutting down and abandoning module SequenceRecorder (813)
[2026.09.20-07.10.11:268][903]LogModuleManager: Shutting down and abandoning module OpenExrWrapper (810)
[2026.09.20-07.10.11:268][903]LogModuleManager: Shutting down and abandoning module ImgMediaFactory (808)
[2026.09.20-07.10.11:268][903]LogModuleManager: Shutting down and abandoning module ImgMediaEditor (806)
[2026.09.20-07.10.11:269][903]LogModuleManager: Shutting down and abandoning module AvfMediaFactory (804)
[2026.09.20-07.10.11:269][903]LogModuleManager: Shutting down and abandoning module AvfMediaEditor (802)
[2026.09.20-07.10.11:269][903]LogModuleManager: Shutting down and abandoning module AndroidMediaFactory (800)
[2026.09.20-07.10.11:269][903]LogModuleManager: Shutting down and abandoning module AndroidMediaEditor (798)
[2026.09.20-07.10.11:269][903]LogModuleManager: Shutting down and abandoning module MagicLeapMediaCodecFactory (796)
[2026.09.20-07.10.11:269][903]LogModuleManager: Shutting down and abandoning module MagicLeapMediaFactory (794)
[2026.09.20-07.10.11:269][903]LogModuleManager: Shutting down and abandoning module MagicLeapMediaEditor (792)
[2026.09.20-07.10.11:269][903]LogModuleManager: Shutting down and abandoning module PlanarCut (790)
[2026.09.20-07.10.11:269][903]LogModuleManager: Shutting down and abandoning module CharacterAI (788)
[2026.09.20-07.10.11:269][903]LogModuleManager: Shutting down and abandoning module TextureAlignMode (786)
[2026.09.20-07.10.11:269][903]LogModuleManager: Shutting down and abandoning module BspMode (784)
[2026.09.20-07.10.11:270][903]LogModuleManager: Shutting down and abandoning module GeometryMode (782)
[2026.09.20-07.10.11:270][903]LogModuleManager: Shutting down and abandoning module CameraShakePreviewer (780)
[2026.09.20-07.10.11:271][903]LogModuleManager: Shutting down and abandoning module SmartSnapping (778)
[2026.09.20-07.10.11:271][903]LogModuleManager: Shutting down and abandoning module SessionServices (776)
[2026.09.20-07.10.11:272][903]LogModuleManager: Shutting down and abandoning module MeshPaint (774)
[2026.09.20-07.10.11:272][903]LogModuleManager: Shutting down and abandoning module VirtualTexturingEditor (772)
[2026.09.20-07.10.11:273][903]LogModuleManager: Shutting down and abandoning module FoliageEdit (770)
[2026.09.20-07.10.11:273][903]LogModuleManager: Shutting down and abandoning module LandscapeEditor (768)
[2026.09.20-07.10.11:276][903]LogModuleManager: Shutting down and abandoning module MeshPaintMode (766)
[2026.09.20-07.10.11:276][903]LogModuleManager: Shutting down and abandoning module SceneDepthPickerMode (764)
[2026.09.20-07.10.11:276][903]LogModuleManager: Shutting down and abandoning module ActorPickerMode (762)
[2026.09.20-07.10.11:276][903]LogModuleManager: Shutting down and abandoning module PlacementMode (760)
[2026.09.20-07.10.11:277][903]LogModuleManager: Shutting down and abandoning module ViewportSnapping (758)
[2026.09.20-07.10.11:277][903]LogModuleManager: Shutting down and abandoning module ViewportInteraction (756)
[2026.09.20-07.10.11:277][903]LogModuleManager: Shutting down and abandoning module ClothPainter (754)
[2026.09.20-07.10.11:279][903]LogModuleManager: Shutting down and abandoning module SkeletalMeshEditor (753)
[2026.09.20-07.10.11:280][903]LogModuleManager: Shutting down and abandoning module LogVisualizer (750)
[2026.09.20-07.10.11:283][903]LogModuleManager: Shutting down and abandoning module IntroTutorials (748)
[2026.09.20-07.10.11:285][903]LogModuleManager: Shutting down and abandoning module GameProjectGeneration (747)
[2026.09.20-07.10.11:286][903]LogModuleManager: Shutting down and abandoning module LuminPlatformEditor (744)
[2026.09.20-07.10.11:286][903]LogModuleManager: Shutting down and abandoning module IOSPlatformEditor (742)
[2026.09.20-07.10.11:287][903]LogModuleManager: Shutting down and abandoning module AndroidPlatformEditor (740)
[2026.09.20-07.10.11:287][903]LogModuleManager: Shutting down and abandoning module AndroidDeviceDetection (739)
[2026.09.20-07.10.11:596][903]LogModuleManager: Shutting down and abandoning module WindowsPlatformEditor (736)
[2026.09.20-07.10.11:596][903]LogModuleManager: Shutting down and abandoning module LuminRuntimeSettings (734)
[2026.09.20-07.10.11:596][903]LogModuleManager: Shutting down and abandoning module IOSRuntimeSettings (732)
[2026.09.20-07.10.11:596][903]LogModuleManager: Shutting down and abandoning module AndroidRuntimeSettings (730)
[2026.09.20-07.10.11:596][903]LogModuleManager: Shutting down and abandoning module TraceInsights (728)
[2026.09.20-07.10.11:600][903]MemoryProfiler: Shutdown
[2026.09.20-07.10.11:600][903]NetworkingProfiler: Shutdown
[2026.09.20-07.10.11:600][903]LoadingProfiler: Shutdown
[2026.09.20-07.10.11:602][903]TimingProfiler: Shutdown
[2026.09.20-07.10.11:607][903]LogModuleManager: Shutting down and abandoning module TraceServices (727)
[2026.09.20-07.10.11:608][903]LogModuleManager: Shutting down and abandoning module EditorInteractiveToolsFramework (724)
[2026.09.20-07.10.11:608][903]LogModuleManager: Shutting down and abandoning module TimeManagementEditor (722)
[2026.09.20-07.10.11:608][903]LogModuleManager: Shutting down and abandoning module InputBindingEditor (720)
[2026.09.20-07.10.11:609][903]LogModuleManager: Shutting down and abandoning module MergeActors (718)
[2026.09.20-07.10.11:610][903]LogModuleManager: Shutting down and abandoning module LocalizationDashboard (716)
[2026.09.20-07.10.11:610][903]LogModuleManager: Shutting down and abandoning module LocalizationService (715)
[2026.09.20-07.10.11:611][903]LogModuleManager: Shutting down and abandoning module HardwareTargeting (712)
[2026.09.20-07.10.11:611][903]LogModuleManager: Shutting down and abandoning module DeviceProfileEditor (710)
[2026.09.20-07.10.11:611][903]LogModuleManager: Shutting down and abandoning module UndoHistory (708)
[2026.09.20-07.10.11:612][903]LogModuleManager: Shutting down and abandoning module XmlParser (706)
[2026.09.20-07.10.11:612][903]LogModuleManager: Shutting down and abandoning module Blutility (704)
[2026.09.20-07.10.11:612][903]LogModuleManager: Shutting down and abandoning module ProjectSettingsViewer (702)
[2026.09.20-07.10.11:612][903]LogModuleManager: Shutting down and abandoning module ProjectTargetPlatformEditor (701)
[2026.09.20-07.10.11:613][903]LogModuleManager: Shutting down and abandoning module EditorSettingsViewer (698)
[2026.09.20-07.10.11:614][903]LogModuleManager: Shutting down and abandoning module InternationalizationSettings (697)
[2026.09.20-07.10.11:614][903]LogModuleManager: Shutting down and abandoning module SettingsEditor (694)
[2026.09.20-07.10.11:614][903]LogModuleManager: Shutting down and abandoning module ProjectLauncher (692)
[2026.09.20-07.10.11:615][903]LogModuleManager: Shutting down and abandoning module SessionFrontend (690)
[2026.09.20-07.10.11:615][903]LogModuleManager: Shutting down and abandoning module ProfilerClient (688)
[2026.09.20-07.10.11:615][903]LogModuleManager: Shutting down and abandoning module DeviceManager (686)
[2026.09.20-07.10.11:616][903]LogModuleManager: Shutting down and abandoning module TargetDeviceServices (685)
[2026.09.20-07.10.11:650][903]LogModuleManager: Shutting down and abandoning module AutomationController (682)
[2026.09.20-07.10.11:651][903]LogModuleManager: Shutting down and abandoning module AutomationWindow (680)
[2026.09.20-07.10.11:652][903]LogModuleManager: Shutting down and abandoning module Layers (678)
[2026.09.20-07.10.11:653][903]LogModuleManager: Shutting down and abandoning module ComponentVisualizers (676)
[2026.09.20-07.10.11:653][903]LogModuleManager: Shutting down and abandoning module DetailCustomizations (674)
[2026.09.20-07.10.11:654][903]LogModuleManager: Shutting down and abandoning module PackagesDialog (672)
[2026.09.20-07.10.11:654][903]LogModuleManager: Shutting down and abandoning module AnimationBlueprintEditor (670)
[2026.09.20-07.10.11:656][903]LogModuleManager: Shutting down and abandoning module Persona (668)
[2026.09.20-07.10.11:657][903]LogModuleManager: Shutting down and abandoning module AdvancedPreviewScene (667)
[2026.09.20-07.10.11:657][903]LogModuleManager: Shutting down and abandoning module AnimGraph (665)
[2026.09.20-07.10.11:658][903]LogModuleManager: Shutting down and abandoning module Kismet (662)
[2026.09.20-07.10.11:660][903]LogModuleManager: Shutting down and abandoning module KismetWidgets (661)
[2026.09.20-07.10.11:660][903]LogModuleManager: Shutting down and abandoning module GraphEditor (658)
[2026.09.20-07.10.11:663][903]LogModuleManager: Shutting down and abandoning module StructViewer (656)
[2026.09.20-07.10.11:663][903]LogModuleManager: Shutting down and abandoning module ClassViewer (654)
[2026.09.20-07.10.11:664][903]LogModuleManager: Shutting down and abandoning module Toolbox (652)
[2026.09.20-07.10.11:664][903]LogModuleManager: Shutting down and abandoning module ModuleUI (650)
[2026.09.20-07.10.11:664][903]LogModuleManager: Shutting down and abandoning module OutputLog (648)
[2026.09.20-07.10.11:666][903]LogModuleManager: Shutting down and abandoning module GammaUI (646)
[2026.09.20-07.10.11:666][903]LogModuleManager: Shutting down and abandoning module Documentation (644)
[2026.09.20-07.10.11:666][903]LogModuleManager: Shutting down and abandoning module LiveCoding (642)
[2026.09.20-07.10.11:668][903]LogModuleManager: Shutting down and abandoning module LevelSequence (640)
[2026.09.20-07.10.11:668][903]LogModuleManager: Shutting down and abandoning module MovieSceneTracks (638)
[2026.09.20-07.10.11:668][903]LogModuleManager: Shutting down and abandoning module MovieScene (636)
[2026.09.20-07.10.11:670][903]LogModuleManager: Shutting down and abandoning module StreamingPauseRendering (634)
[2026.09.20-07.10.11:670][903]LogModuleManager: Shutting down and abandoning module LauncherPlatform (632)
[2026.09.20-07.10.11:670][903]LogModuleManager: Shutting down and abandoning module AnalyticsET (630)
[2026.09.20-07.10.11:670][903]LogModuleManager: Shutting down and abandoning module PortalServices (628)
[2026.09.20-07.10.11:670][903]LogModuleManager: Shutting down and abandoning module PortalRpc (626)
[2026.09.20-07.10.11:670][903]LogModuleManager: Shutting down and abandoning module MessagingRpc (624)
[2026.09.20-07.10.11:670][903]LogModuleManager: Shutting down and abandoning module AudioMixerXAudio2 (622)
[2026.09.20-07.10.11:670][903]LogModuleManager: Shutting down and abandoning module AudioMixerCore (621)
[2026.09.20-07.10.11:670][903]LogModuleManager: Shutting down and abandoning module AIModule (618)
[2026.09.20-07.10.11:671][903]LogModuleManager: Shutting down and abandoning module GameplayDebugger (617)
[2026.09.20-07.10.11:672][903]LogModuleManager: Shutting down and abandoning module AITestSuite (615)
[2026.09.20-07.10.11:672][903]LogModuleManager: Shutting down and abandoning module NavigationSystem (613)
[2026.09.20-07.10.11:672][903]LogModuleManager: Shutting down and abandoning module ImageWriteQueue (610)
[2026.09.20-07.10.11:681][903]LogModuleManager: Shutting down and abandoning module ProfilerService (608)
[2026.09.20-07.10.11:854][903]LogModuleManager: Shutting down and abandoning module TaskGraph (606)
[2026.09.20-07.10.11:856][903]LogModuleManager: Shutting down and abandoning module AudioSynesthesiaEditor (604)
[2026.09.20-07.10.11:856][903]LogModuleManager: Shutting down and abandoning module OculusEditor (602)
[2026.09.20-07.10.11:860][903]LogModuleManager: Shutting down and abandoning module OculusInput (600)
[2026.09.20-07.10.11:860][903]LogModuleManager: Shutting down and abandoning module ContentBrowserClassDataSource (598)
[2026.09.20-07.10.11:860][903]LogModuleManager: Shutting down and abandoning module ContentBrowserFileDataSource (596)
[2026.09.20-07.10.11:860][903]LogModuleManager: Shutting down and abandoning module ContentBrowserAssetDataSource (594)
[2026.09.20-07.10.11:860][903]LogModuleManager: Shutting down and abandoning module CollectionManager (593)
[2026.09.20-07.10.11:861][903]LogModuleManager: Shutting down and abandoning module SynthesisEditor (590)
[2026.09.20-07.10.11:861][903]LogModuleManager: Shutting down and abandoning module Synthesis (588)
[2026.09.20-07.10.11:862][903]LogModuleManager: Shutting down and abandoning module ProceduralMeshComponentEditor (586)
[2026.09.20-07.10.11:862][903]LogModuleManager: Shutting down and abandoning module ProceduralMeshComponent (584)
[2026.09.20-07.10.11:862][903]LogModuleManager: Shutting down and abandoning module TakeSequencer (582)
[2026.09.20-07.10.11:862][903]LogModuleManager: Shutting down and abandoning module TakeMovieScene (580)
[2026.09.20-07.10.11:862][903]LogModuleManager: Shutting down and abandoning module ScreenshotTools (578)
[2026.09.20-07.10.11:863][903]LogModuleManager: Shutting down and abandoning module OpenXREditor (576)
[2026.09.20-07.10.11:863][903]LogModuleManager: Shutting down and abandoning module MobilePatchingUtils (574)
[2026.09.20-07.10.11:863][903]LogModuleManager: Shutting down and abandoning module GooglePAD (572)
[2026.09.20-07.10.11:863][903]LogModuleManager: Shutting down and abandoning module CustomMeshComponent (570)
[2026.09.20-07.10.11:863][903]LogModuleManager: Shutting down and abandoning module EditableMesh (568)
[2026.09.20-07.10.11:864][903]LogModuleManager: Shutting down and abandoning module ArchVisCharacter (566)
[2026.09.20-07.10.11:864][903]LogModuleManager: Shutting down and abandoning module CableComponent (564)
[2026.09.20-07.10.11:864][903]LogModuleManager: Shutting down and abandoning module AudioCapture (562)
[2026.09.20-07.10.11:864][903]LogModuleManager: Shutting down and abandoning module AudioCaptureRtAudio (561)
[2026.09.20-07.10.11:864][903]LogModuleManager: Shutting down and abandoning module AssetTags (558)
[2026.09.20-07.10.11:864][903]LogModuleManager: Shutting down and abandoning module AppleImageUtilsBlueprintSupport (556)
[2026.09.20-07.10.11:864][903]LogModuleManager: Shutting down and abandoning module AppleImageUtils (554)
[2026.09.20-07.10.11:864][903]LogModuleManager: Shutting down and abandoning module AndroidPermission (552)
[2026.09.20-07.10.11:864][903]LogModuleManager: Shutting down and abandoning module ActorLayerUtilitiesEditor (550)
[2026.09.20-07.10.11:864][903]LogModuleManager: Shutting down and abandoning module ActorLayerUtilities (548)
[2026.09.20-07.10.11:865][903]LogModuleManager: Shutting down and abandoning module NiagaraEditorWidgets (546)
[2026.09.20-07.10.11:867][903]LogModuleManager: Shutting down and abandoning module TemplateSequence (544)
[2026.09.20-07.10.11:868][903]LogModuleManager: Shutting down and abandoning module MediaCompositing (542)
[2026.09.20-07.10.11:868][903]LogModuleManager: Shutting down and abandoning module ImgMedia (540)
[2026.09.20-07.10.11:868][903]LogModuleManager: Shutting down and abandoning module MagicLeapSharedWorld (538)
[2026.09.20-07.10.11:868][903]LogModuleManager: Shutting down and abandoning module MagicLeapLightEstimation (536)
[2026.09.20-07.10.11:868][903]LogModuleManager: Shutting down and abandoning module GeometryCacheTracks (534)
[2026.09.20-07.10.11:868][903]LogModuleManager: Shutting down and abandoning module GeometryCacheStreamer (532)
[2026.09.20-07.10.11:868][903]LogModuleManager: Shutting down and abandoning module GeometryCacheSequencer (530)
[2026.09.20-07.10.11:868][903]LogModuleManager: Shutting down and abandoning module OpenImageDenoise (528)
[2026.09.20-07.10.11:869][903]LogOpenImageDenoise: OIDN shutting down
[2026.09.20-07.10.11:869][903]LogModuleManager: Shutting down and abandoning module MotoSynthEditor (526)
[2026.09.20-07.10.11:869][903]LogModuleManager: Shutting down and abandoning module MotoSynth (524)
[2026.09.20-07.10.11:869][903]LogModuleManager: Shutting down and abandoning module MagicLeapHelperVulkan (522)
[2026.09.20-07.10.11:869][903]LogModuleManager: Shutting down and abandoning module MagicLeapHelperOpenGL (520)
[2026.09.20-07.10.11:869][903]LogModuleManager: Shutting down and abandoning module MagicLeapAudio (518)
[2026.09.20-07.10.11:869][903]LogModuleManager: Shutting down and abandoning module GeometryCollectionTracks (516)
[2026.09.20-07.10.11:869][903]LogModuleManager: Shutting down and abandoning module GeometryCollectionSequencer (515)
[2026.09.20-07.10.11:869][903]LogModuleManager: Shutting down and abandoning module GeometryCollectionEditor (512)
[2026.09.20-07.10.11:869][903]LogModuleManager: Shutting down and abandoning module MeshConversion (510)
[2026.09.20-07.10.11:870][903]LogModuleManager: Shutting down and abandoning module DynamicMesh (508)
[2026.09.20-07.10.11:870][903]LogModuleManager: Shutting down and abandoning module GeometryAlgorithms (506)
[2026.09.20-07.10.11:871][903]LogModuleManager: Shutting down and abandoning module GeometricObjects (504)
[2026.09.20-07.10.11:871][903]LogModuleManager: Shutting down and abandoning module VariantManagerContentEditor (502)
[2026.09.20-07.10.11:872][903]LogModuleManager: Shutting down and abandoning module DatasmithContentEditor (500)
[2026.09.20-07.10.11:873][903]LogModuleManager: Shutting down and abandoning module ChaosSolverEditor (498)
[2026.09.20-07.10.11:873][903]LogModuleManager: Shutting down and abandoning module BackChannel (496)
[2026.09.20-07.10.11:873][903]LogModuleManager: Shutting down and abandoning module ChaosNiagara (494)
[2026.09.20-07.10.11:873][903]LogModuleManager: Shutting down and abandoning module ChaosClothEditor (492)
[2026.09.20-07.10.11:873][903]LogModuleManager: Shutting down and abandoning module FractureEditor (490)
[2026.09.20-07.10.11:874][903]LogModuleManager: Shutting down and abandoning module FieldSystemEngine (489)
[2026.09.20-07.10.11:874][903]LogModuleManager: Shutting down and abandoning module SpeedTreeImporter (486)
[2026.09.20-07.10.11:874][903]LogModuleManager: Shutting down and abandoning module AutomationUtilsEditor (484)
[2026.09.20-07.10.11:874][903]LogModuleManager: Shutting down and abandoning module AutomationUtils (482)
[2026.09.20-07.10.11:874][903]LogModuleManager: Shutting down and abandoning module AlembicImporter (480)
[2026.09.20-07.10.11:874][903]LogModuleManager: Shutting down and abandoning module AlembicLibrary (479)
[2026.09.20-07.10.11:874][903]LogModuleManager: Shutting down and abandoning module GeometryCache (478)
[2026.09.20-07.10.11:874][903]LogModuleManager: Shutting down and abandoning module GeometryCacheEd (477)
[2026.09.20-07.10.11:874][903]LogModuleManager: Shutting down and abandoning module MobileLauncherProfileWizard (472)
[2026.09.20-07.10.11:875][903]LogModuleManager: Shutting down and abandoning module PluginBrowser (470)
[2026.09.20-07.10.11:877][903]LogModuleManager: Shutting down and abandoning module MaterialAnalyzer (468)
[2026.09.20-07.10.11:877][903]LogModuleManager: Shutting down and abandoning module CryptoKeysOpenSSL (466)
[2026.09.20-07.10.11:878][903]LogModuleManager: Shutting down and abandoning module CryptoKeys (464)
[2026.09.20-07.10.11:878][903]LogModuleManager: Shutting down and abandoning module CurveEditorTools (462)
[2026.09.20-07.10.11:879][903]LogModuleManager: Shutting down and abandoning module PluginUtils (460)
[2026.09.20-07.10.11:879][903]LogModuleManager: Shutting down and abandoning module UObjectPlugin (458)
[2026.09.20-07.10.11:879][903]LogModuleManager: Shutting down and abandoning module SubversionSourceControl (456)
[2026.09.20-07.10.11:880][903]LogModuleManager: Shutting down and abandoning module VisualStudioSourceCodeAccess (454)
[2026.09.20-07.10.11:881][903]LogModuleManager: Shutting down and abandoning module VisualStudioCodeSourceCodeAccess (452)
[2026.09.20-07.10.11:881][903]LogModuleManager: Shutting down and abandoning module RiderSourceCodeAccess (450)
[2026.09.20-07.10.11:881][903]LogModuleManager: Shutting down and abandoning module PlasticSourceControl (448)
[2026.09.20-07.10.11:883][903]LogModuleManager: Shutting down and abandoning module PerforceSourceControl (446)
[2026.09.20-07.10.11:884][903]LogModuleManager: Shutting down and abandoning module GitSourceControl (444)
[2026.09.20-07.10.11:885][903]LogModuleManager: Shutting down and abandoning module SourceControl (443)
[2026.09.20-07.10.11:886][903]LogModuleManager: Shutting down and abandoning module CLionSourceCodeAccess (440)
[2026.09.20-07.10.11:886][903]LogModuleManager: Shutting down and abandoning module AnimationSharingEd (438)
[2026.09.20-07.10.11:886][903]LogModuleManager: Shutting down and abandoning module OodleNetworkHandlerComponent (436)
[2026.09.20-07.10.11:886][903]LogModuleManager: Shutting down and abandoning module LightPropagationVolumeEditor (434)
[2026.09.20-07.10.11:886][903]LogModuleManager: Shutting down and abandoning module LiveLinkSequencer (432)
[2026.09.20-07.10.11:886][903]LogModuleManager: Shutting down and abandoning module LiveLinkMovieScene (430)
[2026.09.20-07.10.11:886][903]LogModuleManager: Shutting down and abandoning module LiveLinkGraphNode (428)
[2026.09.20-07.10.11:886][903]LogModuleManager: Shutting down and abandoning module LiveLinkEditor (426)
[2026.09.20-07.10.11:887][903]LogModuleManager: Shutting down and abandoning module LiveLinkComponents (424)
[2026.09.20-07.10.11:887][903]LogModuleManager: Shutting down and abandoning module LiveLink (422)
[2026.09.20-07.10.12:153][903]LogModuleManager: Shutting down and abandoning module PaperTiledImporter (420)
[2026.09.20-07.10.12:153][903]LogModuleManager: Shutting down and abandoning module PaperSpriteSheetImporter (418)
[2026.09.20-07.10.12:153][903]LogModuleManager: Shutting down and abandoning module Paper2DEditor (416)
[2026.09.20-07.10.12:154][903]LogModuleManager: Shutting down and abandoning module MeshPaintingToolset (414)
[2026.09.20-07.10.12:154][903]LogModuleManager: Shutting down and abandoning module MeshPaintEditorMode (412)
[2026.09.20-07.10.12:155][903]LogModuleManager: Shutting down and abandoning module SoundFields (410)
[2026.09.20-07.10.12:155][903]LogModuleManager: Shutting down and abandoning module PhysXVehiclesEditor (408)
[2026.09.20-07.10.12:155][903]LogModuleManager: Shutting down and abandoning module SignificanceManager (404)
[2026.09.20-07.10.12:155][903]LogModuleManager: Shutting down and abandoning module RuntimePhysXCooking (402)
[2026.09.20-07.10.12:156][903]LogModuleManager: Shutting down and abandoning module PropertyAccessEditor (400)
[2026.09.20-07.10.12:156][903]LogModuleManager: Shutting down and abandoning module LocationServicesBPLibrary (398)
[2026.09.20-07.10.12:157][903]LogModuleManager: Shutting down and abandoning module AudioSynesthesia (396)
[2026.09.20-07.10.12:157][903]LogModuleManager: Shutting down and abandoning module AudioSynesthesiaCore (394)
[2026.09.20-07.10.12:157][903]LogModuleManager: Shutting down and abandoning module NiagaraAnimNotifies (392)
[2026.09.20-07.10.12:157][903]LogModuleManager: Shutting down and abandoning module Niagara (390)
[2026.09.20-07.10.12:159][903]LogModuleManager: Shutting down and abandoning module SignalProcessing (389)
[2026.09.20-07.10.12:159][903]LogModuleManager: Shutting down and abandoning module NiagaraEditor (387)
[2026.09.20-07.10.12:162][903]LogModuleManager: Shutting down and abandoning module NiagaraCore (384)
[2026.09.20-07.10.12:162][903]LogModuleManager: Shutting down and abandoning module ActorSequence (382)
[2026.09.20-07.10.12:162][903]LogModuleManager: Shutting down and abandoning module TcpMessaging (380)
[2026.09.20-07.10.12:264][903]LogModuleManager: Shutting down and abandoning module UdpMessaging (378)
[2026.09.20-07.10.12:365][903]LogModuleManager: Shutting down and abandoning module ImgMediaEngine (376)
[2026.09.20-07.10.12:365][903]LogModuleManager: Shutting down and abandoning module MagicLeapARPin (374)
[2026.09.20-07.10.12:365][903]LogModuleManager: Shutting down and abandoning module PythonScriptPlugin (372)
[2026.09.20-07.10.12:365][903]LogModuleManager: Shutting down and abandoning module MagicLeapHandMeshing (370)
[2026.09.20-07.10.12:365][903]LogModuleManager: Shutting down and abandoning module MagicLeapSecureStorage (368)
[2026.09.20-07.10.12:365][903]LogModuleManager: Shutting down and abandoning module MagicLeapPrivileges (366)
[2026.09.20-07.10.12:366][903]LogModuleManager: Shutting down and abandoning module MagicLeapPlanes (364)
[2026.09.20-07.10.12:366][903]LogMagicLeapPlanes: Planes tracker already destroyed.
[2026.09.20-07.10.12:366][903]LogModuleManager: Shutting down and abandoning module MagicLeapImageTracker (362)
[2026.09.20-07.10.12:366][903]LogModuleManager: Shutting down and abandoning module MagicLeapIdentity (360)
[2026.09.20-07.10.12:366][903]LogModuleManager: Shutting down and abandoning module MagicLeapHandTracking (358)
[2026.09.20-07.10.12:367][903]LogModuleManager: Shutting down and abandoning module MagicLeapEyeTracker (356)
[2026.09.20-07.10.12:367][903]LogModuleManager: Shutting down and abandoning module MagicLeapController (354)
[2026.09.20-07.10.12:367][903]LogModuleManager: Shutting down and abandoning module MagicLeapARPinImpl (352)
[2026.09.20-07.10.12:367][903]LogModuleManager: Shutting down and abandoning module MagicLeapAR (350)
[2026.09.20-07.10.12:367][903]LogModuleManager: Shutting down and abandoning module DataValidation (348)
[2026.09.20-07.10.12:367][903]LogModuleManager: Shutting down and abandoning module GameplayCameras (346)
[2026.09.20-07.10.12:367][903]LogModuleManager: Shutting down and abandoning module GameplayTagsEditor (344)
[2026.09.20-07.10.12:367][903]LogModuleManager: Shutting down and abandoning module AssetManagerEditor (342)
[2026.09.20-07.10.12:368][903]LogModuleManager: Shutting down and abandoning module LevelEditor (341)
[2026.09.20-07.10.12:376][903]LogModuleManager: Shutting down and abandoning module PixelInspectorModule (340)
[2026.09.20-07.10.12:377][903]LogModuleManager: Shutting down and abandoning module CommonMenuExtensions (338)
[2026.09.20-07.10.12:377][903]LogModuleManager: Shutting down and abandoning module MainFrame (336)
[2026.09.20-07.10.12:378][903]LogModuleManager: Shutting down and abandoning module HotReload (335)
[2026.09.20-07.10.12:379][903]LogModuleManager: Shutting down and abandoning module ToolMenus (331)
[2026.09.20-07.10.12:379][903]LogModuleManager: Shutting down and abandoning module ContentBrowser (329)
[2026.09.20-07.10.12:380][903]LogModuleManager: Shutting down and abandoning module ContentBrowserData (328)
[2026.09.20-07.10.12:380][903]LogModuleManager: Shutting down and abandoning module TreeMap (325)
[2026.09.20-07.10.12:380][903]LogModuleManager: Shutting down and abandoning module FacialAnimationEditor (322)
[2026.09.20-07.10.12:381][903]LogModuleManager: Shutting down and abandoning module FacialAnimation (320)
[2026.09.20-07.10.12:381][903]LogModuleManager: Shutting down and abandoning module PropertyAccessNode (318)
[2026.09.20-07.10.12:381][903]LogModuleManager: Shutting down and abandoning module AnimationSharing (316)
[2026.09.20-07.10.12:381][903]LogModuleManager: Shutting down and abandoning module LightPropagationVolumeRuntime (314)
[2026.09.20-07.10.12:381][903]LogModuleManager: Shutting down and abandoning module EnvironmentQueryEditor (312)
[2026.09.20-07.10.12:382][903]LogModuleManager: Shutting down and abandoning module Paper2D (310)
[2026.09.20-07.10.12:382][903]LogModuleManager: Shutting down and abandoning module WebMMoviePlayer (308)
[2026.09.20-07.10.12:382][903]LogModuleManager: Shutting down and abandoning module WindowsMoviePlayer (306)
[2026.09.20-07.10.12:398][903]LogModuleManager: Shutting down and abandoning module NetworkReplayStreaming (304)
[2026.09.20-07.10.12:398][903]LogModuleManager: Shutting down and abandoning module PacketHandler (302)
[2026.09.20-07.10.12:398][903]LogModuleManager: Shutting down and abandoning module ClothingSystemEditor (300)
[2026.09.20-07.10.12:398][903]LogModuleManager: Shutting down and abandoning module ClothingSystemRuntimeNv (298)
[2026.09.20-07.10.12:400][903]LogModuleManager: Shutting down and abandoning module MediaAssets (296)
[2026.09.20-07.10.12:400][903]LogModuleManager: Shutting down and abandoning module Overlay (294)
[2026.09.20-07.10.12:400][903]LogModuleManager: Shutting down and abandoning module OverlayEditor (293)
[2026.09.20-07.10.12:400][903]LogModuleManager: Shutting down and abandoning module VREditor (290)
[2026.09.20-07.10.12:401][903]LogModuleManager: Shutting down and abandoning module StringTableEditor (288)
[2026.09.20-07.10.12:401][903]LogModuleManager: Shutting down and abandoning module GameplayTasksEditor (286)
[2026.09.20-07.10.12:401][903]LogModuleManager: Shutting down and abandoning module BehaviorTreeEditor (284)
[2026.09.20-07.10.12:402][903]LogModuleManager: Shutting down and abandoning module FunctionalTesting (282)
[2026.09.20-07.10.12:403][903]LogModuleManager: Shutting down and abandoning module CollisionAnalyzer (280)
[2026.09.20-07.10.12:404][903]LogModuleManager: Shutting down and abandoning module WorkspaceMenuStructure (279)
[2026.09.20-07.10.12:405][903]LogModuleManager: Shutting down and abandoning module UMG (276)
[2026.09.20-07.10.12:406][903]LogModuleManager: Shutting down and abandoning module UMGEditor (275)
[2026.09.20-07.10.12:407][903]LogModuleManager: Shutting down and abandoning module MessageLog (273)
[2026.09.20-07.10.12:407][903]LogModuleManager: Shutting down and abandoning module SlateReflector (268)
[2026.09.20-07.10.12:410][903]LogModuleManager: Shutting down and abandoning module Slate (266)
[2026.09.20-07.10.12:410][903]LogModuleManager: Shutting down and abandoning module SlateCore (264)
[2026.09.20-07.10.12:410][903]LogModuleManager: Shutting down and abandoning module LandscapeEditorUtilities (262)
[2026.09.20-07.10.12:410][903]LogModuleManager: Shutting down and abandoning module UnrealEd (260)
[2026.09.20-07.10.12:412][903]LogModuleManager: Shutting down and abandoning module MRMesh (258)
[2026.09.20-07.10.12:412][903]LogModuleManager: Shutting down and abandoning module SourceCodeAccess (256)
[2026.09.20-07.10.12:412][903]LogModuleManager: Shutting down and abandoning module HeadMountedDisplay (254)
[2026.09.20-07.10.12:412][903]LogModuleManager: Shutting down and abandoning module XAudio2 (252)
[2026.09.20-07.10.12:413][903]LogModuleManager: Shutting down and abandoning module Networking (250)
[2026.09.20-07.10.12:413][903]LogModuleManager: Shutting down and abandoning module Core (248)
[2026.09.20-07.10.12:413][903]LogModuleManager: Shutting down and abandoning module MaterialEditor (246)
[2026.09.20-07.10.12:414][903]LogModuleManager: Shutting down and abandoning module MovieSceneTools (244)
[2026.09.20-07.10.12:415][903]LogModuleManager: Shutting down and abandoning module CurveEditor (243)
[2026.09.20-07.10.12:417][903]LogModuleManager: Shutting down and abandoning module Sequencer (241)
[2026.09.20-07.10.12:419][903]LogModuleManager: Shutting down and abandoning module EditorStyle (240)
[2026.09.20-07.10.12:425][903]LogModuleManager: Shutting down and abandoning module KismetCompiler (236)
[2026.09.20-07.10.12:425][903]LogModuleManager: Shutting down and abandoning module MeshBuilder (234)
[2026.09.20-07.10.12:425][903]LogModuleManager: Shutting down and abandoning module MeshUtilities (232)
[2026.09.20-07.10.12:426][903]LogModuleManager: Shutting down and abandoning module MeshMergeUtilities (231)
[2026.09.20-07.10.12:426][903]LogModuleManager: Shutting down and abandoning module MeshReductionInterface (230)
[2026.09.20-07.10.12:427][903]LogModuleManager: Shutting down and abandoning module MeshBoneReduction (229)
[2026.09.20-07.10.12:427][903]LogModuleManager: Shutting down and abandoning module SkeletalMeshReduction (227)
[2026.09.20-07.10.12:427][903]LogModuleManager: Shutting down and abandoning module ProxyLODMeshReduction (225)
[2026.09.20-07.10.12:429][903]LogModuleManager: Shutting down and abandoning module QuadricMeshReduction (223)
[2026.09.20-07.10.12:429][903]LogModuleManager: Shutting down and abandoning module MaterialBaking (219)
[2026.09.20-07.10.12:429][903]LogModuleManager: Shutting down and abandoning module NullInstallBundleManager (214)
[2026.09.20-07.10.12:429][903]LogModuleManager: Shutting down and abandoning module DerivedDataCache (212)
[2026.09.20-07.10.12:431][903]LogModuleManager: Shutting down and abandoning module TargetPlatform (210)
[2026.09.20-07.10.12:432][903]LogModuleManager: Shutting down and abandoning module VulkanShaderFormat (209)
[2026.09.20-07.10.12:434][903]LogModuleManager: Shutting down and abandoning module ShaderFormatVectorVM (207)
[2026.09.20-07.10.12:434][903]LogModuleManager: Shutting down and abandoning module ShaderFormatOpenGL (205)
[2026.09.20-07.10.12:434][903]LogModuleManager: Shutting down and abandoning module ShaderFormatD3D (203)
[2026.09.20-07.10.12:435][903]LogModuleManager: Shutting down and abandoning module MetalShaderFormat (201)
[2026.09.20-07.10.12:435][903]LogModuleManager: Shutting down and abandoning module TextureFormatOodle (199)
[2026.09.20-07.10.12:435][903]LogModuleManager: Shutting down and abandoning module TextureFormatUncompressed (197)
[2026.09.20-07.10.12:436][903]LogModuleManager: Shutting down and abandoning module TextureFormatPVR (195)
[2026.09.20-07.10.12:436][903]LogModuleManager: Shutting down and abandoning module TextureFormatETC2 (193)
[2026.09.20-07.10.12:436][903]LogModuleManager: Shutting down and abandoning module TextureFormatDXT (191)
[2026.09.20-07.10.12:436][903]LogModuleManager: Shutting down and abandoning module TextureFormatIntelISPCTexComp (189)
[2026.09.20-07.10.12:436][903]LogModuleManager: Shutting down and abandoning module TextureFormatASTC (187)
[2026.09.20-07.10.12:437][903]LogModuleManager: Shutting down and abandoning module ImageWrapper (186)
[2026.09.20-07.10.12:437][903]LogModuleManager: Shutting down and abandoning module AudioFormatOpus (183)
[2026.09.20-07.10.12:437][903]LogModuleManager: Shutting down and abandoning module AudioFormatOgg (181)
[2026.09.20-07.10.12:437][903]LogModuleManager: Shutting down and abandoning module AudioFormatADPCM (179)
[2026.09.20-07.10.12:437][903]LogModuleManager: Shutting down and abandoning module WindowsServerTargetPlatform (177)
[2026.09.20-07.10.12:437][903]LogModuleManager: Shutting down and abandoning module WindowsClientTargetPlatform (175)
[2026.09.20-07.10.12:437][903]LogModuleManager: Shutting down and abandoning module WindowsTargetPlatform (173)
[2026.09.20-07.10.12:437][903]LogModuleManager: Shutting down and abandoning module WindowsNoEditorTargetPlatform (171)
[2026.09.20-07.10.12:438][903]LogModuleManager: Shutting down and abandoning module TVOSTargetPlatform (169)
[2026.09.20-07.10.12:450][903]LogModuleManager: Shutting down and abandoning module MacServerTargetPlatform (167)
[2026.09.20-07.10.12:450][903]LogModuleManager: Shutting down and abandoning module MacClientTargetPlatform (165)
[2026.09.20-07.10.12:450][903]LogModuleManager: Shutting down and abandoning module MacTargetPlatform (163)
[2026.09.20-07.10.12:450][903]LogModuleManager: Shutting down and abandoning module MacNoEditorTargetPlatform (161)
[2026.09.20-07.10.12:451][903]LogModuleManager: Shutting down and abandoning module LuminTargetPlatform (159)
[2026.09.20-07.10.12:462][903]LogModuleManager: Shutting down and abandoning module LinuxAArch64ServerTargetPlatform (157)
[2026.09.20-07.10.12:463][903]LogModuleManager: Shutting down and abandoning module LinuxAArch64ClientTargetPlatform (155)
[2026.09.20-07.10.12:463][903]LogModuleManager: Shutting down and abandoning module LinuxAArch64NoEditorTargetPlatform (153)
[2026.09.20-07.10.12:464][903]LogModuleManager: Shutting down and abandoning module LinuxServerTargetPlatform (151)
[2026.09.20-07.10.12:464][903]LogModuleManager: Shutting down and abandoning module LinuxClientTargetPlatform (149)
[2026.09.20-07.10.12:464][903]LogModuleManager: Shutting down and abandoning module LinuxNoEditorTargetPlatform (147)
[2026.09.20-07.10.12:464][903]LogModuleManager: Shutting down and abandoning module LinuxTargetPlatform (145)
[2026.09.20-07.10.12:465][903]LogModuleManager: Shutting down and abandoning module Messaging (143)
[2026.09.20-07.10.12:465][903]LogModuleManager: Shutting down and abandoning module IOSTargetPlatform (141)
[2026.09.20-07.10.12:471][903]LogModuleManager: Shutting down and abandoning module AndroidTargetPlatform (139)
[2026.09.20-07.10.12:500][903]LogModuleManager: Shutting down and abandoning module AllDesktopTargetPlatform (137)
[2026.09.20-07.10.12:500][903]LogModuleManager: Shutting down and abandoning module D3D11RHI (134)
[2026.09.20-07.10.12:500][903]LogModuleManager: Shutting down and abandoning module InputCore (132)
[2026.09.20-07.10.12:500][903]LogModuleManager: Shutting down and abandoning module Settings (130)
[2026.09.20-07.10.12:501][903]LogModuleManager: Shutting down and abandoning module DirectoryWatcher (128)
[2026.09.20-07.10.12:502][903]LogModuleManager: Shutting down and abandoning module PhysXCooking (126)
[2026.09.20-07.10.12:502][903]LogModuleManager: Shutting down and abandoning module Chaos (124)
[2026.09.20-07.10.12:503][903]LogModuleManager: Shutting down and abandoning module WindowsPlatformFeatures (122)
[2026.09.20-07.10.12:503][903]LogModuleManager: Shutting down and abandoning module GameplayMediaEncoder (121)
[2026.09.20-07.10.12:503][903]LogModuleManager: Shutting down and abandoning module AVEncoder (120)
[2026.09.20-07.10.12:504][903]LogModuleManager: Shutting down and abandoning module SteamVRInputDevice (116)
[2026.09.20-07.10.12:504][903]LogModuleManager: Shutting down and abandoning module SteamVRInput (114)
[2026.09.20-07.10.12:504][903]LogModuleManager: Shutting down and abandoning module SteamVR (112)
[2026.09.20-07.10.12:504][903]LogHMD: Freeing OpenVRDLLHandle.
[2026.09.20-07.10.12:504][903]LogModuleManager: Shutting down and abandoning module OculusHMD (110)
[2026.09.20-07.10.12:504][903]LogModuleManager: Shutting down and abandoning module OpenXRAR (108)
[2026.09.20-07.10.12:504][903]LogModuleManager: Shutting down and abandoning module AugmentedReality (107)
[2026.09.20-07.10.12:504][903]LogModuleManager: Shutting down and abandoning module OpenXREyeTracker (104)
[2026.09.20-07.10.12:504][903]LogModuleManager: Shutting down and abandoning module OpenXRHandTracking (102)
[2026.09.20-07.10.12:505][903]LogSlate: Slate User Destroyed.  User Index 0, Is Virtual User: 0
[2026.09.20-07.10.12:505][903]LogModuleManager: Shutting down and abandoning module OpenXRHMD (101)
[2026.09.20-07.10.12:510][903]LogModuleManager: Shutting down and abandoning module ChunkDownloader (98)
[2026.09.20-07.10.12:511][903]LogModuleManager: Shutting down and abandoning module ExampleDeviceProfileSelector (96)
[2026.09.20-07.10.12:511][903]LogModuleManager: Shutting down and abandoning module OnlineBlueprintSupport (94)
[2026.09.20-07.10.12:511][903]LogModuleManager: Shutting down and abandoning module OnlineSubsystem (90)
[2026.09.20-07.10.12:514][903]LogModuleManager: Shutting down and abandoning module XMPP (85)
[2026.09.20-07.10.12:515][903]LogModuleManager: Shutting down and abandoning module WebSockets (84)
[2026.09.20-07.10.12:544][903]LogModuleManager: Shutting down and abandoning module HTTP (81)
[2026.09.20-07.10.12:544][903]LogHttp: Display: Http module shutting down, but needs to wait on 1 outstanding Http requests:
[2026.09.20-07.10.12:545][903]LogHttp: Display: 	verb=[POST] url=[https://datarouter.ol.epicgames.com/datarouter/api/v1/public/data?SessionID=%7B7C063EF1-41BE-88AA-E65B-D3977E68D361%7D&AppID=UEEditor.Rocket.Release&AppVersion=4.27.2-18319896%2B%2B%2BUE4%2BRelease-4.27&UserID=087076ab49e7463a672f388b504bd352%7C76d20a4c82cf4939b3dc9b69c35827a3%7C205759ab-a0c1-4306-8389-295da35e3e04&AppEnvironment=datacollector-binary&UploadType=eteventstream] refs=[1] status=Processing
[2026.09.20-07.10.12:545][903]LogHttp: Display: cleaning up 1 outstanding Http requests.
[2026.09.20-07.10.12:577][903]LogModuleManager: Shutting down and abandoning module SSL (80)
[2026.09.20-07.10.12:584][903]LogModuleManager: Shutting down and abandoning module NiagaraVertexFactories (76)
[2026.09.20-07.10.12:584][903]LogModuleManager: Shutting down and abandoning module NiagaraShader (74)
[2026.09.20-07.10.12:584][903]LogModuleManager: Shutting down and abandoning module LauncherChunkInstaller (72)
[2026.09.20-07.10.12:584][903]LogModuleManager: Shutting down and abandoning module WmfMedia (70)
[2026.09.20-07.10.12:587][903]LogModuleManager: Shutting down and abandoning module Media (69)
[2026.09.20-07.10.12:588][903]LogModuleManager: Shutting down and abandoning module MediaInfo (68)
[2026.09.20-07.10.12:588][903]LogModuleManager: Shutting down and abandoning module ExrReaderGpu (64)
[2026.09.20-07.10.12:588][903]LogModuleManager: Shutting down and abandoning module MLSDK (62)
[2026.09.20-07.10.12:588][903]LogModuleManager: Shutting down and abandoning module MagicLeap (60)
[2026.09.20-07.10.12:588][903]LogModuleManager: Shutting down and abandoning module VariantManagerContent (58)
[2026.09.20-07.10.12:588][903]LogModuleManager: Shutting down and abandoning module DatasmithContent (56)
[2026.09.20-07.10.12:589][903]LogModuleManager: Shutting down and abandoning module ChaosCloth (54)
[2026.09.20-07.10.12:589][903]LogModuleManager: Shutting down and abandoning module PixWinPlugin (52)
[2026.09.20-07.10.12:589][903]LogModuleManager: Shutting down and abandoning module AISupportModule (50)
[2026.09.20-07.10.12:589][903]LogModuleManager: Shutting down and abandoning module DesktopPlatform (48)
[2026.09.20-07.10.12:590][903]LogModuleManager: Shutting down and abandoning module PlatformCryptoOpenSSL (46)
[2026.09.20-07.10.12:590][903]LogModuleManager: Shutting down and abandoning module PlatformCryptoTypes (44)
[2026.09.20-07.10.12:590][903]LogModuleManager: Shutting down and abandoning module PlatformCrypto (42)
[2026.09.20-07.10.12:590][903]LogModuleManager: Shutting down and abandoning module PythonScriptPluginPreload (40)
[2026.09.20-07.10.12:590][903]LogModuleManager: Shutting down and abandoning module OodleDataCompressionFormat (38)
[2026.09.20-07.10.12:591][903]LogModuleManager: Shutting down and abandoning module XGEController (36)
[2026.09.20-07.10.12:591][903]LogModuleManager: Shutting down and abandoning module AnimationModifiers (34)
[2026.09.20-07.10.12:591][903]LogModuleManager: Shutting down and abandoning module AudioEditor (32)
[2026.09.20-07.10.12:594][903]LogModuleManager: Shutting down and abandoning module PropertyEditor (31)
[2026.09.20-07.10.12:597][903]LogModuleManager: Shutting down and abandoning module TextureCompressor (28)
[2026.09.20-07.10.12:597][903]LogModuleManager: Shutting down and abandoning module RenderCore (26)
[2026.09.20-07.10.12:597][903]LogModuleManager: Shutting down and abandoning module Landscape (24)
[2026.09.20-07.10.12:597][903]LogModuleManager: Shutting down and abandoning module SlateRHIRenderer (22)
[2026.09.20-07.10.12:602][903]LogModuleManager: Shutting down and abandoning module AnimGraphRuntime (20)
[2026.09.20-07.10.12:603][903]LogModuleManager: Shutting down and abandoning module Renderer (18)
[2026.09.20-07.10.12:604][903]LogModuleManager: Shutting down and abandoning module Engine (16)
[2026.09.20-07.10.12:604][903]LogModuleManager: Shutting down and abandoning module CoreUObject (14)
[2026.09.20-07.10.12:604][903]LogModuleManager: Shutting down and abandoning module NetworkFile (12)
[2026.09.20-07.10.12:604][903]LogModuleManager: Shutting down and abandoning module CookedIterativeFile (10)
[2026.09.20-07.10.12:604][903]LogModuleManager: Shutting down and abandoning module StreamingFile (8)
[2026.09.20-07.10.12:604][903]LogModuleManager: Shutting down and abandoning module SandboxFile (6)
[2026.09.20-07.10.12:604][903]LogModuleManager: Shutting down and abandoning module PakFile (4)
[2026.09.20-07.10.12:606][903]LogModuleManager: Shutting down and abandoning module RSA (3)
[2026.09.20-07.10.12:607][903]LogContentStreaming: Display: There are 1 unreleased StreamingManagers
[2026.09.20-07.10.12:657][903]LogD3D11RHI: Shutdown
[2026.09.20-07.10.12:657][903]LogD3D11RHI: CleanupD3DDevice
[2026.09.20-07.10.12:689][903]LogExit: Exiting.
[2026.09.20-07.10.12:712][903]Log file closed, 09/20/26 01:10:12
