Log file open, 09/23/26 13:49:02
LogWindows: Failed to load 'aqProf.dll' (GetLastError=126)
LogWindows: File 'aqProf.dll' does not exist
LogWindows: Failed to load 'VtuneApi.dll' (GetLastError=126)
LogWindows: File 'VtuneApi.dll' does not exist
LogWindows: Failed to load 'VtuneApi32e.dll' (GetLastError=126)
LogWindows: File 'VtuneApi32e.dll' does not exist
LogConsoleResponse: Display: Failed to find resolution value strings in scalability ini. Falling back to default.
LogConsoleResponse: Display: Failed to find resolution value strings in scalability ini. Falling back to default.
LogInit: Display: Running engine for game: Terraformer
LogPlatformFile: Not using cached read wrapper
LogTaskGraph: Started task graph with 5 named threads and 59 total threads with 3 sets of task threads.
LogStats: Stats thread started at 0.326372
LogICUInternationalization: ICU TimeZone Detection - Raw Offset: -6:00, Platform Override: ''
LogInit: Display: Loading text-based GConfig....
LogPluginManager: Mounting plugin MeshPainting
LogPluginManager: Mounting plugin XGEController
LogPluginManager: Mounting plugin Paper2D
LogPluginManager: Mounting plugin LiveLink
LogPluginManager: Mounting plugin AISupport
LogPluginManager: Mounting plugin CameraShakePreviewer
LogPluginManager: Mounting plugin EnvironmentQueryEditor
LogPluginManager: Mounting plugin LightPropagationVolume
LogPluginManager: Mounting plugin GameplayCameras
LogPluginManager: Mounting plugin AnimationSharing
LogPluginManager: Mounting plugin CLionSourceCodeAccess
LogPluginManager: Mounting plugin GitSourceControl
LogPluginManager: Mounting plugin PixWinPlugin
LogPluginManager: Mounting plugin PerforceSourceControl
LogPluginManager: Mounting plugin PlasticSourceControl
LogPluginManager: Mounting plugin KDevelopSourceCodeAccess
LogPluginManager: Mounting plugin PluginUtils
LogPluginManager: Mounting plugin RiderSourceCodeAccess
LogPluginManager: Mounting plugin CodeLiteSourceCodeAccess
LogPluginManager: Mounting plugin NullSourceCodeAccess
LogPluginManager: Mounting plugin SubversionSourceControl
LogPluginManager: Mounting plugin PropertyAccessNode
LogPluginManager: Mounting plugin TextureFormatOodle
LogPluginManager: Mounting plugin UObjectPlugin
LogPluginManager: Mounting plugin VisualStudioSourceCodeAccess
LogPluginManager: Mounting plugin VisualStudioCodeSourceCodeAccess
LogPluginManager: Mounting plugin XCodeSourceCodeAccess
LogPluginManager: Mounting plugin DatasmithContent
LogPluginManager: Mounting plugin VariantManagerContent
LogPluginManager: Mounting plugin AssetManagerEditor
LogPluginManager: Mounting plugin CurveEditorTools
LogPluginManager: Mounting plugin CryptoKeys
LogPluginManager: Mounting plugin DataValidation
LogPluginManager: Mounting plugin GameplayTagsEditor
LogPluginManager: Mounting plugin GeometryMode
LogPluginManager: Mounting plugin FacialAnimation
LogPluginManager: Mounting plugin MobileLauncherProfileWizard
LogPluginManager: Mounting plugin MaterialAnalyzer
LogPluginManager: Mounting plugin SpeedTreeImporter
LogPluginManager: Mounting plugin MacGraphicsSwitching
LogPluginManager: Mounting plugin OodleNetwork
LogPluginManager: Mounting plugin OodleData
LogPluginManager: Mounting plugin PluginBrowser
LogPluginManager: Mounting plugin Niagara
LogPluginManager: Mounting plugin AndroidMedia
LogPluginManager: Mounting plugin AvfMedia
LogPluginManager: Mounting plugin ImgMedia
LogPluginManager: Mounting plugin MediaCompositing
LogPluginManager: Mounting plugin MediaPlayerEditor
LogPluginManager: Mounting plugin WmfMedia
LogPluginManager: Mounting plugin WebMMedia
LogPluginManager: Mounting plugin LuminPlatformFeatures
LogPluginManager: Mounting plugin MagicLeap
LogPluginManager: Mounting plugin MagicLeapLightEstimation
LogPluginManager: Mounting plugin MagicLeapMedia
LogPluginManager: Mounting plugin MagicLeapPassableWorld
LogPluginManager: Mounting plugin MLSDK
LogPluginManager: Mounting plugin OnlineSubsystem
LogPluginManager: Mounting plugin OnlineSubsystemNull
LogPluginManager: Mounting plugin OnlineSubsystemUtils
LogPluginManager: Mounting plugin TcpMessaging
LogPluginManager: Mounting plugin LauncherChunkInstaller
LogPluginManager: Mounting plugin UdpMessaging
LogPluginManager: Mounting plugin AlembicImporter
LogPluginManager: Mounting plugin BackChannel
LogPluginManager: Mounting plugin AutomationUtils
LogPluginManager: Mounting plugin ChaosClothEditor
LogPluginManager: Mounting plugin ChaosCloth
LogPluginManager: Mounting plugin ChaosNiagara
LogPluginManager: Mounting plugin ChaosSolverPlugin
LogPluginManager: Mounting plugin CharacterAI
LogPluginManager: Mounting plugin ChaosEditor
LogPluginManager: Mounting plugin GeometryCache
LogPluginManager: Mounting plugin GeometryCollectionPlugin
LogPluginManager: Mounting plugin GeometryProcessing
LogPluginManager: Mounting plugin MotoSynth
LogPluginManager: Mounting plugin OpenImageDenoise
LogPluginManager: Mounting plugin PythonScriptPlugin
LogPluginManager: Mounting plugin PlatformCrypto
LogPluginManager: Mounting plugin PlanarCut
LogPluginManager: Mounting plugin ProxyLODPlugin
LogPluginManager: Mounting plugin ActorSequence
LogPluginManager: Mounting plugin LevelSequenceEditor
LogPluginManager: Mounting plugin MatineeToLevelSequence
LogPluginManager: Mounting plugin TemplateSequence
LogPluginManager: Mounting plugin ActorLayerUtilities
LogPluginManager: Mounting plugin SkeletalReduction
LogPluginManager: Mounting plugin AppleImageUtils
LogPluginManager: Mounting plugin AndroidPermission
LogPluginManager: Mounting plugin AssetTags
LogPluginManager: Mounting plugin ArchVisCharacter
LogPluginManager: Mounting plugin AudioCapture
LogPluginManager: Mounting plugin CableComponent
LogPluginManager: Mounting plugin AndroidDeviceProfileSelector
LogPluginManager: Mounting plugin ChunkDownloader
LogPluginManager: Mounting plugin AudioSynesthesia
LogPluginManager: Mounting plugin CustomMeshComponent
LogPluginManager: Mounting plugin EditableMesh
LogPluginManager: Mounting plugin AndroidMoviePlayer
LogPluginManager: Mounting plugin ExampleDeviceProfileSelector
LogPluginManager: Mounting plugin AppleMoviePlayer
LogPluginManager: Mounting plugin ScreenshotTools
LogPluginManager: Mounting plugin GoogleCloudMessaging
LogPluginManager: Mounting plugin GooglePAD
LogPluginManager: Mounting plugin MobilePatchingUtils
LogPluginManager: Mounting plugin LinuxDeviceProfileSelector
LogPluginManager: Mounting plugin LocationServicesBPLibrary
LogPluginManager: Mounting plugin IOSDeviceProfileSelector
LogPluginManager: Mounting plugin OpenXR
LogPluginManager: Mounting plugin OpenXRHandTracking
LogPluginManager: Mounting plugin OpenXREyeTracker
LogPluginManager: Mounting plugin Takes
LogPluginManager: Mounting plugin PhysXVehicles
LogPluginManager: Mounting plugin PostSplashScreen
LogPluginManager: Mounting plugin PropertyAccessEditor
LogPluginManager: Mounting plugin ProceduralMeshComponent
LogPluginManager: Mounting plugin RuntimePhysXCooking
LogPluginManager: Mounting plugin SignificanceManager
LogPluginManager: Mounting plugin SoundFields
LogPluginManager: Mounting plugin WebMMoviePlayer
LogPluginManager: Mounting plugin Synthesis
LogPluginManager: Mounting plugin WindowsMoviePlayer
LogPluginManager: Mounting plugin ContentBrowserClassDataSource
LogPluginManager: Mounting plugin ContentBrowserFileDataSource
LogPluginManager: Mounting plugin ContentBrowserAssetDataSource
LogPluginManager: Mounting plugin OnlineSubsystemGooglePlay
LogPluginManager: Mounting plugin OnlineSubsystemIOS
LogPluginManager: Mounting plugin OculusVR
LogPluginManager: Mounting plugin SteamVR
PixWinPlugin: PIX capture plugin failed to initialize! Check that the process is launched from PIX.
LogInit: Using libcurl 7.55.1-DEV
LogInit:  - built for x86_64-pc-win32
LogInit:  - supports SSL with OpenSSL/1.1.1
LogInit:  - supports HTTP deflate (compression) using libz 1.2.8
LogInit:  - other features:
LogInit:      CURL_VERSION_SSL
LogInit:      CURL_VERSION_LIBZ
LogInit:      CURL_VERSION_IPV6
LogInit:      CURL_VERSION_ASYNCHDNS
LogInit:      CURL_VERSION_LARGEFILE
LogInit:      CURL_VERSION_IDN
LogInit:  CurlRequestOptions (configurable via config and command line):
LogInit:  - bVerifyPeer = true  - Libcurl will verify peer certificate
LogInit:  - bUseHttpProxy = false  - Libcurl will NOT use HTTP proxy
LogInit:  - bDontReuseConnections = false  - Libcurl will reuse connections
LogInit:  - MaxHostConnections = 16  - Libcurl will limit the number of connections to a host
LogInit:  - LocalHostAddr = Default
LogInit:  - BufferSize = 65536
LogOnline: OSS: Creating online subsystem instance for: NULL
LogInit: WinSock: version 1.1 (2.2), MaxSocks=32767, MaxUdp=65467
LogOnline: OSS: TryLoadSubsystemAndSetDefault: Loaded subsystem for module [NULL]
LogOculusPluginWrapper: OculusPlugin initialized successfully
LogHMD: Failed initializing OVRPlugin 1.59.0
LogInit: Build: ++UE4+Release-4.27-CL-18319896
LogInit: Engine Version: 4.27.2-18319896+++UE4+Release-4.27
LogInit: Compatible Engine Version: 4.27.0-17155196+++UE4+Release-4.27
LogInit: Net CL: 17155196
LogInit: OS: Windows 10 (Release 2009) (), CPU: 12th Gen Intel(R) Core(TM) i7-12700H, GPU: Intel(R) Iris(R) Xe Graphics
LogInit: Compiled (64-bit): Nov 30 2021 07:12:08
LogInit: Compiled with Visual C++: 19.24.28315.00
LogInit: Build Configuration: Development
LogInit: Branch Name: ++UE4+Release-4.27
LogInit: Command Line: 
LogInit: Base Directory: C:/Program Files/Epic Games/UE_4.27/Engine/Binaries/Win64/
LogInit: Allocator: TBB
LogInit: Installed Engine Build: 1
LogDevObjectVersion: Number of dev versions registered: 29
LogDevObjectVersion:   Dev-Blueprints (B0D832E4-1F89-4F0D-ACCF-7EB736FD4AA2): 10
LogDevObjectVersion:   Dev-Build (E1C64328-A22C-4D53-A36C-8E866417BD8C): 0
LogDevObjectVersion:   Dev-Core (375EC13C-06E4-48FB-B500-84F0262A717E): 4
LogDevObjectVersion:   Dev-Editor (E4B068ED-F494-42E9-A231-DA0B2E46BB41): 40
LogDevObjectVersion:   Dev-Framework (CFFC743F-43B0-4480-9391-14DF171D2073): 37
LogDevObjectVersion:   Dev-Mobile (B02B49B5-BB20-44E9-A304-32B752E40360): 3
LogDevObjectVersion:   Dev-Networking (A4E4105C-59A1-49B5-A7C5-40C4547EDFEE): 0
LogDevObjectVersion:   Dev-Online (39C831C9-5AE6-47DC-9A44-9C173E1C8E7C): 0
LogDevObjectVersion:   Dev-Physics (78F01B33-EBEA-4F98-B9B4-84EACCB95AA2): 14
LogDevObjectVersion:   Dev-Platform (6631380F-2D4D-43E0-8009-CF276956A95A): 0
LogDevObjectVersion:   Dev-Rendering (12F88B9F-8875-4AFC-A67C-D90C383ABD29): 45
LogDevObjectVersion:   Dev-Sequencer (7B5AE74C-D270-4C10-A958-57980B212A5A): 13
LogDevObjectVersion:   Dev-VR (D7296918-1DD6-4BDD-9DE2-64A83CC13884): 3
LogDevObjectVersion:   Dev-LoadTimes (C2A15278-BFE7-4AFE-6C17-90FF531DF755): 1
LogDevObjectVersion:   Private-Geometry (6EACA3D4-40EC-4CC1-B786-8BED09428FC5): 3
LogDevObjectVersion:   Dev-AnimPhys (29E575DD-E0A3-4627-9D10-D276232CDCEA): 17
LogDevObjectVersion:   Dev-Anim (AF43A65D-7FD3-4947-9873-3E8ED9C1BB05): 15
LogDevObjectVersion:   Dev-ReflectionCapture (6B266CEC-1EC7-4B8F-A30B-E4D90942FC07): 1
LogDevObjectVersion:   Dev-Automation (0DF73D61-A23F-47EA-B727-89E90C41499A): 1
LogDevObjectVersion:   FortniteMain (601D1886-AC64-4F84-AA16-D3DE0DEAC7D6): 47
LogDevObjectVersion:   FortniteRelease (E7086368-6B23-4C58-8439-1B7016265E91): 1
LogDevObjectVersion:   Dev-Enterprise (9DFFBCD6-494F-0158-E221-12823C92A888): 10
LogDevObjectVersion:   Dev-Niagara (F2AED0AC-9AFE-416F-8664-AA7FFA26D6FC): 1
LogDevObjectVersion:   Dev-Destruction (174F1F0B-B4C6-45A5-B13F-2EE8D0FB917D): 10
LogDevObjectVersion:   Dev-Physics-Ext (35F94A83-E258-406C-A318-09F59610247C): 41
LogDevObjectVersion:   Dev-PhysicsMaterial-Chaos (B68FC16E-8B1B-42E2-B453-215C058844FE): 1
LogDevObjectVersion:   Dev-CineCamera (B2E18506-4273-CFC2-A54E-F4BB758BBA07): 1
LogDevObjectVersion:   Dev-VirtualProduction (64F58936-FD1B-42BA-BA96-7289D5D0FA4E): 1
LogDevObjectVersion:   Dev-MediaFramework (6F0ED827-A609-4895-9C91-998D90180EA4): 2
LogInit: Presizing for max 25165824 objects, including 0 objects not considered by GC, pre-allocating 0 bytes for permanent pool.
LogConfig: Applying CVar settings from Section [/Script/Engine.StreamingSettings] File [C:/Users/larse/OneDrive/Documentos/Unreal Projects/Terraformer/Saved/Config/Windows/Engine.ini]
LogConfig: Setting CVar [[s.MinBulkDataSizeForAsyncLoading:131072]]
LogConfig: Setting CVar [[s.AsyncLoadingThreadEnabled:0]]
LogConfig: Setting CVar [[s.EventDrivenLoaderEnabled:1]]
LogConfig: Setting CVar [[s.WarnIfTimeLimitExceeded:0]]
LogConfig: Setting CVar [[s.TimeLimitExceededMultiplier:1.5]]
LogConfig: Setting CVar [[s.TimeLimitExceededMinTime:0.005]]
LogConfig: Setting CVar [[s.UseBackgroundLevelStreaming:1]]
LogConfig: Setting CVar [[s.PriorityAsyncLoadingExtraTime:15.0]]
LogConfig: Setting CVar [[s.LevelStreamingActorsUpdateTimeLimit:5.0]]
LogConfig: Setting CVar [[s.PriorityLevelStreamingActorsUpdateExtraTime:5.0]]
LogConfig: Setting CVar [[s.LevelStreamingComponentsRegistrationGranularity:10]]
LogConfig: Setting CVar [[s.UnregisterComponentsTimeLimit:1.0]]
LogConfig: Setting CVar [[s.LevelStreamingComponentsUnregistrationGranularity:5]]
LogConfig: Setting CVar [[s.FlushStreamingOnExit:1]]
LogInit: Object subsystem initialized
LogConfig: Setting CVar [[con.DebugEarlyDefault:1]]
LogConfig: Setting CVar [[r.setres:1280x720]]
[2026.09.23-19.49.02:632][  0]LogConfig: Setting CVar [[r.VSync:0]]
[2026.09.23-19.49.02:632][  0]LogConfig: Setting CVar [[r.RHICmdBypass:0]]
[2026.09.23-19.49.02:632][  0]LogConfig: Applying CVar settings from Section [/Script/Engine.RendererSettings] File [C:/Users/larse/OneDrive/Documentos/Unreal Projects/Terraformer/Saved/Config/Windows/Engine.ini]
[2026.09.23-19.49.02:632][  0]LogConfig: Setting CVar [[r.GPUCrashDebugging:0]]
[2026.09.23-19.49.02:632][  0]LogConfig: Applying CVar settings from Section [/Script/Engine.RendererOverrideSettings] File [C:/Users/larse/OneDrive/Documentos/Unreal Projects/Terraformer/Saved/Config/Windows/Engine.ini]
[2026.09.23-19.49.02:632][  0]LogConfig: Applying CVar settings from Section [/Script/Engine.StreamingSettings] File [C:/Users/larse/OneDrive/Documentos/Unreal Projects/Terraformer/Saved/Config/Windows/Engine.ini]
[2026.09.23-19.49.02:632][  0]LogConfig: Setting CVar [[s.MinBulkDataSizeForAsyncLoading:131072]]
[2026.09.23-19.49.02:632][  0]LogConfig: Setting CVar [[s.AsyncLoadingThreadEnabled:0]]
[2026.09.23-19.49.02:632][  0]LogConfig: Setting CVar [[s.EventDrivenLoaderEnabled:1]]
[2026.09.23-19.49.02:632][  0]LogConfig: Setting CVar [[s.WarnIfTimeLimitExceeded:0]]
[2026.09.23-19.49.02:632][  0]LogConfig: Setting CVar [[s.TimeLimitExceededMultiplier:1.5]]
[2026.09.23-19.49.02:632][  0]LogConfig: Setting CVar [[s.TimeLimitExceededMinTime:0.005]]
[2026.09.23-19.49.02:632][  0]LogConfig: Setting CVar [[s.UseBackgroundLevelStreaming:1]]
[2026.09.23-19.49.02:633][  0]LogConfig: Setting CVar [[s.PriorityAsyncLoadingExtraTime:15.0]]
[2026.09.23-19.49.02:633][  0]LogConfig: Setting CVar [[s.LevelStreamingActorsUpdateTimeLimit:5.0]]
[2026.09.23-19.49.02:633][  0]LogConfig: Setting CVar [[s.PriorityLevelStreamingActorsUpdateExtraTime:5.0]]
[2026.09.23-19.49.02:633][  0]LogConfig: Setting CVar [[s.LevelStreamingComponentsRegistrationGranularity:10]]
[2026.09.23-19.49.02:633][  0]LogConfig: Setting CVar [[s.UnregisterComponentsTimeLimit:1.0]]
[2026.09.23-19.49.02:633][  0]LogConfig: Setting CVar [[s.LevelStreamingComponentsUnregistrationGranularity:5]]
[2026.09.23-19.49.02:633][  0]LogConfig: Setting CVar [[s.FlushStreamingOnExit:1]]
[2026.09.23-19.49.02:633][  0]LogConfig: Applying CVar settings from Section [/Script/Engine.GarbageCollectionSettings] File [C:/Users/larse/OneDrive/Documentos/Unreal Projects/Terraformer/Saved/Config/Windows/Engine.ini]
[2026.09.23-19.49.02:633][  0]LogConfig: Setting CVar [[gc.MaxObjectsNotConsideredByGC:1]]
[2026.09.23-19.49.02:633][  0]LogConfig: Setting CVar [[gc.SizeOfPermanentObjectPool:0]]
[2026.09.23-19.49.02:633][  0]LogConfig: Setting CVar [[gc.FlushStreamingOnGC:0]]
[2026.09.23-19.49.02:633][  0]LogConfig: Setting CVar [[gc.NumRetriesBeforeForcingGC:10]]
[2026.09.23-19.49.02:633][  0]LogConfig: Setting CVar [[gc.AllowParallelGC:1]]
[2026.09.23-19.49.02:633][  0]LogConfig: Setting CVar [[gc.TimeBetweenPurgingPendingKillObjects:61.1]]
[2026.09.23-19.49.02:633][  0]LogConfig: Setting CVar [[gc.MaxObjectsInEditor:25165824]]
[2026.09.23-19.49.02:633][  0]LogConfig: Setting CVar [[gc.IncrementalBeginDestroyEnabled:1]]
[2026.09.23-19.49.02:633][  0]LogConfig: Setting CVar [[gc.CreateGCClusters:1]]
[2026.09.23-19.49.02:633][  0]LogConfig: Setting CVar [[gc.MinGCClusterSize:5]]
[2026.09.23-19.49.02:633][  0]LogConfig: Setting CVar [[gc.ActorClusteringEnabled:0]]
[2026.09.23-19.49.02:633][  0]LogConfig: Setting CVar [[gc.BlueprintClusteringEnabled:0]]
[2026.09.23-19.49.02:633][  0]LogConfig: Setting CVar [[gc.UseDisregardForGCOnDedicatedServers:0]]
[2026.09.23-19.49.02:633][  0]LogConfig: Setting CVar [[gc.MultithreadedDestructionEnabled:1]]
[2026.09.23-19.49.02:633][  0]LogConfig: Applying CVar settings from Section [/Script/Engine.NetworkSettings] File [C:/Users/larse/OneDrive/Documentos/Unreal Projects/Terraformer/Saved/Config/Windows/Engine.ini]
[2026.09.23-19.49.02:633][  0]LogConfig: Applying CVar settings from Section [/Script/UnrealEd.CookerSettings] File [C:/Users/larse/OneDrive/Documentos/Unreal Projects/Terraformer/Saved/Config/Windows/Engine.ini]
[2026.09.23-19.49.02:642][  0]LogConfig: Applying CVar settings from Section [ViewDistanceQuality@3] File [C:/Users/larse/OneDrive/Documentos/Unreal Projects/Terraformer/Saved/Config/Windows/Scalability.ini]
[2026.09.23-19.49.02:642][  0]LogConfig: Setting CVar [[r.SkeletalMeshLODBias:0]]
[2026.09.23-19.49.02:642][  0]LogConfig: Setting CVar [[r.ViewDistanceScale:1.0]]
[2026.09.23-19.49.02:642][  0]LogConfig: Applying CVar settings from Section [AntiAliasingQuality@3] File [C:/Users/larse/OneDrive/Documentos/Unreal Projects/Terraformer/Saved/Config/Windows/Scalability.ini]
[2026.09.23-19.49.02:642][  0]LogConfig: Setting CVar [[r.PostProcessAAQuality:4]]
[2026.09.23-19.49.02:642][  0]LogConfig: Applying CVar settings from Section [ShadowQuality@3] File [C:/Users/larse/OneDrive/Documentos/Unreal Projects/Terraformer/Saved/Config/Windows/Scalability.ini]
[2026.09.23-19.49.02:642][  0]LogConfig: Setting CVar [[r.LightFunctionQuality:1]]
[2026.09.23-19.49.02:642][  0]LogConfig: Setting CVar [[r.ShadowQuality:5]]
[2026.09.23-19.49.02:642][  0]LogConfig: Setting CVar [[r.Shadow.CSM.MaxCascades:10]]
[2026.09.23-19.49.02:642][  0]LogConfig: Setting CVar [[r.Shadow.MaxResolution:2048]]
[2026.09.23-19.49.02:642][  0]LogConfig: Setting CVar [[r.Shadow.MaxCSMResolution:2048]]
[2026.09.23-19.49.02:642][  0]LogConfig: Setting CVar [[r.Shadow.RadiusThreshold:0.01]]
[2026.09.23-19.49.02:642][  0]LogConfig: Setting CVar [[r.Shadow.DistanceScale:1.0]]
[2026.09.23-19.49.02:642][  0]LogConfig: Setting CVar [[r.Shadow.CSM.TransitionScale:1.0]]
[2026.09.23-19.49.02:642][  0]LogConfig: Setting CVar [[r.Shadow.PreShadowResolutionFactor:1.0]]
[2026.09.23-19.49.02:642][  0]LogConfig: Setting CVar [[r.DistanceFieldShadowing:1]]
[2026.09.23-19.49.02:642][  0]LogConfig: Setting CVar [[r.DistanceFieldAO:1]]
[2026.09.23-19.49.02:642][  0]LogConfig: Setting CVar [[r.AOQuality:2]]
[2026.09.23-19.49.02:642][  0]LogConfig: Setting CVar [[r.VolumetricFog:1]]
[2026.09.23-19.49.02:642][  0]LogConfig: Setting CVar [[r.VolumetricFog.GridPixelSize:8]]
[2026.09.23-19.49.02:642][  0]LogConfig: Setting CVar [[r.VolumetricFog.GridSizeZ:128]]
[2026.09.23-19.49.02:642][  0]LogConfig: Setting CVar [[r.VolumetricFog.HistoryMissSupersampleCount:4]]
[2026.09.23-19.49.02:642][  0]LogConfig: Setting CVar [[r.LightMaxDrawDistanceScale:1]]
[2026.09.23-19.49.02:642][  0]LogConfig: Setting CVar [[r.CapsuleShadows:1]]
[2026.09.23-19.49.02:642][  0]LogConfig: Applying CVar settings from Section [PostProcessQuality@3] File [C:/Users/larse/OneDrive/Documentos/Unreal Projects/Terraformer/Saved/Config/Windows/Scalability.ini]
[2026.09.23-19.49.02:642][  0]LogConfig: Setting CVar [[r.MotionBlurQuality:4]]
[2026.09.23-19.49.02:642][  0]LogConfig: Setting CVar [[r.AmbientOcclusionMipLevelFactor:0.4]]
[2026.09.23-19.49.02:642][  0]LogConfig: Setting CVar [[r.AmbientOcclusionMaxQuality:100]]
[2026.09.23-19.49.02:642][  0]LogConfig: Setting CVar [[r.AmbientOcclusionLevels:-1]]
[2026.09.23-19.49.02:642][  0]LogConfig: Setting CVar [[r.AmbientOcclusionRadiusScale:1.0]]
[2026.09.23-19.49.02:642][  0]LogConfig: Setting CVar [[r.DepthOfFieldQuality:2]]
[2026.09.23-19.49.02:642][  0]LogConfig: Setting CVar [[r.RenderTargetPoolMin:400]]
[2026.09.23-19.49.02:642][  0]LogConfig: Setting CVar [[r.LensFlareQuality:2]]
[2026.09.23-19.49.02:642][  0]LogConfig: Setting CVar [[r.SceneColorFringeQuality:1]]
[2026.09.23-19.49.02:642][  0]LogConfig: Setting CVar [[r.EyeAdaptationQuality:2]]
[2026.09.23-19.49.02:642][  0]LogConfig: Setting CVar [[r.BloomQuality:5]]
[2026.09.23-19.49.02:642][  0]LogConfig: Setting CVar [[r.FastBlurThreshold:100]]
[2026.09.23-19.49.02:642][  0]LogConfig: Setting CVar [[r.Upscale.Quality:3]]
[2026.09.23-19.49.02:642][  0]LogConfig: Setting CVar [[r.Tonemapper.GrainQuantization:1]]
[2026.09.23-19.49.02:642][  0]LogConfig: Setting CVar [[r.LightShaftQuality:1]]
[2026.09.23-19.49.02:642][  0]LogConfig: Setting CVar [[r.Filter.SizeScale:1]]
[2026.09.23-19.49.02:642][  0]LogConfig: Setting CVar [[r.Tonemapper.Quality:5]]
[2026.09.23-19.49.02:642][  0]LogConfig: Setting CVar [[r.DOF.Gather.AccumulatorQuality:1        ; higher gathering accumulator quality]]
[2026.09.23-19.49.02:642][  0]LogConfig: Setting CVar [[r.DOF.Gather.PostfilterMethod:1          ; Median3x3 postfilering method]]
[2026.09.23-19.49.02:642][  0]LogConfig: Setting CVar [[r.DOF.Gather.EnableBokehSettings:0       ; no bokeh simulation when gathering]]
[2026.09.23-19.49.02:642][  0]LogConfig: Setting CVar [[r.DOF.Gather.RingCount:4                 ; medium number of samples when gathering]]
[2026.09.23-19.49.02:642][  0]LogConfig: Setting CVar [[r.DOF.Scatter.ForegroundCompositing:1    ; additive foreground scattering]]
[2026.09.23-19.49.02:642][  0]LogConfig: Setting CVar [[r.DOF.Scatter.BackgroundCompositing:2    ; additive background scattering]]
[2026.09.23-19.49.02:642][  0]LogConfig: Setting CVar [[r.DOF.Scatter.EnableBokehSettings:1      ; bokeh simulation when scattering]]
[2026.09.23-19.49.02:642][  0]LogConfig: Setting CVar [[r.DOF.Scatter.MaxSpriteRatio:0.1         ; only a maximum of 10% of scattered bokeh]]
[2026.09.23-19.49.02:642][  0]LogConfig: Setting CVar [[r.DOF.Recombine.Quality:1                ; cheap slight out of focus]]
[2026.09.23-19.49.02:642][  0]LogConfig: Setting CVar [[r.DOF.Recombine.EnableBokehSettings:0    ; no bokeh simulation on slight out of focus]]
[2026.09.23-19.49.02:642][  0]LogConfig: Setting CVar [[r.DOF.TemporalAAQuality:1                ; more stable temporal accumulation]]
[2026.09.23-19.49.02:642][  0]LogConfig: Setting CVar [[r.DOF.Kernel.MaxForegroundRadius:0.025]]
[2026.09.23-19.49.02:642][  0]LogConfig: Setting CVar [[r.DOF.Kernel.MaxBackgroundRadius:0.025]]
[2026.09.23-19.49.02:642][  0]LogConfig: Applying CVar settings from Section [TextureQuality@3] File [C:/Users/larse/OneDrive/Documentos/Unreal Projects/Terraformer/Saved/Config/Windows/Scalability.ini]
[2026.09.23-19.49.02:642][  0]LogConfig: Setting CVar [[r.Streaming.MipBias:0]]
[2026.09.23-19.49.02:642][  0]LogConfig: Setting CVar [[r.Streaming.AmortizeCPUToGPUCopy:0]]
[2026.09.23-19.49.02:642][  0]LogConfig: Setting CVar [[r.Streaming.MaxNumTexturesToStreamPerFrame:0]]
[2026.09.23-19.49.02:642][  0]LogConfig: Setting CVar [[r.Streaming.Boost:1]]
[2026.09.23-19.49.02:642][  0]LogConfig: Setting CVar [[r.MaxAnisotropy:8]]
[2026.09.23-19.49.02:642][  0]LogConfig: Setting CVar [[r.VT.MaxAnisotropy:8]]
[2026.09.23-19.49.02:642][  0]LogConfig: Setting CVar [[r.Streaming.LimitPoolSizeToVRAM:0]]
[2026.09.23-19.49.02:643][  0]LogConfig: Setting CVar [[r.Streaming.PoolSize:1000]]
[2026.09.23-19.49.02:643][  0]LogConfig: Setting CVar [[r.Streaming.MaxEffectiveScreenSize:0]]
[2026.09.23-19.49.02:643][  0]LogConfig: Applying CVar settings from Section [EffectsQuality@3] File [C:/Users/larse/OneDrive/Documentos/Unreal Projects/Terraformer/Saved/Config/Windows/Scalability.ini]
[2026.09.23-19.49.02:643][  0]LogConfig: Setting CVar [[r.TranslucencyLightingVolumeDim:64]]
[2026.09.23-19.49.02:643][  0]LogConfig: Setting CVar [[r.RefractionQuality:2]]
[2026.09.23-19.49.02:643][  0]LogConfig: Setting CVar [[r.SSR.Quality:3]]
[2026.09.23-19.49.02:643][  0]LogConfig: Setting CVar [[r.SSR.HalfResSceneColor:0]]
[2026.09.23-19.49.02:643][  0]LogConfig: Setting CVar [[r.SceneColorFormat:4]]
[2026.09.23-19.49.02:643][  0]LogConfig: Setting CVar [[r.DetailMode:2]]
[2026.09.23-19.49.02:643][  0]LogConfig: Setting CVar [[r.TranslucencyVolumeBlur:1]]
[2026.09.23-19.49.02:643][  0]LogConfig: Setting CVar [[r.MaterialQualityLevel:1 ; High quality]]
[2026.09.23-19.49.02:643][  0]LogConfig: Setting CVar [[r.AnisotropicMaterials:1]]
[2026.09.23-19.49.02:643][  0]LogConfig: Setting CVar [[r.SSS.Scale:1]]
[2026.09.23-19.49.02:643][  0]LogConfig: Setting CVar [[r.SSS.SampleSet:2]]
[2026.09.23-19.49.02:643][  0]LogConfig: Setting CVar [[r.SSS.Quality:1]]
[2026.09.23-19.49.02:643][  0]LogConfig: Setting CVar [[r.SSS.HalfRes:0]]
[2026.09.23-19.49.02:643][  0]LogConfig: Setting CVar [[r.SSGI.Quality:3]]
[2026.09.23-19.49.02:643][  0]LogConfig: Setting CVar [[r.EmitterSpawnRateScale:1.0]]
[2026.09.23-19.49.02:643][  0]LogConfig: Setting CVar [[r.ParticleLightQuality:2]]
[2026.09.23-19.49.02:643][  0]LogConfig: Setting CVar [[r.SkyAtmosphere.AerialPerspectiveLUT.FastApplyOnOpaque:1 ; Always have FastSkyLUT 1 in this case to avoid wrong sky]]
[2026.09.23-19.49.02:643][  0]LogConfig: Setting CVar [[r.SkyAtmosphere.AerialPerspectiveLUT.SampleCountMaxPerSlice:4]]
[2026.09.23-19.49.02:643][  0]LogConfig: Setting CVar [[r.SkyAtmosphere.AerialPerspectiveLUT.DepthResolution:16.0]]
[2026.09.23-19.49.02:643][  0]LogConfig: Setting CVar [[r.SkyAtmosphere.FastSkyLUT:1]]
[2026.09.23-19.49.02:643][  0]LogConfig: Setting CVar [[r.SkyAtmosphere.FastSkyLUT.SampleCountMin:4.0]]
[2026.09.23-19.49.02:643][  0]LogConfig: Setting CVar [[r.SkyAtmosphere.FastSkyLUT.SampleCountMax:128.0]]
[2026.09.23-19.49.02:643][  0]LogConfig: Setting CVar [[r.SkyAtmosphere.SampleCountMin:4.0]]
[2026.09.23-19.49.02:643][  0]LogConfig: Setting CVar [[r.SkyAtmosphere.SampleCountMax:128.0]]
[2026.09.23-19.49.02:643][  0]LogConfig: Setting CVar [[r.SkyAtmosphere.TransmittanceLUT.UseSmallFormat:0]]
[2026.09.23-19.49.02:643][  0]LogConfig: Setting CVar [[r.SkyAtmosphere.TransmittanceLUT.SampleCount:10.0]]
[2026.09.23-19.49.02:643][  0]LogConfig: Setting CVar [[r.SkyAtmosphere.MultiScatteringLUT.SampleCount:15.0]]
[2026.09.23-19.49.02:643][  0]LogConfig: Setting CVar [[r.SkyLight.RealTimeReflectionCapture:1]]
[2026.09.23-19.49.02:643][  0]LogConfig: Applying CVar settings from Section [FoliageQuality@3] File [C:/Users/larse/OneDrive/Documentos/Unreal Projects/Terraformer/Saved/Config/Windows/Scalability.ini]
[2026.09.23-19.49.02:643][  0]LogConfig: Setting CVar [[foliage.DensityScale:1.0]]
[2026.09.23-19.49.02:643][  0]LogConfig: Setting CVar [[grass.DensityScale:1.0]]
[2026.09.23-19.49.02:643][  0]LogConfig: Applying CVar settings from Section [ShadingQuality@3] File [C:/Users/larse/OneDrive/Documentos/Unreal Projects/Terraformer/Saved/Config/Windows/Scalability.ini]
[2026.09.23-19.49.02:643][  0]LogConfig: Setting CVar [[r.HairStrands.SkyLighting.IntegrationType:2]]
[2026.09.23-19.49.02:643][  0]LogConfig: Setting CVar [[r.HairStrands.SkyAO.SampleCount:4]]
[2026.09.23-19.49.02:643][  0]LogConfig: Setting CVar [[r.HairStrands.Visibility.MSAA.SamplePerPixel:4]]
[2026.09.23-19.49.02:643][  0]LogInit: Selected Device Profile: [Windows]
[2026.09.23-19.49.02:643][  0]LogInit: Applying CVar settings loaded from the selected device profile: [Windows]
[2026.09.23-19.49.02:643][  0]LogHAL: Display: Platform has ~ 16 GB [16828751872 / 17179869184 / 16], which maps to Larger [LargestMinGB=32, LargerMinGB=12, DefaultMinGB=8, SmallerMinGB=6, SmallestMinGB=0)
[2026.09.23-19.49.02:643][  0]LogInit: Going up to parent DeviceProfile []
[2026.09.23-19.49.02:643][  0]LogConfig: Applying CVar settings from Section [ViewDistanceQuality@3] File [C:/Users/larse/OneDrive/Documentos/Unreal Projects/Terraformer/Saved/Config/Windows/Scalability.ini]
[2026.09.23-19.49.02:643][  0]LogConfig: Setting CVar [[r.SkeletalMeshLODBias:0]]
[2026.09.23-19.49.02:643][  0]LogConfig: Setting CVar [[r.ViewDistanceScale:1.0]]
[2026.09.23-19.49.02:643][  0]LogConfig: Applying CVar settings from Section [AntiAliasingQuality@3] File [C:/Users/larse/OneDrive/Documentos/Unreal Projects/Terraformer/Saved/Config/Windows/Scalability.ini]
[2026.09.23-19.49.02:643][  0]LogConfig: Setting CVar [[r.PostProcessAAQuality:4]]
[2026.09.23-19.49.02:643][  0]LogConfig: Applying CVar settings from Section [ShadowQuality@3] File [C:/Users/larse/OneDrive/Documentos/Unreal Projects/Terraformer/Saved/Config/Windows/Scalability.ini]
[2026.09.23-19.49.02:643][  0]LogConfig: Setting CVar [[r.LightFunctionQuality:1]]
[2026.09.23-19.49.02:643][  0]LogConfig: Setting CVar [[r.ShadowQuality:5]]
[2026.09.23-19.49.02:643][  0]LogConfig: Setting CVar [[r.Shadow.CSM.MaxCascades:10]]
[2026.09.23-19.49.02:643][  0]LogConfig: Setting CVar [[r.Shadow.MaxResolution:2048]]
[2026.09.23-19.49.02:644][  0]LogConfig: Setting CVar [[r.Shadow.MaxCSMResolution:2048]]
[2026.09.23-19.49.02:644][  0]LogConfig: Setting CVar [[r.Shadow.RadiusThreshold:0.01]]
[2026.09.23-19.49.02:644][  0]LogConfig: Setting CVar [[r.Shadow.DistanceScale:1.0]]
[2026.09.23-19.49.02:644][  0]LogConfig: Setting CVar [[r.Shadow.CSM.TransitionScale:1.0]]
[2026.09.23-19.49.02:644][  0]LogConfig: Setting CVar [[r.Shadow.PreShadowResolutionFactor:1.0]]
[2026.09.23-19.49.02:644][  0]LogConfig: Setting CVar [[r.DistanceFieldShadowing:1]]
[2026.09.23-19.49.02:644][  0]LogConfig: Setting CVar [[r.DistanceFieldAO:1]]
[2026.09.23-19.49.02:644][  0]LogConfig: Setting CVar [[r.AOQuality:2]]
[2026.09.23-19.49.02:644][  0]LogConfig: Setting CVar [[r.VolumetricFog:1]]
[2026.09.23-19.49.02:644][  0]LogConfig: Setting CVar [[r.VolumetricFog.GridPixelSize:8]]
[2026.09.23-19.49.02:644][  0]LogConfig: Setting CVar [[r.VolumetricFog.GridSizeZ:128]]
[2026.09.23-19.49.02:644][  0]LogConfig: Setting CVar [[r.VolumetricFog.HistoryMissSupersampleCount:4]]
[2026.09.23-19.49.02:644][  0]LogConfig: Setting CVar [[r.LightMaxDrawDistanceScale:1]]
[2026.09.23-19.49.02:644][  0]LogConfig: Setting CVar [[r.CapsuleShadows:1]]
[2026.09.23-19.49.02:644][  0]LogConfig: Applying CVar settings from Section [PostProcessQuality@3] File [C:/Users/larse/OneDrive/Documentos/Unreal Projects/Terraformer/Saved/Config/Windows/Scalability.ini]
[2026.09.23-19.49.02:644][  0]LogConfig: Setting CVar [[r.MotionBlurQuality:4]]
[2026.09.23-19.49.02:644][  0]LogConfig: Setting CVar [[r.AmbientOcclusionMipLevelFactor:0.4]]
[2026.09.23-19.49.02:644][  0]LogConfig: Setting CVar [[r.AmbientOcclusionMaxQuality:100]]
[2026.09.23-19.49.02:644][  0]LogConfig: Setting CVar [[r.AmbientOcclusionLevels:-1]]
[2026.09.23-19.49.02:644][  0]LogConfig: Setting CVar [[r.AmbientOcclusionRadiusScale:1.0]]
[2026.09.23-19.49.02:644][  0]LogConfig: Setting CVar [[r.DepthOfFieldQuality:2]]
[2026.09.23-19.49.02:644][  0]LogConfig: Setting CVar [[r.RenderTargetPoolMin:400]]
[2026.09.23-19.49.02:644][  0]LogConfig: Setting CVar [[r.LensFlareQuality:2]]
[2026.09.23-19.49.02:644][  0]LogConfig: Setting CVar [[r.SceneColorFringeQuality:1]]
[2026.09.23-19.49.02:644][  0]LogConfig: Setting CVar [[r.EyeAdaptationQuality:2]]
[2026.09.23-19.49.02:644][  0]LogConfig: Setting CVar [[r.BloomQuality:5]]
[2026.09.23-19.49.02:644][  0]LogConfig: Setting CVar [[r.FastBlurThreshold:100]]
[2026.09.23-19.49.02:644][  0]LogConfig: Setting CVar [[r.Upscale.Quality:3]]
[2026.09.23-19.49.02:644][  0]LogConfig: Setting CVar [[r.Tonemapper.GrainQuantization:1]]
[2026.09.23-19.49.02:644][  0]LogConfig: Setting CVar [[r.LightShaftQuality:1]]
[2026.09.23-19.49.02:644][  0]LogConfig: Setting CVar [[r.Filter.SizeScale:1]]
[2026.09.23-19.49.02:644][  0]LogConfig: Setting CVar [[r.Tonemapper.Quality:5]]
[2026.09.23-19.49.02:644][  0]LogConfig: Setting CVar [[r.DOF.Gather.AccumulatorQuality:1        ; higher gathering accumulator quality]]
[2026.09.23-19.49.02:644][  0]LogConfig: Setting CVar [[r.DOF.Gather.PostfilterMethod:1          ; Median3x3 postfilering method]]
[2026.09.23-19.49.02:644][  0]LogConfig: Setting CVar [[r.DOF.Gather.EnableBokehSettings:0       ; no bokeh simulation when gathering]]
[2026.09.23-19.49.02:644][  0]LogConfig: Setting CVar [[r.DOF.Gather.RingCount:4                 ; medium number of samples when gathering]]
[2026.09.23-19.49.02:644][  0]LogConfig: Setting CVar [[r.DOF.Scatter.ForegroundCompositing:1    ; additive foreground scattering]]
[2026.09.23-19.49.02:644][  0]LogConfig: Setting CVar [[r.DOF.Scatter.BackgroundCompositing:2    ; additive background scattering]]
[2026.09.23-19.49.02:644][  0]LogConfig: Setting CVar [[r.DOF.Scatter.EnableBokehSettings:1      ; bokeh simulation when scattering]]
[2026.09.23-19.49.02:644][  0]LogConfig: Setting CVar [[r.DOF.Scatter.MaxSpriteRatio:0.1         ; only a maximum of 10% of scattered bokeh]]
[2026.09.23-19.49.02:644][  0]LogConfig: Setting CVar [[r.DOF.Recombine.Quality:1                ; cheap slight out of focus]]
[2026.09.23-19.49.02:644][  0]LogConfig: Setting CVar [[r.DOF.Recombine.EnableBokehSettings:0    ; no bokeh simulation on slight out of focus]]
[2026.09.23-19.49.02:644][  0]LogConfig: Setting CVar [[r.DOF.TemporalAAQuality:1                ; more stable temporal accumulation]]
[2026.09.23-19.49.02:644][  0]LogConfig: Setting CVar [[r.DOF.Kernel.MaxForegroundRadius:0.025]]
[2026.09.23-19.49.02:644][  0]LogConfig: Setting CVar [[r.DOF.Kernel.MaxBackgroundRadius:0.025]]
[2026.09.23-19.49.02:644][  0]LogConfig: Applying CVar settings from Section [TextureQuality@3] File [C:/Users/larse/OneDrive/Documentos/Unreal Projects/Terraformer/Saved/Config/Windows/Scalability.ini]
[2026.09.23-19.49.02:644][  0]LogConfig: Setting CVar [[r.Streaming.MipBias:0]]
[2026.09.23-19.49.02:644][  0]LogConfig: Setting CVar [[r.Streaming.AmortizeCPUToGPUCopy:0]]
[2026.09.23-19.49.02:644][  0]LogConfig: Setting CVar [[r.Streaming.MaxNumTexturesToStreamPerFrame:0]]
[2026.09.23-19.49.02:644][  0]LogConfig: Setting CVar [[r.Streaming.Boost:1]]
[2026.09.23-19.49.02:644][  0]LogConfig: Setting CVar [[r.MaxAnisotropy:8]]
[2026.09.23-19.49.02:644][  0]LogConfig: Setting CVar [[r.VT.MaxAnisotropy:8]]
[2026.09.23-19.49.02:644][  0]LogConfig: Setting CVar [[r.Streaming.LimitPoolSizeToVRAM:0]]
[2026.09.23-19.49.02:644][  0]LogConfig: Setting CVar [[r.Streaming.PoolSize:1000]]
[2026.09.23-19.49.02:644][  0]LogConfig: Setting CVar [[r.Streaming.MaxEffectiveScreenSize:0]]
[2026.09.23-19.49.02:644][  0]LogConfig: Applying CVar settings from Section [EffectsQuality@3] File [C:/Users/larse/OneDrive/Documentos/Unreal Projects/Terraformer/Saved/Config/Windows/Scalability.ini]
[2026.09.23-19.49.02:644][  0]LogConfig: Setting CVar [[r.TranslucencyLightingVolumeDim:64]]
[2026.09.23-19.49.02:644][  0]LogConfig: Setting CVar [[r.RefractionQuality:2]]
[2026.09.23-19.49.02:644][  0]LogConfig: Setting CVar [[r.SSR.Quality:3]]
[2026.09.23-19.49.02:644][  0]LogConfig: Setting CVar [[r.SSR.HalfResSceneColor:0]]
[2026.09.23-19.49.02:644][  0]LogConfig: Setting CVar [[r.SceneColorFormat:4]]
[2026.09.23-19.49.02:644][  0]LogConfig: Setting CVar [[r.DetailMode:2]]
[2026.09.23-19.49.02:644][  0]LogConfig: Setting CVar [[r.TranslucencyVolumeBlur:1]]
[2026.09.23-19.49.02:644][  0]LogConfig: Setting CVar [[r.MaterialQualityLevel:1 ; High quality]]
[2026.09.23-19.49.02:644][  0]LogConfig: Setting CVar [[r.AnisotropicMaterials:1]]
[2026.09.23-19.49.02:644][  0]LogConfig: Setting CVar [[r.SSS.Scale:1]]
[2026.09.23-19.49.02:644][  0]LogConfig: Setting CVar [[r.SSS.SampleSet:2]]
[2026.09.23-19.49.02:644][  0]LogConfig: Setting CVar [[r.SSS.Quality:1]]
[2026.09.23-19.49.02:644][  0]LogConfig: Setting CVar [[r.SSS.HalfRes:0]]
[2026.09.23-19.49.02:644][  0]LogConfig: Setting CVar [[r.SSGI.Quality:3]]
[2026.09.23-19.49.02:644][  0]LogConfig: Setting CVar [[r.EmitterSpawnRateScale:1.0]]
[2026.09.23-19.49.02:644][  0]LogConfig: Setting CVar [[r.ParticleLightQuality:2]]
[2026.09.23-19.49.02:644][  0]LogConfig: Setting CVar [[r.SkyAtmosphere.AerialPerspectiveLUT.FastApplyOnOpaque:1 ; Always have FastSkyLUT 1 in this case to avoid wrong sky]]
[2026.09.23-19.49.02:644][  0]LogConfig: Setting CVar [[r.SkyAtmosphere.AerialPerspectiveLUT.SampleCountMaxPerSlice:4]]
[2026.09.23-19.49.02:644][  0]LogConfig: Setting CVar [[r.SkyAtmosphere.AerialPerspectiveLUT.DepthResolution:16.0]]
[2026.09.23-19.49.02:645][  0]LogConfig: Setting CVar [[r.SkyAtmosphere.FastSkyLUT:1]]
[2026.09.23-19.49.02:645][  0]LogConfig: Setting CVar [[r.SkyAtmosphere.FastSkyLUT.SampleCountMin:4.0]]
[2026.09.23-19.49.02:645][  0]LogConfig: Setting CVar [[r.SkyAtmosphere.FastSkyLUT.SampleCountMax:128.0]]
[2026.09.23-19.49.02:645][  0]LogConfig: Setting CVar [[r.SkyAtmosphere.SampleCountMin:4.0]]
[2026.09.23-19.49.02:645][  0]LogConfig: Setting CVar [[r.SkyAtmosphere.SampleCountMax:128.0]]
[2026.09.23-19.49.02:645][  0]LogConfig: Setting CVar [[r.SkyAtmosphere.TransmittanceLUT.UseSmallFormat:0]]
[2026.09.23-19.49.02:645][  0]LogConfig: Setting CVar [[r.SkyAtmosphere.TransmittanceLUT.SampleCount:10.0]]
[2026.09.23-19.49.02:645][  0]LogConfig: Setting CVar [[r.SkyAtmosphere.MultiScatteringLUT.SampleCount:15.0]]
[2026.09.23-19.49.02:645][  0]LogConfig: Setting CVar [[r.SkyLight.RealTimeReflectionCapture:1]]
[2026.09.23-19.49.02:645][  0]LogConfig: Applying CVar settings from Section [FoliageQuality@3] File [C:/Users/larse/OneDrive/Documentos/Unreal Projects/Terraformer/Saved/Config/Windows/Scalability.ini]
[2026.09.23-19.49.02:645][  0]LogConfig: Setting CVar [[foliage.DensityScale:1.0]]
[2026.09.23-19.49.02:645][  0]LogConfig: Setting CVar [[grass.DensityScale:1.0]]
[2026.09.23-19.49.02:645][  0]LogConfig: Applying CVar settings from Section [ShadingQuality@3] File [C:/Users/larse/OneDrive/Documentos/Unreal Projects/Terraformer/Saved/Config/Windows/Scalability.ini]
[2026.09.23-19.49.02:645][  0]LogConfig: Setting CVar [[r.HairStrands.SkyLighting.IntegrationType:2]]
[2026.09.23-19.49.02:645][  0]LogConfig: Setting CVar [[r.HairStrands.SkyAO.SampleCount:4]]
[2026.09.23-19.49.02:645][  0]LogConfig: Setting CVar [[r.HairStrands.Visibility.MSAA.SamplePerPixel:4]]
[2026.09.23-19.49.02:645][  0]LogConfig: Applying CVar settings from Section [Startup] File [../../../Engine/Config/ConsoleVariables.ini]
[2026.09.23-19.49.02:646][  0]LogConfig: Setting CVar [[net.UseAdaptiveNetUpdateFrequency:0]]
[2026.09.23-19.49.02:646][  0]LogConfig: Setting CVar [[p.chaos.AllowCreatePhysxBodies:1]]
[2026.09.23-19.49.02:646][  0]LogConfig: Setting CVar [[fx.SkipVectorVMBackendOptimizations:1]]
[2026.09.23-19.49.02:646][  0]LogConfig: Applying CVar settings from Section [ConsoleVariables] File [C:/Users/larse/OneDrive/Documentos/Unreal Projects/Terraformer/Saved/Config/Windows/Engine.ini]
[2026.09.23-19.49.02:646][  0]LogConfig: Applying CVar settings from Section [ConsoleVariables] File [C:/Users/larse/OneDrive/Documentos/Unreal Projects/Terraformer/Saved/Config/Windows/Editor.ini]
[2026.09.23-19.49.02:646][  0]LogInit: Computer: LEWLAPTOP
[2026.09.23-19.49.02:646][  0]LogInit: User: larse
[2026.09.23-19.49.02:646][  0]LogInit: CPU Page size=4096, Cores=14
[2026.09.23-19.49.02:646][  0]LogInit: High frequency timer resolution =10.000000 MHz
[2026.09.23-19.49.02:646][  0]LogMemory: Memory total: Physical=15.7GB (16GB approx)
[2026.09.23-19.49.02:646][  0]LogMemory: Platform Memory Stats for Windows
[2026.09.23-19.49.02:646][  0]LogMemory: Process Physical Memory: 154.40 MB used, 154.40 MB peak
[2026.09.23-19.49.02:646][  0]LogMemory: Process Virtual Memory: 133.71 MB used, 133.71 MB peak
[2026.09.23-19.49.02:646][  0]LogMemory: Physical Memory: 13660.43 MB used,  2388.72 MB free, 16049.15 MB total
[2026.09.23-19.49.02:646][  0]LogMemory: Virtual Memory: 134208688.00 MB used,  9042.05 MB free, 134217728.00 MB total
[2026.09.23-19.49.02:653][  0]LogWindows: WindowsPlatformFeatures enabled
[2026.09.23-19.49.02:706][  0]LogInit: Physics initialised using underlying interface: PhysX
[2026.09.23-19.49.02:707][  0]LogInit: Using OS detected language (es-MX).
[2026.09.23-19.49.02:707][  0]LogInit: Using OS detected locale (es-MX).
[2026.09.23-19.49.02:721][  0]LogTextLocalizationResource: LocRes '../../../Engine/Content/Localization/Editor/es-MX/Editor.locres' could not be opened for reading!
[2026.09.23-19.49.02:721][  0]LogTextLocalizationResource: LocRes '../../../Engine/Content/Localization/EditorTutorials/es-MX/EditorTutorials.locres' could not be opened for reading!
[2026.09.23-19.49.02:721][  0]LogTextLocalizationResource: LocRes '../../../Engine/Content/Localization/Keywords/es-MX/Keywords.locres' could not be opened for reading!
[2026.09.23-19.49.02:721][  0]LogTextLocalizationResource: LocRes '../../../Engine/Content/Localization/Category/es-MX/Category.locres' could not be opened for reading!
[2026.09.23-19.49.02:722][  0]LogTextLocalizationResource: LocRes '../../../Engine/Content/Localization/ToolTips/es-MX/ToolTips.locres' could not be opened for reading!
[2026.09.23-19.49.02:722][  0]LogTextLocalizationResource: LocRes '../../../Engine/Content/Localization/PropertyNames/es-MX/PropertyNames.locres' could not be opened for reading!
[2026.09.23-19.49.02:722][  0]LogTextLocalizationResource: LocRes '../../../Engine/Content/Localization/Engine/es-MX/Engine.locres' could not be opened for reading!
[2026.09.23-19.49.02:722][  0]LogTextLocalizationResource: LocRes '../../../Engine/Plugins/Online/OnlineSubsystemUtils/Content/Localization/OnlineSubsystemUtils/es-MX/OnlineSubsystemUtils.locres' could not be opened for reading!
[2026.09.23-19.49.02:723][  0]LogTextLocalizationResource: LocRes '../../../Engine/Plugins/Online/Android/OnlineSubsystemGooglePlay/Content/Localization/OnlineSubsystemGooglePlay/es-MX/OnlineSubsystemGooglePlay.locres' could not be opened for reading!
[2026.09.23-19.49.02:723][  0]LogTextLocalizationResource: LocRes '../../../Engine/Plugins/Online/IOS/OnlineSubsystemIOS/Content/Localization/OnlineSubsystemIOS/es-MX/OnlineSubsystemIOS.locres' could not be opened for reading!
[2026.09.23-19.49.02:755][  0]LogInit: Setting process to per monitor DPI aware
[2026.09.23-19.49.02:770][  0]LogWindowsTextInputMethodSystem: Display: IME system deactivated.
[2026.09.23-19.49.02:790][  0]LogSlate: New Slate User Created.  User Index 0, Is Virtual User: 0
[2026.09.23-19.49.02:790][  0]LogSlate: Slate User Registered.  User Index 0, Is Virtual User: 0
[2026.09.23-19.49.03:052][  0]LogD3D11RHI: Loaded GFSDK_Aftermath_Lib.x64.dll
[2026.09.23-19.49.03:121][  0]LogHMD: Failed to initialize OpenVR with code 110
[2026.09.23-19.49.03:121][  0]LogD3D11RHI: D3D11 min allowed feature level: 11_0
[2026.09.23-19.49.03:121][  0]LogD3D11RHI: D3D11 max allowed feature level: 11_0
[2026.09.23-19.49.03:121][  0]LogD3D11RHI: D3D11 adapters:
[2026.09.23-19.49.03:263][  0]LogD3D11RHI:    0. 'NVIDIA GeForce RTX 3070 Ti Laptop GPU' (Feature Level 11_0)
[2026.09.23-19.49.03:263][  0]LogD3D11RHI:       8018/0/8024 MB DedicatedVideo/DedicatedSystem/SharedSystem, Outputs:1, VendorId:0x10de
[2026.09.23-19.49.03:307][  0]LogD3D11RHI:    1. 'Intel(R) Iris(R) Xe Graphics' (Feature Level 11_0)
[2026.09.23-19.49.03:307][  0]LogD3D11RHI:       128/0/8024 MB DedicatedVideo/DedicatedSystem/SharedSystem, Outputs:0, VendorId:0x8086
[2026.09.23-19.49.03:314][  0]LogD3D11RHI:    2. 'Microsoft Basic Render Driver' (Feature Level 11_0)
[2026.09.23-19.49.03:314][  0]LogD3D11RHI:       0/0/8024 MB DedicatedVideo/DedicatedSystem/SharedSystem, Outputs:0, VendorId:0x1414
[2026.09.23-19.49.03:314][  0]LogD3D11RHI: Chosen D3D11 Adapter:
[2026.09.23-19.49.03:314][  0]LogD3D11RHI:     Description : NVIDIA GeForce RTX 3070 Ti Laptop GPU
[2026.09.23-19.49.03:314][  0]LogD3D11RHI:     VendorId    : 10de
[2026.09.23-19.49.03:314][  0]LogD3D11RHI:     DeviceId    : 24a0
[2026.09.23-19.49.03:314][  0]LogD3D11RHI:     SubSysId    : 85e41458
[2026.09.23-19.49.03:314][  0]LogD3D11RHI:     Revision    : 00a1
[2026.09.23-19.49.03:314][  0]LogD3D11RHI:     DedicatedVideoMemory : 8407482368 bytes
[2026.09.23-19.49.03:314][  0]LogD3D11RHI:     DedicatedSystemMemory : 0 bytes
[2026.09.23-19.49.03:314][  0]LogD3D11RHI:     SharedSystemMemory : 8414375936 bytes
[2026.09.23-19.49.03:314][  0]LogD3D11RHI:     AdapterLuid : 0 72857
[2026.09.23-19.49.03:327][  0]LogD3D11RHI: Creating new Direct3DDevice
[2026.09.23-19.49.03:327][  0]LogD3D11RHI:     GPU DeviceId: 0x24a0 (for the marketing name, search the web for "GPU Device Id")
[2026.09.23-19.49.03:327][  0]LogWindows: EnumDisplayDevices:
[2026.09.23-19.49.03:327][  0]LogWindows:    0. 'Intel(R) Iris(R) Xe Graphics' (P:1 D:1)
[2026.09.23-19.49.03:327][  0]LogWindows:    1. 'Intel(R) Iris(R) Xe Graphics' (P:0 D:0)
[2026.09.23-19.49.03:327][  0]LogWindows:    2. 'Intel(R) Iris(R) Xe Graphics' (P:0 D:0)
[2026.09.23-19.49.03:328][  0]LogWindows:    3. 'Intel(R) Iris(R) Xe Graphics' (P:0 D:0)
[2026.09.23-19.49.03:328][  0]LogWindows:    4. 'NVIDIA GeForce RTX 3070 Ti Laptop GPU' (P:0 D:0)
[2026.09.23-19.49.03:328][  0]LogWindows:    5. 'NVIDIA GeForce RTX 3070 Ti Laptop GPU' (P:0 D:0)
[2026.09.23-19.49.03:328][  0]LogWindows:    6. 'NVIDIA GeForce RTX 3070 Ti Laptop GPU' (P:0 D:0)
[2026.09.23-19.49.03:328][  0]LogWindows:    7. 'NVIDIA GeForce RTX 3070 Ti Laptop GPU' (P:0 D:0)
[2026.09.23-19.49.03:328][  0]LogWindows: DebugString: PrimaryIsNotTheChoosenAdapter PrimaryIsNotTheChoosenAdapter PrimaryIsNotTheChoosenAdapter PrimaryIsNotTheChoosenAdapter FoundDriverCount:4 
[2026.09.23-19.49.03:328][  0]LogD3D11RHI:     Adapter Name: NVIDIA GeForce RTX 3070 Ti Laptop GPU
[2026.09.23-19.49.03:328][  0]LogD3D11RHI:   Driver Version: 566.03 (internal:32.0.15.6603, unified:566.03)
[2026.09.23-19.49.03:328][  0]LogD3D11RHI:      Driver Date: 10-15-2024
[2026.09.23-19.49.03:328][  0]LogRHI: Texture pool is 5612 MB (70% of 8018 MB)
[2026.09.23-19.49.03:328][  0]LogD3D11RHI: Creating D3DDevice using adapter:
[2026.09.23-19.49.03:328][  0]LogD3D11RHI:     Description : NVIDIA GeForce RTX 3070 Ti Laptop GPU
[2026.09.23-19.49.03:328][  0]LogD3D11RHI:     VendorId    : 10de
[2026.09.23-19.49.03:328][  0]LogD3D11RHI:     DeviceId    : 24a0
[2026.09.23-19.49.03:328][  0]LogD3D11RHI:     SubSysId    : 85e41458
[2026.09.23-19.49.03:328][  0]LogD3D11RHI:     Revision    : 00a1
[2026.09.23-19.49.03:328][  0]LogD3D11RHI:     DedicatedVideoMemory : 8407482368 bytes
[2026.09.23-19.49.03:328][  0]LogD3D11RHI:     DedicatedSystemMemory : 0 bytes
[2026.09.23-19.49.03:328][  0]LogD3D11RHI:     SharedSystemMemory : 8414375936 bytes
[2026.09.23-19.49.03:328][  0]LogD3D11RHI:     AdapterLuid : 0 72857
[2026.09.23-19.49.03:417][  0]LogD3D11RHI: RHI has support for 64 bit atomics
[2026.09.23-19.49.03:417][  0]LogD3D11RHI: Async texture creation enabled
[2026.09.23-19.49.03:417][  0]LogD3D11RHI: Array index from any shader is supported
[2026.09.23-19.49.03:434][  0]LogD3D11RHI: GPU Timing Frequency: 1000.000000 (Debug: 2 1)
[2026.09.23-19.49.03:472][  0]LogRHI: GeForceNow SDK initialized: 1
[2026.09.23-19.49.03:795][  0]LogTargetPlatformManager: Display: Loaded TargetPlatform 'AllDesktop'
[2026.09.23-19.49.03:812][  0]LogTargetPlatformManager: Display: Loaded TargetPlatform 'Android'
[2026.09.23-19.49.03:812][  0]LogTargetPlatformManager: Display: Loaded TargetPlatform 'Android_ASTC'
[2026.09.23-19.49.03:812][  0]LogTargetPlatformManager: Display: Loaded TargetPlatform 'Android_DXT'
[2026.09.23-19.49.03:812][  0]LogTargetPlatformManager: Display: Loaded TargetPlatform 'Android_ETC2'
[2026.09.23-19.49.03:812][  0]LogTargetPlatformManager: Display: Loaded TargetPlatform 'AndroidClient'
[2026.09.23-19.49.03:812][  0]LogTargetPlatformManager: Display: Loaded TargetPlatform 'Android_ASTCClient'
[2026.09.23-19.49.03:812][  0]LogTargetPlatformManager: Display: Loaded TargetPlatform 'Android_DXTClient'
[2026.09.23-19.49.03:812][  0]LogTargetPlatformManager: Display: Loaded TargetPlatform 'Android_ETC2Client'
[2026.09.23-19.49.03:812][  0]LogTargetPlatformManager: Display: Loaded TargetPlatform 'Android_Multi'
[2026.09.23-19.49.03:812][  0]LogTargetPlatformManager: Display: Loaded TargetPlatform 'Android_MultiClient'
[2026.09.23-19.49.03:833][  0]LogTargetPlatformManager: Display: Loaded TargetPlatform 'IOSClient'
[2026.09.23-19.49.03:833][  0]LogTargetPlatformManager: Display: Loaded TargetPlatform 'IOS'
[2026.09.23-19.49.03:843][  0]LogTargetPlatformManager: Display: Loaded TargetPlatform 'Linux'
[2026.09.23-19.49.03:849][  0]LogTargetPlatformManager: Display: Loaded TargetPlatform 'LinuxNoEditor'
[2026.09.23-19.49.03:853][  0]LogTargetPlatformManager: Display: Loaded TargetPlatform 'LinuxClient'
[2026.09.23-19.49.03:858][  0]LogTargetPlatformManager: Display: Loaded TargetPlatform 'LinuxServer'
[2026.09.23-19.49.03:866][  0]LogTargetPlatformManager: Display: Loaded TargetPlatform 'LinuxAArch64NoEditor'
[2026.09.23-19.49.03:872][  0]LogTargetPlatformManager: Display: Loaded TargetPlatform 'LinuxAArch64Client'
[2026.09.23-19.49.03:877][  0]LogTargetPlatformManager: Display: Loaded TargetPlatform 'LinuxAArch64Server'
[2026.09.23-19.49.03:894][  0]LogTargetPlatformManager: Display: Loaded TargetPlatform 'Lumin'
[2026.09.23-19.49.03:894][  0]LogTargetPlatformManager: Display: Loaded TargetPlatform 'LuminClient'
[2026.09.23-19.49.03:903][  0]LogTargetPlatformManager: Display: Loaded TargetPlatform 'MacNoEditor'
[2026.09.23-19.49.03:909][  0]LogTargetPlatformManager: Display: Loaded TargetPlatform 'Mac'
[2026.09.23-19.49.03:913][  0]LogTargetPlatformManager: Display: Loaded TargetPlatform 'MacClient'
[2026.09.23-19.49.03:918][  0]LogTargetPlatformManager: Display: Loaded TargetPlatform 'MacServer'
[2026.09.23-19.49.03:927][  0]LogTargetPlatformManager: Display: Loaded TargetPlatform 'TVOSClient'
[2026.09.23-19.49.03:927][  0]LogTargetPlatformManager: Display: Loaded TargetPlatform 'TVOS'
[2026.09.23-19.49.03:935][  0]LogTargetPlatformManager: Display: Loaded TargetPlatform 'WindowsNoEditor'
[2026.09.23-19.49.03:941][  0]LogTargetPlatformManager: Display: Loaded TargetPlatform 'Windows'
[2026.09.23-19.49.03:946][  0]LogTargetPlatformManager: Display: Loaded TargetPlatform 'WindowsClient'
[2026.09.23-19.49.03:951][  0]LogTargetPlatformManager: Display: Loaded TargetPlatform 'WindowsServer'
[2026.09.23-19.49.03:951][  0]LogTargetPlatformManager: Display: Building Assets For Windows
[2026.09.23-19.49.03:961][  0]LogAudioDebug: Display: Lib vorbis DLL was dynamically loaded.
[2026.09.23-19.49.04:009][  0]LogTextureFormatOodle: Display: Oodle Texture 2.9.0 init RDO Off
[2026.09.23-19.49.04:062][  0]LogRendererCore: Ray tracing is disabled. Reason: r.RayTracing=0.
[2026.09.23-19.49.04:062][  0]LogShaderCompilers: Guid format shader working directory is -31 characters bigger than the processId version (../../../../../../Users/larse/OneDrive/Documentos/Unreal Projects/Terraformer/Intermediate/Shaders/WorkingDirectory/9048/).
[2026.09.23-19.49.04:062][  0]LogShaderCompilers: Cleaned the shader compiler working directory 'C:/Users/larse/AppData/Local/Temp/UnrealShaderWorkingDir/B4D6EF19443D35A13A798A8703ECADF7/'.
[2026.09.23-19.49.04:063][  0]LogXGEController: Cannot use XGE Controller as Incredibuild is not installed on this machine.
[2026.09.23-19.49.04:063][  0]LogShaderCompilers: Cannot use XGE Shader Compiler as Incredibuild is not installed on this machine.
[2026.09.23-19.49.04:063][  0]LogShaderCompilers: Display: Using Local Shader Compiler.
[2026.09.23-19.49.05:777][  0]LogDerivedDataCache: Display: Max Cache Size: 512 MB
[2026.09.23-19.49.05:852][  0]LogDerivedDataCache: Loaded boot cache 0.07s 94MB C:/Users/larse/AppData/Local/UnrealEngine/4.27/DerivedDataCache/Boot.ddc.
[2026.09.23-19.49.05:852][  0]LogDerivedDataCache: Display: Loaded Boot cache: C:/Users/larse/AppData/Local/UnrealEngine/4.27/DerivedDataCache/Boot.ddc
[2026.09.23-19.49.05:853][  0]LogDerivedDataCache: FDerivedDataBackendGraph:  Pak pak cache file ../../../../../../Users/larse/OneDrive/Documentos/Unreal Projects/Terraformer/DerivedDataCache/DDC.ddp not found, will not use a pak cache.
[2026.09.23-19.49.05:853][  0]LogDerivedDataCache: Unable to find inner node Pak for hierarchical cache Hierarchy.
[2026.09.23-19.49.05:853][  0]LogDerivedDataCache: FDerivedDataBackendGraph:  CompressedPak pak cache file ../../../../../../Users/larse/OneDrive/Documentos/Unreal Projects/Terraformer/DerivedDataCache/Compressed.ddp not found, will not use a pak cache.
[2026.09.23-19.49.05:853][  0]LogDerivedDataCache: Unable to find inner node CompressedPak for hierarchical cache Hierarchy.
[2026.09.23-19.49.05:870][  0]LogDerivedDataCache: Display: Pak cache opened for reading ../../../Engine/DerivedDataCache/Compressed.ddp.
[2026.09.23-19.49.05:870][  0]LogDerivedDataCache: FDerivedDataBackendGraph:  EnterprisePak pak cache file ../../../Enterprise/DerivedDataCache/Compressed.ddp not found, will not use a pak cache.
[2026.09.23-19.49.05:870][  0]LogDerivedDataCache: Unable to find inner node EnterprisePak for hierarchical cache Hierarchy.
[2026.09.23-19.49.05:891][  0]LogDerivedDataCache: Speed tests for C:/Users/larse/AppData/Local/UnrealEngine/Common/DerivedDataCache took 0.02 seconds
[2026.09.23-19.49.05:891][  0]LogDerivedDataCache: Display: Performance to C:/Users/larse/AppData/Local/UnrealEngine/Common/DerivedDataCache: Latency=0.18ms. RandomReadSpeed=186.50MBs, RandomWriteSpeed=69.41MBs. Assigned SpeedClass 'Local'
[2026.09.23-19.49.05:892][  0]LogDerivedDataCache: Using Local data cache path C:/Users/larse/AppData/Local/UnrealEngine/Common/DerivedDataCache: Writable
[2026.09.23-19.49.05:892][  0]LogDerivedDataCache: Shared data cache path not found in *engine.ini, will not use an Shared cache.
[2026.09.23-19.49.05:892][  0]LogDerivedDataCache: Unable to find inner node Shared for hierarchical cache Hierarchy.
[2026.09.23-19.49.05:943][  0]LogSlate: Using FreeType 2.10.0
[2026.09.23-19.49.05:946][  0]LogSlate: SlateFontServices - WITH_FREETYPE: 1, WITH_HARFBUZZ: 1
[2026.09.23-19.49.05:978][  0]LogAssetRegistry: FAssetRegistry took 0.0032 seconds to start up
[2026.09.23-19.49.06:260][  0]LogInit: Selected Device Profile: [Windows]
[2026.09.23-19.49.06:260][  0]LogInit: Active device profile: [0000026FA7EFB600][0000026FA684B340 49] Windows
[2026.09.23-19.49.06:260][  0]LogInit: Profiles: [0000026FA7EFB600][0000026FA684B340 49] Windows, [0000026FA7EACC00][0000026F9AA1F4C0 49] WindowsNoEditor, [0000026FA7EF8C00][0000026F9AA23640 49] WindowsServer, [0000026FA7EAEF00][0000026FA8B217C0 49] WindowsClient, [0000026FA7EFAE00][0000026FA8B25940 49] IOS, [0000026FA7EAD400][0000026FA8B29AC0 49] iPadAir, [0000026FA7EF9300][0000026FA8B2C0C0 49] iPadAir2, [0000026FA7E6BF00][0000026FA8B34380 49] IPadPro, [0000026FA7E6BE00][0000026FA8B303C0 49] iPadAir3, [0000026FA7EFA900][0000026FA8B38540 49] iPadAir4, [0000026FA7E69100][0000026FA8B3C6C0 49] iPadMini2, [0000026FA7EF9700][0000026FA8B40840 49] iPadMini3, [0000026FA7E6A900][0000026F9AA1A980 49] iPadMini4, [0000026FA7EFB700][0000026FA8B44AC0 49] iPadMini5, [0000026FA7EA7800][0000026FA8B4CD00 49] iPhone6, [0000026FA7EA7900][0000026FA8B48D40 49] iPodTouch6, [0000026FA7E69200][0000026FA8B59000 49] iPhone7, [0000026FA7E69300][0000026FA8B55040 49] iPodTouch7, [0000026FA7EA5000][0000026FA8B5D1C0 49] iPhone5S, [0000026FA7E6AC00][0000026FA8B61340 49] iPhone6Plus, [0000026FA7EA6A00][0000026FA8B654C0 49] iPhone6S, [0000026FA7E68D00][0000026FA8B69640 49] iPhone6SPlus, [0000026FA7EA5700][0000026FA8B6D7C0 49] iPhone7Plus, [0000026FA7E6BD00][0000026FA8B71940 49] iPhoneSE, [0000026FA7EA6300][0000026FA8B75AC0 49] iPhone8, [0000026FA7E6B600][0000026FA8B780C0 49] iPhone8Plus, [0000026FA7EA4F00][0000026FA8B7C240 49] iPhoneX, [0000026FA7E69A00][0000026FA8B803C0 49] iPhoneXS, [0000026FA7EA6C00][0000026FA8B84540 49] iPhoneXSMax, [0000026FA7E6AD00][0000026FA8B886C0 49] iPhoneXR, [0000026FA7EA5400][0000026FA8B8C840 49] iPhone11, [0000026FA7E68800][0000026FA8B909C0 49] iPhone11Pro, [0000026FA7EA5900][0000026FA8B94B40 49] iPhone11ProMax, [0000026FA7E6A500][0000026FA8B50C80 49] iPhoneSE2, [0000026FA7EA5300][0000026FA8B98DC0 49] iPhone12Mini, [0000026FA7E6B300][0000026FA8B9CF00 49] iPhone12, [0000026FA7EA6800][0000026FA8BA5080 49] iPhone12Pro, [0000026FA7E6B500][0000026FA8BA9200 49] iPhone12ProMax, [0000026FA7EA4D00][0000026FA8BAD380 49] iPadPro105, [0000026FA7E6B000][0000026FA8BB1500 49] iPadPro129, [0000026FA7EA6200][0000026FA8BB5680 49] iPadPro97, [0000026FA7E6B700][0000026FA8BB9800 49] iPadPro2_129, [0000026FA7EA7A00][0000026FA8BBD980 49] iPad5, [0000026FA7E69500][0000026FA8BC1B00 49] iPad6, [0000026FA7EA6700][0000026FA8BC4100 49] iPad7, [0000026FA7E6A000][0000026FA8BC8280 49] iPad8, [0000026FA7EA5100][0000026FA8BCC400 49] iPadPro11, [0000026FA7E68300][0000026FA8BD0580 49] iPadPro2_11, [0000026FA7EA4800][0000026FA8BD4700 49] iPadPro3_129, [0000026FA7E68F00][0000026FA8BD8880 49] iPadPro4_129, [0000026FA7EA6000][0000026FA8BDCA00 49] AppleTV, [0000026FA7E69400][0000026FA8BE0B80 49] AppleTV4K, [0000026FA7EA5E00][0000026FA8BE4D00 49] TVOS, [0000026FA7E68200][0000026FA8BA0E40 49] Mac, [0000026FA7EA6500][0000026FA8BE8F80 49] MacClient, [0000026FA7E69900][0000026FA8BED0C0 49] MacNoEditor, [0000026FA7EA4A00][0000026FA8BF5240 49] MacServer, [0000026FA7E68700][0000026FA8BF93C0 49] Linux, [0000026FA7EA4200][0000026FA8BFD540 49] LinuxAArch64, [0000026FA7E6A200][0000026FA8C016C0 49] LinuxNoEditor, [0000026FA7EA6100][0000026FA8C05840 49] LinuxAArch64NoEditor, [0000026FA7F40100][0000026FA8C099C0 49] LinuxClient, [0000026FA7EAFF00][0000026FA8C0DB40 49] LinuxAArch64Client, [0000026FA7F41500][0000026FA8C10140 49] LinuxServer, [0000026FA7EACD00][0000026FA8C142C0 49] LinuxAArch64Server, [0000026FA7F40300][0000026FA8C18440 49] Android, [0000026FA7EAF400][0000026FA8C1C5C0 49] Android_Low, [0000026FA7F40A00][0000026FA8C20740 49] Android_Mid, [0000026FA7EAD200][0000026FA8C248C0 49] Android_High, [0000026FA7F40F00][0000026FA8C28A40 49] Android_Default, [0000026FA7EAC100][0000026FA8C2CBC0 49] Android_Adreno4xx, [0000026FA7F41E00][0000026FA8C30D40 49] Android_Adreno5xx_Low, [0000026FA7EADC00][0000026FA8C34EC0 49] Android_Adreno5xx, [0000026FA7F41300][0000026FA8BF1000 49] Android_Adreno6xx, [0000026FA7EAC200][0000026FA8C39140 49] Android_Adreno6xx_Vulkan, [0000026FA7F42200][0000026FA8C3D280 49] Android_Mali_T6xx, [0000026FA7EAEA00][0000026FA8C413C0 49] Android_Mali_T7xx, [0000026FA7F40C00][0000026FA8C49540 49] Android_Mali_T8xx, [0000026FA7EAFE00][0000026FA8C4D6C0 49] Android_Mali_G71, [0000026FA7F41F00][0000026FA8C51840 49] Android_Mali_G72, [0000026FA7EAE800][0000026FA8C559C0 49] Android_Mali_G72_Vulkan, [0000026FA7F42000][0000026FA8C59B40 49] Android_Mali_G76, [0000026FA7EACA00][0000026FA8C5C140 49] Android_Mali_G76_Vulkan, [0000026FA7EA5200][0000026FA8C702C0 49] Android_Mali_G77, [0000026FA7E6B200][0000026FA8C74440 49] Android_Mali_G77_Vulkan, [0000026FA7EA7F00][0000026FA8C785C0 49] Android_Mali_G78, [0000026FA7E6AB00][0000026FA8C7C740 49] Android_Mali_G78_Vulkan, [0000026FA7EA5B00][0000026FA8C808C0 49] Android_Mali_G710, [0000026FA7E6BB00][0000026FA8C84A40 49] Android_Mali_G710_Vulkan, [0000026FA7EA4600][0000026FA8C88BC0 49] Android_Vulkan_SM5, [0000026FA7E6B100][0000026FA8C8CD40 49] Android_PowerVR_G6xxx, [0000026FA7EA7200][0000026FA8C90EC0 49] Android_PowerVR_GT7xxx, [0000026FA7E69C00][0000026FA8C95040 49] Android_PowerVR_GE8xxx, [0000026FA7EA4C00][0000026FA8C45180 49] Android_PowerVR_GM9xxx, [0000026FA7E6B900][0000026FA8C992C0 49] Android_PowerVR_GM9xxx_Vulkan, [0000026FA7F41D00][0000026FA8C9D400 49] Android_TegraK1, [0000026FA7E68900][0000026FA8CA1540 49] Android_Unknown_Vulkan, [0000026FA7F40400][0000026FA8CA96C0 49] Lumin, [0000026FA7E6A300][0000026FA8CAD840 49] Lumin_Desktop, [0000026FA7F40200][0000026FA8CB19C0 49] HoloLens, 
[2026.09.23-19.49.06:449][  0]LogMeshReduction: Using QuadricMeshReduction for automatic static mesh reduction
[2026.09.23-19.49.06:449][  0]LogMeshReduction: Using SimplygonMeshReduction for automatic skeletal mesh reduction
[2026.09.23-19.49.06:449][  0]LogMeshReduction: Using ProxyLODMeshReduction for automatic mesh merging
[2026.09.23-19.49.06:449][  0]LogMeshReduction: No distributed automatic mesh merging module available
[2026.09.23-19.49.06:449][  0]LogMeshMerging: No distributed automatic mesh merging module available
[2026.09.23-19.49.06:473][  0]LogNetVersion: Terraformer 1.0.0, NetCL: 17155196, EngineNetVer: 17, GameNetVer: 0 (Checksum: 2084288229)
[2026.09.23-19.49.07:019][  0]LogTexture: Default maximum texture size for cubemaps generated from long-lat sources has been changed from 512 to unlimited. In order to preserve old behaiour for '/Engine/MapTemplates/Sky/DaylightAmbientCubemap.DaylightAmbientCubemap', its maximum texture size has been explicitly set to 512.
[2026.09.23-19.49.07:091][  0]LogHMD: PokeAHoleMaterial loaded successfully
[2026.09.23-19.49.07:097][  0]LogUObjectArray: 17178 objects as part of root set at end of initial load.
[2026.09.23-19.49.07:097][  0]LogUObjectAllocator: 4302048 out of 0 bytes used by permanent object pool.
[2026.09.23-19.49.07:097][  0]LogUObjectArray: CloseDisregardForGC: 0/0 objects in disregard for GC pool
[2026.09.23-19.49.07:523][  0]LogNiagaraDebuggerClient: Niagara Debugger Client Initialized | Session: 61D1A0944A5F84D0F2C7F58B54DEB3E3 | Instance: 9FF260D142AB3F001A5E60B1CA3AA6AB (LEWLAPTOP-9048).
[2026.09.23-19.49.07:692][  0]LogTcpMessaging: Initializing TcpMessaging bridge
[2026.09.23-19.49.07:699][  0]LogUdpMessaging: Initializing bridge on interface 0.0.0.0:0 to multicast group 230.0.0.1:6666.
[2026.09.23-19.49.07:717][  0]LogPython: Using Python 3.7.7
[2026.09.23-19.49.08:519][  0]SourceControl: El control de código fuente está desactivado
[2026.09.23-19.49.08:519][  0]SourceControl: El control de código fuente está desactivado
[2026.09.23-19.49.08:525][  0]SourceControl: El control de código fuente está desactivado
[2026.09.23-19.49.08:530][  0]SourceControl: El control de código fuente está desactivado
[2026.09.23-19.49.08:545][  0]SourceControl: El control de código fuente está desactivado
[2026.09.23-19.49.08:555][  0]LogUProjectInfo: Found projects:
[2026.09.23-19.49.09:008][  0]LogOpenImageDenoise: OIDN starting up
[2026.09.23-19.49.09:046][  0]LogAndroidPermission: UAndroidPermissionCallbackProxy::GetInstance
[2026.09.23-19.49.09:071][  0]LogAudioCaptureCore: Display: No Audio Capture implementations found. Audio input will be silent.
[2026.09.23-19.49.09:071][  0]LogAudioCaptureCore: Display: No Audio Capture implementations found. Audio input will be silent.
[2026.09.23-19.49.09:311][  0]LogCollectionManager: Loaded 0 collections in 0.001879 seconds
[2026.09.23-19.49.09:350][  0]LogFileCache: Scanning file cache for directory 'C:/Users/larse/OneDrive/Documentos/Unreal Projects/Terraformer/Saved/Collections/' took 0.00s
[2026.09.23-19.49.09:350][  0]LogFileCache: Scanning file cache for directory 'C:/Users/larse/OneDrive/Documentos/Unreal Projects/Terraformer/Content/Developers/larse/Collections/' took 0.00s
[2026.09.23-19.49.09:350][  0]LogFileCache: Scanning file cache for directory 'C:/Users/larse/OneDrive/Documentos/Unreal Projects/Terraformer/Content/Collections/' took 0.00s
[2026.09.23-19.49.09:354][  0]LogOcInput: OculusInput pre-init called
[2026.09.23-19.49.09:724][  0]LogEngine: Initializing Engine...
[2026.09.23-19.49.09:745][  0]LogHMD: Failed to enumerate extensions. Please check that you have a valid OpenXR runtime installed.
[2026.09.23-19.49.09:745][  0]LogHMD: Failed to initialize OpenVR with code 110
[2026.09.23-19.49.09:746][  0]LogMagicLeap: Warning: VR disabled because ZI is not enabled.  To enable, in the editor, Edit -> Project Settings -> Plugins -> Magic Leap Plugin -> Enable Zero Iteration
[2026.09.23-19.49.09:747][  0]LogStats: UGameplayTagsManager::InitializeManager -  0.001 s
[2026.09.23-19.49.09:980][  0]LogInit: Initializing FReadOnlyCVARCache
[2026.09.23-19.49.09:993][  0]LogAIModule: Creating AISystem for world Untitled
[2026.09.23-19.49.09:994][  0]LogAudio: Display: Initializing Audio Device Manager...
[2026.09.23-19.49.10:000][  0]LogAudio: Display: Loading Default Audio Settings Objects...
[2026.09.23-19.49.10:001][  0]LogAudio: Display: No default SoundConcurrencyObject specified (or failed to load).
[2026.09.23-19.49.10:002][  0]LogAudio: Display: Audio Device Manager Initialized
[2026.09.23-19.49.10:002][  0]LogAudio: Display: Creating Audio Device:                 Id: 1, Scope: Shared, Realtime: True
[2026.09.23-19.49.10:002][  0]LogAudioMixer: Display: Audio Mixer Platform Settings:
[2026.09.23-19.49.10:002][  0]LogAudioMixer: Display: 	Sample Rate:						  48000
[2026.09.23-19.49.10:002][  0]LogAudioMixer: Display: 	Callback Buffer Frame Size Requested: 1024
[2026.09.23-19.49.10:002][  0]LogAudioMixer: Display: 	Callback Buffer Frame Size To Use:	  1024
[2026.09.23-19.49.10:002][  0]LogAudioMixer: Display: 	Number of buffers to queue:			  2
[2026.09.23-19.49.10:002][  0]LogAudioMixer: Display: 	Max Channels (voices):				  32
[2026.09.23-19.49.10:002][  0]LogAudioMixer: Display: 	Number of Async Source Workers:		  0
[2026.09.23-19.49.10:002][  0]LogAudio: Display: AudioDevice MaxSources: 32
[2026.09.23-19.49.10:002][  0]LogAudio: Display: Audio Spatialization Plugin: None (built-in).
[2026.09.23-19.49.10:002][  0]LogAudio: Display: Audio Reverb Plugin: None (built-in).
[2026.09.23-19.49.10:002][  0]LogAudio: Display: Audio Occlusion Plugin: None (built-in).
[2026.09.23-19.49.10:002][  0]LogAudioMixer: Display: Initializing audio mixer.
[2026.09.23-19.49.10:023][  0]LogAudioMixer: Display: 0: FrontLeft
[2026.09.23-19.49.10:023][  0]LogAudioMixer: Display: 1: FrontRight
[2026.09.23-19.49.10:223][  0]LogAudioMixer: Display: Using Audio Device Altavoces (Realtek(R) Audio)
[2026.09.23-19.49.10:229][  0]LogAudioMixer: Display: Initializing Sound Submixes...
[2026.09.23-19.49.10:232][  0]LogAudioMixer: Display: Creating Master Submix 'MasterSubmixDefault'
[2026.09.23-19.49.10:232][  0]LogAudioMixer: Display: Creating Master Submix 'MasterReverbSubmixDefault'
[2026.09.23-19.49.10:233][  0]LogAudioMixer: Display: Creating Master Submix 'MasterEQSubmixDefault'
[2026.09.23-19.49.10:233][  0]LogAudioMixer: FMixerPlatformXAudio2::StartAudioStream() called
[2026.09.23-19.49.10:233][  0]LogAudioMixer: Display: Output buffers initialized: Frames=1024, Channels=2, Samples=2048
[2026.09.23-19.49.10:234][  0]LogAudioMixer: Display: Starting AudioMixerPlatformInterface::RunInternal()
[2026.09.23-19.49.10:234][  0]LogAudioMixer: Display: FMixerPlatformXAudio2::SubmitBuffer() called for the first time
[2026.09.23-19.49.10:234][  0]LogInit: FAudioDevice initialized.
[2026.09.23-19.49.10:234][  0]LogAudio: Display: Audio Device (ID: 1) registered with world 'Untitled'.
[2026.09.23-19.49.10:234][  0]LogNetVersion: Set ProjectVersion to 1.0.0.0. Version Checksum will be recalculated on next use.
[2026.09.23-19.49.10:286][  0]LogDerivedDataCache: Saved boot cache 0.05s 94MB C:/Users/larse/AppData/Local/UnrealEngine/4.27/DerivedDataCache/Boot.ddc.
[2026.09.23-19.49.10:289][  0]LogInit: Texture streaming: Enabled
[2026.09.23-19.49.10:305][  0]LogAnalytics: Display: [UEEditor.Rocket.Release] APIServer = https://datarouter.ol.epicgames.com/. AppVersion = 4.27.2-18319896+++UE4+Release-4.27
[2026.09.23-19.49.10:312][  0]LogEngineSessionManager: EngineSessionManager initialized
[2026.09.23-19.49.10:312][  0]LogEditorSessionSummary: Verbose: Initializing EditorSessionSummaryWriter for editor session tracking
[2026.09.23-19.49.10:319][  0]LogEditorSessionSummary: EditorSessionSummaryWriter initialized
[2026.09.23-19.49.10:359][  0]LogInit: Transaction tracking system initialized
[2026.09.23-19.49.10:389][  0]BlueprintLog: New page: Cargar el editor
[2026.09.23-19.49.10:470][  0]LocalizationService: Localization service is disabled
[2026.09.23-19.49.10:509][  0]TimingProfiler: Initialize
[2026.09.23-19.49.10:510][  0]TimingProfiler: OnSessionChanged
[2026.09.23-19.49.10:510][  0]LoadingProfiler: Initialize
[2026.09.23-19.49.10:510][  0]LoadingProfiler: OnSessionChanged
[2026.09.23-19.49.10:510][  0]NetworkingProfiler: Initialize
[2026.09.23-19.49.10:510][  0]NetworkingProfiler: OnSessionChanged
[2026.09.23-19.49.10:510][  0]MemoryProfiler: Initialize
[2026.09.23-19.49.10:510][  0]MemoryProfiler: OnSessionChanged
[2026.09.23-19.49.10:694][  0]LogCook: Display: CookSettings for Memory: MemoryMaxUsedVirtual 0MiB, MemoryMaxUsedPhysical 16384MiB, MemoryMinFreeVirtual 0MiB, MemoryMinFreePhysical 1024MiB
[2026.09.23-19.49.10:694][  0]LogCook: Display: Mobile HDR setting 1
[2026.09.23-19.49.10:939][  0]LogFileCache: Scanning file cache for directory 'C:/Users/larse/OneDrive/Documentos/Unreal Projects/Terraformer/Content/' took 0.00s
[2026.09.23-19.49.11:135][  0]LogInit: Display: Engine is initialized. Leaving FEngineLoop::Init()
[2026.09.23-19.49.11:141][  0]SourceControl: El control de código fuente está desactivado
[2026.09.23-19.49.11:141][  0]LogUnrealEdMisc: Loading editor; pre map load, took 9.855
[2026.09.23-19.49.11:141][  0]Cmd: MAP LOAD FILE="../../../Engine/Content/Maps/Templates/Template_Default.umap" TEMPLATE=1 SHOWPROGRESS=1 FEATURELEVEL=3
[2026.09.23-19.49.11:142][  0]LightingResults: New page: Diseñar la iluminación
[2026.09.23-19.49.11:144][  0]LogWorld: UWorld::CleanupWorld for Untitled, bSessionEnded=true, bCleanupResources=true
[2026.09.23-19.49.11:144][  0]LogSlate: InvalidateAllWidgets triggered.  All widgets were invalidated
[2026.09.23-19.49.11:145][  0]MapCheck: New page: Revisión del mapa
[2026.09.23-19.49.11:145][  0]LightingResults: New page: Diseñar la iluminación
[2026.09.23-19.49.11:150][  0]LogAudio: Display: Audio Device unregistered from world 'None'.
[2026.09.23-19.49.11:152][  0]LogUObjectHash: Compacting FUObjectHashTables data took   0.67ms
[2026.09.23-19.49.11:210][  0]LogTexture: Display: Building textures: DeprecatedTextureEB9CBE3C423008B5E8E130901E171C89 (BGRA8, 128X128)
[2026.09.23-19.49.11:213][  0]LogAudio: Display: Audio Device (ID: 1) registered with world 'Untitled_1'.
[2026.09.23-19.49.11:215][  0]LogAIModule: Creating AISystem for world Untitled_1
[2026.09.23-19.49.11:219][  0]LogEditorServer: Finished looking for orphan Actors (0.000 secs)
[2026.09.23-19.49.11:226][  0]LogUObjectHash: Compacting FUObjectHashTables data took   0.64ms
[2026.09.23-19.49.11:226][  0]Cmd: MAP CHECKDEP NOCLEARLOG
[2026.09.23-19.49.11:226][  0]MapCheck: Map check complete: 0 Error(s), 0 Warning(s), took 0.154ms to complete.
[2026.09.23-19.49.11:226][  0]LogFileHelpers: Loading map 'Template_Default' took 0.085
[2026.09.23-19.49.11:228][  0]LogUnrealEdMisc: Total Editor Startup Time, took 9.942
[2026.09.23-19.49.11:383][  0]LogSlate: Updating window title bar state: overlay mode, drag disabled, window buttons hidden, title bar hidden
[2026.09.23-19.49.11:391][  0]LogSlate: Updating window title bar state: overlay mode, drag disabled, window buttons hidden, title bar hidden
[2026.09.23-19.49.11:396][  0]LogSlate: Updating window title bar state: overlay mode, drag disabled, window buttons hidden, title bar hidden
[2026.09.23-19.49.11:401][  0]LogSlate: Updating window title bar state: overlay mode, drag disabled, window buttons hidden, title bar hidden
[2026.09.23-19.49.11:432][  0]LogNativeClassHierarchy: Verbose: Native class hierarchy populated in 0.0072 seconds. Added 3822 classes and 928 folders.
[2026.09.23-19.49.11:439][  0]LogNativeClassHierarchy: Verbose: Native class hierarchy updated for 'WidgetCarousel' in 0.0002 seconds. Added 0 classes and 0 folders.
[2026.09.23-19.49.11:444][  0]LogPakFile: PakFile PrimaryIndexSize=187
[2026.09.23-19.49.11:444][  0]LogPakFile: PakFile PathHashIndexSize=101
[2026.09.23-19.49.11:444][  0]LogPakFile: PakFile FullDirectoryIndexSize=148
[2026.09.23-19.49.11:444][  0]LogShaderLibrary: Display: ShaderCodeLibraryPakFileMountedCallback: PakFile 'C:/Program Files/Epic Games/UE_4.27/FeaturePacks/FP_FirstPerson.upack' (chunk index -1, root 'root:/') mounted
[2026.09.23-19.49.11:445][  0]LogShaderLibrary: Display: ShaderCodeLibraryPakFileMountedCallback: pending pak file info (ChunkID:-1 Root:root:/ File:C:/Program Files/Epic Games/UE_4.27/FeaturePacks/FP_FirstPerson.upack)
[2026.09.23-19.49.11:445][  0]LogPakFile: OnPakFileMounted2Time == 0.001063
[2026.09.23-19.49.11:447][  0]LogPakFile: PakFile PrimaryIndexSize=189
[2026.09.23-19.49.11:447][  0]LogPakFile: PakFile PathHashIndexSize=101
[2026.09.23-19.49.11:447][  0]LogPakFile: PakFile FullDirectoryIndexSize=152
[2026.09.23-19.49.11:447][  0]LogShaderLibrary: Display: ShaderCodeLibraryPakFileMountedCallback: PakFile 'C:/Program Files/Epic Games/UE_4.27/FeaturePacks/FP_FirstPersonBP.upack' (chunk index -1, root 'root:/') mounted
[2026.09.23-19.49.11:447][  0]LogShaderLibrary: Display: ShaderCodeLibraryPakFileMountedCallback: pending pak file info (ChunkID:-1 Root:root:/ File:C:/Program Files/Epic Games/UE_4.27/FeaturePacks/FP_FirstPersonBP.upack)
[2026.09.23-19.49.11:447][  0]LogPakFile: OnPakFileMounted2Time == 0.000043
[2026.09.23-19.49.11:448][  0]LogPakFile: PakFile PrimaryIndexSize=191
[2026.09.23-19.49.11:448][  0]LogPakFile: PakFile PathHashIndexSize=101
[2026.09.23-19.49.11:448][  0]LogPakFile: PakFile FullDirectoryIndexSize=160
[2026.09.23-19.49.11:448][  0]LogShaderLibrary: Display: ShaderCodeLibraryPakFileMountedCallback: PakFile 'C:/Program Files/Epic Games/UE_4.27/FeaturePacks/MobileStarterContent.upack' (chunk index -1, root 'root:/') mounted
[2026.09.23-19.49.11:448][  0]LogShaderLibrary: Display: ShaderCodeLibraryPakFileMountedCallback: pending pak file info (ChunkID:-1 Root:root:/ File:C:/Program Files/Epic Games/UE_4.27/FeaturePacks/MobileStarterContent.upack)
[2026.09.23-19.49.11:448][  0]LogPakFile: OnPakFileMounted2Time == 0.000037
[2026.09.23-19.49.11:450][  0]LogPakFile: PakFile PrimaryIndexSize=185
[2026.09.23-19.49.11:450][  0]LogPakFile: PakFile PathHashIndexSize=101
[2026.09.23-19.49.11:450][  0]LogPakFile: PakFile FullDirectoryIndexSize=148
[2026.09.23-19.49.11:450][  0]LogShaderLibrary: Display: ShaderCodeLibraryPakFileMountedCallback: PakFile 'C:/Program Files/Epic Games/UE_4.27/FeaturePacks/StarterContent.upack' (chunk index -1, root 'root:/') mounted
[2026.09.23-19.49.11:450][  0]LogShaderLibrary: Display: ShaderCodeLibraryPakFileMountedCallback: pending pak file info (ChunkID:-1 Root:root:/ File:C:/Program Files/Epic Games/UE_4.27/FeaturePacks/StarterContent.upack)
[2026.09.23-19.49.11:450][  0]LogPakFile: OnPakFileMounted2Time == 0.000040
[2026.09.23-19.49.11:451][  0]LogPakFile: PakFile PrimaryIndexSize=190
[2026.09.23-19.49.11:451][  0]LogPakFile: PakFile PathHashIndexSize=101
[2026.09.23-19.49.11:451][  0]LogPakFile: PakFile FullDirectoryIndexSize=154
[2026.09.23-19.49.11:451][  0]LogShaderLibrary: Display: ShaderCodeLibraryPakFileMountedCallback: PakFile 'C:/Program Files/Epic Games/UE_4.27/FeaturePacks/TP_2DSideScroller.upack' (chunk index -1, root 'root:/') mounted
[2026.09.23-19.49.11:451][  0]LogShaderLibrary: Display: ShaderCodeLibraryPakFileMountedCallback: pending pak file info (ChunkID:-1 Root:root:/ File:C:/Program Files/Epic Games/UE_4.27/FeaturePacks/TP_2DSideScroller.upack)
[2026.09.23-19.49.11:451][  0]LogPakFile: OnPakFileMounted2Time == 0.000040
[2026.09.23-19.49.11:452][  0]LogPakFile: PakFile PrimaryIndexSize=192
[2026.09.23-19.49.11:452][  0]LogPakFile: PakFile PathHashIndexSize=101
[2026.09.23-19.49.11:452][  0]LogPakFile: PakFile FullDirectoryIndexSize=158
[2026.09.23-19.49.11:453][  0]LogShaderLibrary: Display: ShaderCodeLibraryPakFileMountedCallback: PakFile 'C:/Program Files/Epic Games/UE_4.27/FeaturePacks/TP_2DSideScrollerBP.upack' (chunk index -1, root 'root:/') mounted
[2026.09.23-19.49.11:453][  0]LogShaderLibrary: Display: ShaderCodeLibraryPakFileMountedCallback: pending pak file info (ChunkID:-1 Root:root:/ File:C:/Program Files/Epic Games/UE_4.27/FeaturePacks/TP_2DSideScrollerBP.upack)
[2026.09.23-19.49.11:453][  0]LogPakFile: OnPakFileMounted2Time == 0.000043
[2026.09.23-19.49.11:454][  0]LogPakFile: PakFile PrimaryIndexSize=182
[2026.09.23-19.49.11:454][  0]LogPakFile: PakFile PathHashIndexSize=101
[2026.09.23-19.49.11:454][  0]LogPakFile: PakFile FullDirectoryIndexSize=138
[2026.09.23-19.49.11:454][  0]LogShaderLibrary: Display: ShaderCodeLibraryPakFileMountedCallback: PakFile 'C:/Program Files/Epic Games/UE_4.27/FeaturePacks/TP_Flying.upack' (chunk index -1, root 'root:/') mounted
[2026.09.23-19.49.11:454][  0]LogShaderLibrary: Display: ShaderCodeLibraryPakFileMountedCallback: pending pak file info (ChunkID:-1 Root:root:/ File:C:/Program Files/Epic Games/UE_4.27/FeaturePacks/TP_Flying.upack)
[2026.09.23-19.49.11:454][  0]LogPakFile: OnPakFileMounted2Time == 0.000062
[2026.09.23-19.49.11:455][  0]LogPakFile: PakFile PrimaryIndexSize=184
[2026.09.23-19.49.11:455][  0]LogPakFile: PakFile PathHashIndexSize=101
[2026.09.23-19.49.11:455][  0]LogPakFile: PakFile FullDirectoryIndexSize=142
[2026.09.23-19.49.11:455][  0]LogShaderLibrary: Display: ShaderCodeLibraryPakFileMountedCallback: PakFile 'C:/Program Files/Epic Games/UE_4.27/FeaturePacks/TP_FlyingBP.upack' (chunk index -1, root 'root:/') mounted
[2026.09.23-19.49.11:455][  0]LogShaderLibrary: Display: ShaderCodeLibraryPakFileMountedCallback: pending pak file info (ChunkID:-1 Root:root:/ File:C:/Program Files/Epic Games/UE_4.27/FeaturePacks/TP_FlyingBP.upack)
[2026.09.23-19.49.11:455][  0]LogPakFile: OnPakFileMounted2Time == 0.000034
[2026.09.23-19.49.11:456][  0]LogPakFile: PakFile PrimaryIndexSize=188
[2026.09.23-19.49.11:456][  0]LogPakFile: PakFile PathHashIndexSize=101
[2026.09.23-19.49.11:456][  0]LogPakFile: PakFile FullDirectoryIndexSize=150
[2026.09.23-19.49.11:456][  0]LogShaderLibrary: Display: ShaderCodeLibraryPakFileMountedCallback: PakFile 'C:/Program Files/Epic Games/UE_4.27/FeaturePacks/TP_HandheldARBP.upack' (chunk index -1, root 'root:/') mounted
[2026.09.23-19.49.11:456][  0]LogShaderLibrary: Display: ShaderCodeLibraryPakFileMountedCallback: pending pak file info (ChunkID:-1 Root:root:/ File:C:/Program Files/Epic Games/UE_4.27/FeaturePacks/TP_HandheldARBP.upack)
[2026.09.23-19.49.11:456][  0]LogPakFile: OnPakFileMounted2Time == 0.000038
[2026.09.23-19.49.11:459][  0]LogPakFile: PakFile PrimaryIndexSize=182
[2026.09.23-19.49.11:459][  0]LogPakFile: PakFile PathHashIndexSize=101
[2026.09.23-19.49.11:459][  0]LogPakFile: PakFile FullDirectoryIndexSize=138
[2026.09.23-19.49.11:459][  0]LogShaderLibrary: Display: ShaderCodeLibraryPakFileMountedCallback: PakFile 'C:/Program Files/Epic Games/UE_4.27/FeaturePacks/TP_Puzzle.upack' (chunk index -1, root 'root:/') mounted
[2026.09.23-19.49.11:459][  0]LogShaderLibrary: Display: ShaderCodeLibraryPakFileMountedCallback: pending pak file info (ChunkID:-1 Root:root:/ File:C:/Program Files/Epic Games/UE_4.27/FeaturePacks/TP_Puzzle.upack)
[2026.09.23-19.49.11:459][  0]LogPakFile: OnPakFileMounted2Time == 0.000033
[2026.09.23-19.49.11:460][  0]LogPakFile: PakFile PrimaryIndexSize=184
[2026.09.23-19.49.11:460][  0]LogPakFile: PakFile PathHashIndexSize=101
[2026.09.23-19.49.11:460][  0]LogPakFile: PakFile FullDirectoryIndexSize=142
[2026.09.23-19.49.11:460][  0]LogShaderLibrary: Display: ShaderCodeLibraryPakFileMountedCallback: PakFile 'C:/Program Files/Epic Games/UE_4.27/FeaturePacks/TP_PuzzleBP.upack' (chunk index -1, root 'root:/') mounted
[2026.09.23-19.49.11:460][  0]LogShaderLibrary: Display: ShaderCodeLibraryPakFileMountedCallback: pending pak file info (ChunkID:-1 Root:root:/ File:C:/Program Files/Epic Games/UE_4.27/FeaturePacks/TP_PuzzleBP.upack)
[2026.09.23-19.49.11:460][  0]LogPakFile: OnPakFileMounted2Time == 0.000033
[2026.09.23-19.49.11:461][  0]LogPakFile: PakFile PrimaryIndexSize=183
[2026.09.23-19.49.11:461][  0]LogPakFile: PakFile PathHashIndexSize=101
[2026.09.23-19.49.11:461][  0]LogPakFile: PakFile FullDirectoryIndexSize=140
[2026.09.23-19.49.11:461][  0]LogShaderLibrary: Display: ShaderCodeLibraryPakFileMountedCallback: PakFile 'C:/Program Files/Epic Games/UE_4.27/FeaturePacks/TP_Rolling.upack' (chunk index -1, root 'root:/') mounted
[2026.09.23-19.49.11:461][  0]LogShaderLibrary: Display: ShaderCodeLibraryPakFileMountedCallback: pending pak file info (ChunkID:-1 Root:root:/ File:C:/Program Files/Epic Games/UE_4.27/FeaturePacks/TP_Rolling.upack)
[2026.09.23-19.49.11:461][  0]LogPakFile: OnPakFileMounted2Time == 0.000035
[2026.09.23-19.49.11:463][  0]LogPakFile: PakFile PrimaryIndexSize=185
[2026.09.23-19.49.11:463][  0]LogPakFile: PakFile PathHashIndexSize=101
[2026.09.23-19.49.11:463][  0]LogPakFile: PakFile FullDirectoryIndexSize=144
[2026.09.23-19.49.11:463][  0]LogShaderLibrary: Display: ShaderCodeLibraryPakFileMountedCallback: PakFile 'C:/Program Files/Epic Games/UE_4.27/FeaturePacks/TP_RollingBP.upack' (chunk index -1, root 'root:/') mounted
[2026.09.23-19.49.11:463][  0]LogShaderLibrary: Display: ShaderCodeLibraryPakFileMountedCallback: pending pak file info (ChunkID:-1 Root:root:/ File:C:/Program Files/Epic Games/UE_4.27/FeaturePacks/TP_RollingBP.upack)
[2026.09.23-19.49.11:463][  0]LogPakFile: OnPakFileMounted2Time == 0.000049
[2026.09.23-19.49.11:465][  0]LogPakFile: PakFile PrimaryIndexSize=188
[2026.09.23-19.49.11:465][  0]LogPakFile: PakFile PathHashIndexSize=101
[2026.09.23-19.49.11:465][  0]LogPakFile: PakFile FullDirectoryIndexSize=150
[2026.09.23-19.49.11:465][  0]LogShaderLibrary: Display: ShaderCodeLibraryPakFileMountedCallback: PakFile 'C:/Program Files/Epic Games/UE_4.27/FeaturePacks/TP_SideScroller.upack' (chunk index -1, root 'root:/') mounted
[2026.09.23-19.49.11:465][  0]LogShaderLibrary: Display: ShaderCodeLibraryPakFileMountedCallback: pending pak file info (ChunkID:-1 Root:root:/ File:C:/Program Files/Epic Games/UE_4.27/FeaturePacks/TP_SideScroller.upack)
[2026.09.23-19.49.11:465][  0]LogPakFile: OnPakFileMounted2Time == 0.000035
[2026.09.23-19.49.11:466][  0]LogPakFile: PakFile PrimaryIndexSize=190
[2026.09.23-19.49.11:466][  0]LogPakFile: PakFile PathHashIndexSize=101
[2026.09.23-19.49.11:466][  0]LogPakFile: PakFile FullDirectoryIndexSize=154
[2026.09.23-19.49.11:466][  0]LogShaderLibrary: Display: ShaderCodeLibraryPakFileMountedCallback: PakFile 'C:/Program Files/Epic Games/UE_4.27/FeaturePacks/TP_SideScrollerBP.upack' (chunk index -1, root 'root:/') mounted
[2026.09.23-19.49.11:466][  0]LogShaderLibrary: Display: ShaderCodeLibraryPakFileMountedCallback: pending pak file info (ChunkID:-1 Root:root:/ File:C:/Program Files/Epic Games/UE_4.27/FeaturePacks/TP_SideScrollerBP.upack)
[2026.09.23-19.49.11:466][  0]LogPakFile: OnPakFileMounted2Time == 0.000041
[2026.09.23-19.49.11:467][  0]LogPakFile: PakFile PrimaryIndexSize=187
[2026.09.23-19.49.11:467][  0]LogPakFile: PakFile PathHashIndexSize=101
[2026.09.23-19.49.11:467][  0]LogPakFile: PakFile FullDirectoryIndexSize=148
[2026.09.23-19.49.11:467][  0]LogShaderLibrary: Display: ShaderCodeLibraryPakFileMountedCallback: PakFile 'C:/Program Files/Epic Games/UE_4.27/FeaturePacks/TP_ThirdPerson.upack' (chunk index -1, root 'root:/') mounted
[2026.09.23-19.49.11:467][  0]LogShaderLibrary: Display: ShaderCodeLibraryPakFileMountedCallback: pending pak file info (ChunkID:-1 Root:root:/ File:C:/Program Files/Epic Games/UE_4.27/FeaturePacks/TP_ThirdPerson.upack)
[2026.09.23-19.49.11:467][  0]LogPakFile: OnPakFileMounted2Time == 0.000037
[2026.09.23-19.49.11:468][  0]LogPakFile: PakFile PrimaryIndexSize=189
[2026.09.23-19.49.11:468][  0]LogPakFile: PakFile PathHashIndexSize=101
[2026.09.23-19.49.11:468][  0]LogPakFile: PakFile FullDirectoryIndexSize=152
[2026.09.23-19.49.11:468][  0]LogShaderLibrary: Display: ShaderCodeLibraryPakFileMountedCallback: PakFile 'C:/Program Files/Epic Games/UE_4.27/FeaturePacks/TP_ThirdPersonBP.upack' (chunk index -1, root 'root:/') mounted
[2026.09.23-19.49.11:468][  0]LogShaderLibrary: Display: ShaderCodeLibraryPakFileMountedCallback: pending pak file info (ChunkID:-1 Root:root:/ File:C:/Program Files/Epic Games/UE_4.27/FeaturePacks/TP_ThirdPersonBP.upack)
[2026.09.23-19.49.11:468][  0]LogPakFile: OnPakFileMounted2Time == 0.000033
[2026.09.23-19.49.11:469][  0]LogPakFile: PakFile PrimaryIndexSize=183
[2026.09.23-19.49.11:470][  0]LogPakFile: PakFile PathHashIndexSize=101
[2026.09.23-19.49.11:470][  0]LogPakFile: PakFile FullDirectoryIndexSize=140
[2026.09.23-19.49.11:470][  0]LogShaderLibrary: Display: ShaderCodeLibraryPakFileMountedCallback: PakFile 'C:/Program Files/Epic Games/UE_4.27/FeaturePacks/TP_TopDown.upack' (chunk index -1, root 'root:/') mounted
[2026.09.23-19.49.11:470][  0]LogShaderLibrary: Display: ShaderCodeLibraryPakFileMountedCallback: pending pak file info (ChunkID:-1 Root:root:/ File:C:/Program Files/Epic Games/UE_4.27/FeaturePacks/TP_TopDown.upack)
[2026.09.23-19.49.11:470][  0]LogPakFile: OnPakFileMounted2Time == 0.000066
[2026.09.23-19.49.11:472][  0]LogPakFile: PakFile PrimaryIndexSize=185
[2026.09.23-19.49.11:472][  0]LogPakFile: PakFile PathHashIndexSize=101
[2026.09.23-19.49.11:472][  0]LogPakFile: PakFile FullDirectoryIndexSize=144
[2026.09.23-19.49.11:472][  0]LogShaderLibrary: Display: ShaderCodeLibraryPakFileMountedCallback: PakFile 'C:/Program Files/Epic Games/UE_4.27/FeaturePacks/TP_TopDownBP.upack' (chunk index -1, root 'root:/') mounted
[2026.09.23-19.49.11:472][  0]LogShaderLibrary: Display: ShaderCodeLibraryPakFileMountedCallback: pending pak file info (ChunkID:-1 Root:root:/ File:C:/Program Files/Epic Games/UE_4.27/FeaturePacks/TP_TopDownBP.upack)
[2026.09.23-19.49.11:472][  0]LogPakFile: OnPakFileMounted2Time == 0.000074
[2026.09.23-19.49.11:474][  0]LogPakFile: PakFile PrimaryIndexSize=185
[2026.09.23-19.49.11:474][  0]LogPakFile: PakFile PathHashIndexSize=101
[2026.09.23-19.49.11:474][  0]LogPakFile: PakFile FullDirectoryIndexSize=144
[2026.09.23-19.49.11:474][  0]LogShaderLibrary: Display: ShaderCodeLibraryPakFileMountedCallback: PakFile 'C:/Program Files/Epic Games/UE_4.27/FeaturePacks/TP_TwinStick.upack' (chunk index -1, root 'root:/') mounted
[2026.09.23-19.49.11:474][  0]LogShaderLibrary: Display: ShaderCodeLibraryPakFileMountedCallback: pending pak file info (ChunkID:-1 Root:root:/ File:C:/Program Files/Epic Games/UE_4.27/FeaturePacks/TP_TwinStick.upack)
[2026.09.23-19.49.11:474][  0]LogPakFile: OnPakFileMounted2Time == 0.000038
[2026.09.23-19.49.11:475][  0]LogPakFile: PakFile PrimaryIndexSize=187
[2026.09.23-19.49.11:475][  0]LogPakFile: PakFile PathHashIndexSize=101
[2026.09.23-19.49.11:475][  0]LogPakFile: PakFile FullDirectoryIndexSize=148
[2026.09.23-19.49.11:475][  0]LogShaderLibrary: Display: ShaderCodeLibraryPakFileMountedCallback: PakFile 'C:/Program Files/Epic Games/UE_4.27/FeaturePacks/TP_TwinStickBP.upack' (chunk index -1, root 'root:/') mounted
[2026.09.23-19.49.11:475][  0]LogShaderLibrary: Display: ShaderCodeLibraryPakFileMountedCallback: pending pak file info (ChunkID:-1 Root:root:/ File:C:/Program Files/Epic Games/UE_4.27/FeaturePacks/TP_TwinStickBP.upack)
[2026.09.23-19.49.11:475][  0]LogPakFile: OnPakFileMounted2Time == 0.000060
[2026.09.23-19.49.11:477][  0]LogPakFile: PakFile PrimaryIndexSize=183
[2026.09.23-19.49.11:477][  0]LogPakFile: PakFile PathHashIndexSize=101
[2026.09.23-19.49.11:477][  0]LogPakFile: PakFile FullDirectoryIndexSize=140
[2026.09.23-19.49.11:477][  0]LogShaderLibrary: Display: ShaderCodeLibraryPakFileMountedCallback: PakFile 'C:/Program Files/Epic Games/UE_4.27/FeaturePacks/TP_Vehicle.upack' (chunk index -1, root 'root:/') mounted
[2026.09.23-19.49.11:477][  0]LogShaderLibrary: Display: ShaderCodeLibraryPakFileMountedCallback: pending pak file info (ChunkID:-1 Root:root:/ File:C:/Program Files/Epic Games/UE_4.27/FeaturePacks/TP_Vehicle.upack)
[2026.09.23-19.49.11:477][  0]LogPakFile: OnPakFileMounted2Time == 0.000040
[2026.09.23-19.49.11:478][  0]LogPakFile: PakFile PrimaryIndexSize=186
[2026.09.23-19.49.11:478][  0]LogPakFile: PakFile PathHashIndexSize=101
[2026.09.23-19.49.11:478][  0]LogPakFile: PakFile FullDirectoryIndexSize=146
[2026.09.23-19.49.11:478][  0]LogShaderLibrary: Display: ShaderCodeLibraryPakFileMountedCallback: PakFile 'C:/Program Files/Epic Games/UE_4.27/FeaturePacks/TP_VehicleAdv.upack' (chunk index -1, root 'root:/') mounted
[2026.09.23-19.49.11:478][  0]LogShaderLibrary: Display: ShaderCodeLibraryPakFileMountedCallback: pending pak file info (ChunkID:-1 Root:root:/ File:C:/Program Files/Epic Games/UE_4.27/FeaturePacks/TP_VehicleAdv.upack)
[2026.09.23-19.49.11:478][  0]LogPakFile: OnPakFileMounted2Time == 0.000065
[2026.09.23-19.49.11:479][  0]LogPakFile: PakFile PrimaryIndexSize=188
[2026.09.23-19.49.11:479][  0]LogPakFile: PakFile PathHashIndexSize=101
[2026.09.23-19.49.11:479][  0]LogPakFile: PakFile FullDirectoryIndexSize=150
[2026.09.23-19.49.11:479][  0]LogShaderLibrary: Display: ShaderCodeLibraryPakFileMountedCallback: PakFile 'C:/Program Files/Epic Games/UE_4.27/FeaturePacks/TP_VehicleAdvBP.upack' (chunk index -1, root 'root:/') mounted
[2026.09.23-19.49.11:479][  0]LogShaderLibrary: Display: ShaderCodeLibraryPakFileMountedCallback: pending pak file info (ChunkID:-1 Root:root:/ File:C:/Program Files/Epic Games/UE_4.27/FeaturePacks/TP_VehicleAdvBP.upack)
[2026.09.23-19.49.11:479][  0]LogPakFile: OnPakFileMounted2Time == 0.000038
[2026.09.23-19.49.11:481][  0]LogPakFile: PakFile PrimaryIndexSize=185
[2026.09.23-19.49.11:481][  0]LogPakFile: PakFile PathHashIndexSize=101
[2026.09.23-19.49.11:481][  0]LogPakFile: PakFile FullDirectoryIndexSize=144
[2026.09.23-19.49.11:481][  0]LogShaderLibrary: Display: ShaderCodeLibraryPakFileMountedCallback: PakFile 'C:/Program Files/Epic Games/UE_4.27/FeaturePacks/TP_VehicleBP.upack' (chunk index -1, root 'root:/') mounted
[2026.09.23-19.49.11:481][  0]LogShaderLibrary: Display: ShaderCodeLibraryPakFileMountedCallback: pending pak file info (ChunkID:-1 Root:root:/ File:C:/Program Files/Epic Games/UE_4.27/FeaturePacks/TP_VehicleBP.upack)
[2026.09.23-19.49.11:481][  0]LogPakFile: OnPakFileMounted2Time == 0.000039
[2026.09.23-19.49.11:483][  0]LogPakFile: PakFile PrimaryIndexSize=192
[2026.09.23-19.49.11:483][  0]LogPakFile: PakFile PathHashIndexSize=101
[2026.09.23-19.49.11:483][  0]LogPakFile: PakFile FullDirectoryIndexSize=158
[2026.09.23-19.49.11:483][  0]LogShaderLibrary: Display: ShaderCodeLibraryPakFileMountedCallback: PakFile 'C:/Program Files/Epic Games/UE_4.27/FeaturePacks/TP_VirtualRealityBP.upack' (chunk index -1, root 'root:/') mounted
[2026.09.23-19.49.11:483][  0]LogShaderLibrary: Display: ShaderCodeLibraryPakFileMountedCallback: pending pak file info (ChunkID:-1 Root:root:/ File:C:/Program Files/Epic Games/UE_4.27/FeaturePacks/TP_VirtualRealityBP.upack)
[2026.09.23-19.49.11:483][  0]LogPakFile: OnPakFileMounted2Time == 0.000036
[2026.09.23-19.49.11:624][  0]LogNativeClassHierarchy: Verbose: Native class hierarchy updated for 'AddContentDialog' in 0.0002 seconds. Added 0 classes and 0 folders.
[2026.09.23-19.49.11:628][  0]LogNativeClassHierarchy: Verbose: Native class hierarchy updated for 'SceneOutliner' in 0.0002 seconds. Added 2 classes and 0 folders.
[2026.09.23-19.49.11:803][  0]LogSlate: Took 0.000965 seconds to synchronously load lazily loaded font '../../../Engine/Content/Slate/Fonts/Roboto-Regular.ttf' (155K)
[2026.09.23-19.49.11:804][  0]LogSlate: Took 0.000476 seconds to synchronously load lazily loaded font '../../../Engine/Content/Editor/Slate/Fonts/FontAwesome.ttf' (139K)
[2026.09.23-19.49.11:807][  0]LogSlate: Took 0.000496 seconds to synchronously load lazily loaded font '../../../Engine/Content/Slate/Fonts/Roboto-Bold.ttf' (160K)
[2026.09.23-19.49.11:900][  0]LogRenderer: Reallocating scene render targets to support 972x492 Format 10 NumSamples 1 (Frame:1).
[2026.09.23-19.49.12:068][  0]LogNativeClassHierarchy: Verbose: Native class hierarchy updated for 'HierarchicalLODOutliner' in 0.0003 seconds. Added 0 classes and 0 folders.
[2026.09.23-19.49.12:068][  0]LogLoad: (Engine Initialization) Total time: 10.78 seconds
[2026.09.23-19.49.12:068][  0]LogLoad: (Engine Initialization) Total Blueprint compile time: 0.00 seconds
[2026.09.23-19.49.12:124][  0]LogAssetRegistry: Asset discovery search completed in 6.1469 seconds
[2026.09.23-19.49.12:132][  0]LogCollectionManager: Fixed up redirectors for 0 collections in 0.000004 seconds (updated 0 objects)
[2026.09.23-19.49.12:135][  0]LogContentStreaming: Texture pool size now 1000 MB
[2026.09.23-19.49.13:439][  4]LogSlate: Took 0.000604 seconds to synchronously load lazily loaded font '../../../Engine/Content/Slate/Fonts/Roboto-Light.ttf' (167K)
[2026.09.23-19.57.10:013][896]LogUObjectHash: Compacting FUObjectHashTables data took   0.60ms
[2026.09.23-19.57.10:054][896]LogAssetEditorSubsystem: Opening Asset editor for World /Game/Niveles/Mapa01.Mapa01
[2026.09.23-19.57.10:054][896]Cmd: MAP LOAD FILE="../../../../../../Users/larse/OneDrive/Documentos/Unreal Projects/Terraformer/Content/Niveles/Mapa01.umap" TEMPLATE=0 SHOWPROGRESS=1 FEATURELEVEL=3
[2026.09.23-19.57.10:054][896]LightingResults: New page: Diseñar la iluminación
[2026.09.23-19.57.10:055][896]LoadErrors: New page: Cargando mapa: Mapa01.umap
[2026.09.23-19.57.10:055][896]LogWorld: UWorld::CleanupWorld for Untitled_1, bSessionEnded=true, bCleanupResources=true
[2026.09.23-19.57.10:056][896]LogSlate: InvalidateAllWidgets triggered.  All widgets were invalidated
[2026.09.23-19.57.10:056][896]MapCheck: New page: Revisión del mapa
[2026.09.23-19.57.10:056][896]LightingResults: New page: Diseñar la iluminación
[2026.09.23-19.57.10:059][896]LogAudio: Display: Audio Device unregistered from world 'None'.
[2026.09.23-19.57.10:061][896]LogUObjectHash: Compacting FUObjectHashTables data took   0.45ms
[2026.09.23-19.57.10:061][896]LogAudio: Display: Audio Device (ID: 1) registered with world 'Mapa01'.
[2026.09.23-19.57.10:083][896]LogEditorServer: Finished looking for orphan Actors (0.000 secs)
[2026.09.23-19.57.10:083][896]LogAIModule: Creating AISystem for world Mapa01
[2026.09.23-19.57.10:088][896]LogUObjectHash: Compacting FUObjectHashTables data took   0.39ms
[2026.09.23-19.57.10:093][896]Cmd: MAP CHECKDEP NOCLEARLOG
[2026.09.23-19.57.10:093][896]MapCheck: Map check complete: 0 Error(s), 0 Warning(s), took 0.104ms to complete.
[2026.09.23-19.57.10:093][896]LogFileHelpers: Loading map 'Mapa01' took 0.039
[2026.09.23-19.57.14:426][153]LogTemp: Repeating last play command: Selected Viewport
[2026.09.23-19.57.14:435][153]LogPlayLevel: PlayLevel: No blueprints needed recompiling
[2026.09.23-19.57.14:435][153]PIE: New page: Sesión PIE (reproducción en el editor): Mapa01 (23 sep. 2026 8:57:14)
[2026.09.23-19.57.14:437][153]LogOnline: OSS: Creating online subsystem instance for: NULL
[2026.09.23-19.57.14:439][153]LogOnline: OSS: TryLoadSubsystemAndSetDefault: Loaded subsystem for module [NULL]
[2026.09.23-19.57.14:440][153]LogPlayLevel: Creating play world package: /Game/Niveles/UEDPIE_0_Mapa01
[2026.09.23-19.57.14:442][153]LogPlayLevel: PIE: StaticDuplicateObject took: (0.001632s)
[2026.09.23-19.57.14:443][153]LogAIModule: Creating AISystem for world Mapa01
[2026.09.23-19.57.14:443][153]LogPlayLevel: PIE: World Init took: (0.001460s)
[2026.09.23-19.57.14:444][153]LogPlayLevel: PIE: Created PIE world by copying editor world from /Game/Niveles/Mapa01.Mapa01 to /Game/Niveles/UEDPIE_0_Mapa01.Mapa01 (0.003428s)
[2026.09.23-19.57.14:447][153]LogUObjectHash: Compacting FUObjectHashTables data took   0.42ms
[2026.09.23-19.57.14:449][153]LogAudio: Display: Creating Audio Device:                 Id: 2, Scope: Unique, Realtime: True
[2026.09.23-19.57.14:449][153]LogAudioMixer: Display: Audio Mixer Platform Settings:
[2026.09.23-19.57.14:449][153]LogAudioMixer: Display: 	Sample Rate:						  48000
[2026.09.23-19.57.14:449][153]LogAudioMixer: Display: 	Callback Buffer Frame Size Requested: 1024
[2026.09.23-19.57.14:449][153]LogAudioMixer: Display: 	Callback Buffer Frame Size To Use:	  1024
[2026.09.23-19.57.14:449][153]LogAudioMixer: Display: 	Number of buffers to queue:			  2
[2026.09.23-19.57.14:449][153]LogAudioMixer: Display: 	Max Channels (voices):				  32
[2026.09.23-19.57.14:449][153]LogAudioMixer: Display: 	Number of Async Source Workers:		  0
[2026.09.23-19.57.14:449][153]LogAudio: Display: AudioDevice MaxSources: 32
[2026.09.23-19.57.14:449][153]LogAudio: Display: Audio Spatialization Plugin: None (built-in).
[2026.09.23-19.57.14:449][153]LogAudio: Display: Audio Reverb Plugin: None (built-in).
[2026.09.23-19.57.14:449][153]LogAudio: Display: Audio Occlusion Plugin: None (built-in).
[2026.09.23-19.57.14:449][153]LogAudioMixer: Display: Initializing audio mixer.
[2026.09.23-19.57.14:452][153]LogAudioMixer: Display: 0: FrontLeft
[2026.09.23-19.57.14:452][153]LogAudioMixer: Display: 1: FrontRight
[2026.09.23-19.57.14:522][153]LogAudioMixer: Display: Using Audio Device Altavoces (Realtek(R) Audio)
[2026.09.23-19.57.14:522][153]LogAudioMixer: Display: Initializing Sound Submixes...
[2026.09.23-19.57.14:522][153]LogAudioMixer: Display: Creating Master Submix 'MasterSubmixDefault'
[2026.09.23-19.57.14:522][153]LogAudioMixer: Display: Creating Master Submix 'MasterReverbSubmixDefault'
[2026.09.23-19.57.14:523][153]LogAudioMixer: Display: Creating Master Submix 'MasterEQSubmixDefault'
[2026.09.23-19.57.14:523][153]LogAudioMixer: FMixerPlatformXAudio2::StartAudioStream() called
[2026.09.23-19.57.14:523][153]LogAudioMixer: Display: Output buffers initialized: Frames=1024, Channels=2, Samples=2048
[2026.09.23-19.57.14:524][153]LogAudioMixer: Display: Starting AudioMixerPlatformInterface::RunInternal()
[2026.09.23-19.57.14:524][153]LogAudioMixer: Display: FMixerPlatformXAudio2::SubmitBuffer() called for the first time
[2026.09.23-19.57.14:524][153]LogInit: FAudioDevice initialized.
[2026.09.23-19.57.14:524][153]LogAudio: Display: Audio Device (ID: 2) registered with world 'Mapa01'.
[2026.09.23-19.57.14:566][153]LogLoad: Game class is 'GameMode2D_C'
[2026.09.23-19.57.14:570][153]LogWorld: Bringing World /Game/Niveles/UEDPIE_0_Mapa01.Mapa01 up for play (max tick rate 60) at 2026.09.23-13.57.14
[2026.09.23-19.57.14:571][153]LogWorld: Bringing up level for play took: 0.001308
[2026.09.23-19.57.14:572][153]LogOnline: OSS: Creating online subsystem instance for: :Context_1
[2026.09.23-19.57.14:582][153]LogNativeClassHierarchy: Verbose: Native class hierarchy updated for 'MovieSceneCapture' in 0.0003 seconds. Added 20 classes and 0 folders.
[2026.09.23-19.57.14:588][153]PIE: El servidor ha iniciado la sesión
[2026.09.23-19.57.14:590][153]PIE: Play in editor total start time 0.158 seconds.
[2026.09.23-19.57.22:808][644]LogSlate: Updating window title bar state: overlay mode, drag disabled, window buttons hidden, title bar hidden
[2026.09.23-19.57.22:808][644]LogWorld: BeginTearingDown for /Game/Niveles/UEDPIE_0_Mapa01
[2026.09.23-19.57.22:808][644]LogWorld: UWorld::CleanupWorld for Mapa01, bSessionEnded=true, bCleanupResources=true
[2026.09.23-19.57.22:808][644]LogSlate: InvalidateAllWidgets triggered.  All widgets were invalidated
[2026.09.23-19.57.22:819][644]LogPlayLevel: Display: Shutting down PIE online subsystems
[2026.09.23-19.57.22:820][644]LogSlate: InvalidateAllWidgets triggered.  All widgets were invalidated
[2026.09.23-19.57.22:824][644]LogSlate: Updating window title bar state: overlay mode, drag disabled, window buttons hidden, title bar hidden
[2026.09.23-19.57.22:824][644]LogAudioMixer: FMixerPlatformXAudio2::StopAudioStream() called
[2026.09.23-19.57.22:826][644]LogAudioMixer: FMixerPlatformXAudio2::StopAudioStream() called
[2026.09.23-19.57.22:829][644]LogUObjectHash: Compacting FUObjectHashTables data took   0.66ms
[2026.09.23-19.57.22:894][648]LogPlayLevel: Display: Destroying online subsystem :Context_1
[2026.09.23-19.57.45:712][ 11]LogAssetEditorSubsystem: Opening Asset editor for PaperTileMap /Game/Platformer_assets_pack/Tileset/MapaTileSet.MapaTileSet
[2026.09.23-19.57.45:799][ 11]LogSlate: Took 0.000699 seconds to synchronously load lazily loaded font '../../../Engine/Content/Slate/Fonts/Roboto-BoldCondensed.ttf' (158K)
[2026.09.23-19.57.45:837][ 11]LogRenderer: Reallocating scene render targets to support 1552x1160 Format 10 NumSamples 1 (Frame:1).
[2026.09.23-19.57.59:034][799]Cmd: TRANSACTION UNDO
[2026.09.23-19.57.59:034][799]LogEditorTransaction: Undo Editar Map Height
[2026.09.23-19.58.12:448][593]Cmd: TRANSACTION UNDO
[2026.09.23-19.58.12:448][593]LogEditorTransaction: Undo Editar Map Height
[2026.09.23-20.07.18:648][885]LogUObjectHash: Compacting FUObjectHashTables data took   0.62ms
[2026.09.23-20.07.18:651][885]LogFileHelpers: Editor autosave (incl. external actors) for '/Game/Niveles/Mapa01' took 0.030
[2026.09.23-20.07.18:654][885]OBJ SavePackage: Generating thumbnails for [0] asset(s) in package [/Game/Platformer_assets_pack/Tileset/MapaTileSet] ([2] browsable assets)...
[2026.09.23-20.07.18:654][885]OBJ SavePackage: Finished generating thumbnails for package [/Game/Platformer_assets_pack/Tileset/MapaTileSet]
[2026.09.23-20.07.18:759][885]LogSavePackage: Moving '../../../../../../Users/larse/OneDrive/Documentos/Unreal Projects/Terraformer/Saved/MapaTileSet_Auto1EECC15B9476A3238DE0EF786A2A72C05.tmp' to '../../../../../../Users/larse/OneDrive/Documentos/Unreal Projects/Terraformer/Saved/Autosaves/Game/Platformer_assets_pack/Tileset/MapaTileSet_Auto1.uasset'
[2026.09.23-20.07.18:761][885]LogFileHelpers: Auto-saving content packages took 0.110
[2026.09.23-20.08.18:803][148]LogRenderer: Reallocating scene render targets to support 1556x1160 Format 10 NumSamples 1 (Frame:28856).
[2026.09.23-20.08.18:864][149]LogRenderer: Reallocating scene render targets to support 1576x1160 Format 10 NumSamples 1 (Frame:28858).
[2026.09.23-20.08.18:928][150]LogRenderer: Reallocating scene render targets to support 1616x1160 Format 10 NumSamples 1 (Frame:28860).
[2026.09.23-20.08.18:993][151]LogRenderer: Reallocating scene render targets to support 1624x1160 Format 10 NumSamples 1 (Frame:28862).
[2026.09.23-20.10.13:999][368]LogTemp: Repeating last play command: Selected Viewport
[2026.09.23-20.10.14:028][368]LogPlayLevel: PlayLevel: No blueprints needed recompiling
[2026.09.23-20.10.14:037][368]PIE: New page: Sesión PIE (reproducción en el editor): Mapa01 (23 sep. 2026 9:10:14)
[2026.09.23-20.10.14:044][368]LogPlayLevel: Creating play world package: /Game/Niveles/UEDPIE_0_Mapa01
[2026.09.23-20.10.14:074][368]LogPlayLevel: PIE: StaticDuplicateObject took: (0.028559s)
[2026.09.23-20.10.14:117][368]LogAIModule: Creating AISystem for world Mapa01
[2026.09.23-20.10.14:127][368]LogPlayLevel: PIE: World Init took: (0.052989s)
[2026.09.23-20.10.14:128][368]LogPlayLevel: PIE: Created PIE world by copying editor world from /Game/Niveles/Mapa01.Mapa01 to /Game/Niveles/UEDPIE_0_Mapa01.Mapa01 (0.084205s)
[2026.09.23-20.10.14:136][368]LogUObjectHash: Compacting FUObjectHashTables data took   0.80ms
[2026.09.23-20.10.14:142][368]LogAudio: Display: Creating Audio Device:                 Id: 3, Scope: Unique, Realtime: True
[2026.09.23-20.10.14:144][368]LogAudioMixer: Display: Audio Mixer Platform Settings:
[2026.09.23-20.10.14:144][368]LogAudioMixer: Display: 	Sample Rate:						  48000
[2026.09.23-20.10.14:144][368]LogAudioMixer: Display: 	Callback Buffer Frame Size Requested: 1024
[2026.09.23-20.10.14:145][368]LogAudioMixer: Display: 	Callback Buffer Frame Size To Use:	  1024
[2026.09.23-20.10.14:145][368]LogAudioMixer: Display: 	Number of buffers to queue:			  2
[2026.09.23-20.10.14:145][368]LogAudioMixer: Display: 	Max Channels (voices):				  32
[2026.09.23-20.10.14:145][368]LogAudioMixer: Display: 	Number of Async Source Workers:		  0
[2026.09.23-20.10.14:145][368]LogAudio: Display: AudioDevice MaxSources: 32
[2026.09.23-20.10.14:148][368]LogAudio: Display: Audio Spatialization Plugin: None (built-in).
[2026.09.23-20.10.14:148][368]LogAudio: Display: Audio Reverb Plugin: None (built-in).
[2026.09.23-20.10.14:148][368]LogAudio: Display: Audio Occlusion Plugin: None (built-in).
[2026.09.23-20.10.14:149][368]LogAudioMixer: Display: Initializing audio mixer.
[2026.09.23-20.10.14:156][368]LogAudioMixer: Display: 0: FrontLeft
[2026.09.23-20.10.14:156][368]LogAudioMixer: Display: 1: FrontRight
[2026.09.23-20.10.14:247][368]LogAudioMixer: Display: Using Audio Device Altavoces (Realtek(R) Audio)
[2026.09.23-20.10.14:250][368]LogAudioMixer: Display: Initializing Sound Submixes...
[2026.09.23-20.10.14:250][368]LogAudioMixer: Display: Creating Master Submix 'MasterSubmixDefault'
[2026.09.23-20.10.14:250][368]LogAudioMixer: Display: Creating Master Submix 'MasterReverbSubmixDefault'
[2026.09.23-20.10.14:253][368]LogAudioMixer: Display: Creating Master Submix 'MasterEQSubmixDefault'
[2026.09.23-20.10.14:253][368]LogAudioMixer: FMixerPlatformXAudio2::StartAudioStream() called
[2026.09.23-20.10.14:253][368]LogAudioMixer: Display: Output buffers initialized: Frames=1024, Channels=2, Samples=2048
[2026.09.23-20.10.14:255][368]LogAudioMixer: Display: Starting AudioMixerPlatformInterface::RunInternal()
[2026.09.23-20.10.14:255][368]LogAudioMixer: Display: FMixerPlatformXAudio2::SubmitBuffer() called for the first time
[2026.09.23-20.10.14:255][368]LogInit: FAudioDevice initialized.
[2026.09.23-20.10.14:256][368]LogAudio: Display: Audio Device (ID: 3) registered with world 'Mapa01'.
[2026.09.23-20.10.14:282][368]LogLoad: Game class is 'GameMode2D_C'
[2026.09.23-20.10.14:302][368]LogWorld: Bringing World /Game/Niveles/UEDPIE_0_Mapa01.Mapa01 up for play (max tick rate 60) at 2026.09.23-14.10.14
[2026.09.23-20.10.14:304][368]LogWorld: Bringing up level for play took: 0.012348
[2026.09.23-20.10.14:310][368]LogOnline: OSS: Creating online subsystem instance for: :Context_4
[2026.09.23-20.10.14:344][368]PIE: El servidor ha iniciado la sesión
[2026.09.23-20.10.14:346][368]PIE: Play in editor total start time 0.326 seconds.
[2026.09.23-20.10.43:252][ 95]LogSlate: Updating window title bar state: overlay mode, drag disabled, window buttons hidden, title bar hidden
[2026.09.23-20.10.43:252][ 95]LogWorld: BeginTearingDown for /Game/Niveles/UEDPIE_0_Mapa01
[2026.09.23-20.10.43:256][ 95]LogWorld: UWorld::CleanupWorld for Mapa01, bSessionEnded=true, bCleanupResources=true
[2026.09.23-20.10.43:258][ 95]LogSlate: InvalidateAllWidgets triggered.  All widgets were invalidated
[2026.09.23-20.10.43:271][ 95]LogPlayLevel: Display: Shutting down PIE online subsystems
[2026.09.23-20.10.43:311][ 95]LogSlate: InvalidateAllWidgets triggered.  All widgets were invalidated
[2026.09.23-20.10.43:316][ 95]LogSlate: Updating window title bar state: overlay mode, drag disabled, window buttons hidden, title bar hidden
[2026.09.23-20.10.43:317][ 95]LogAudioMixer: FMixerPlatformXAudio2::StopAudioStream() called
[2026.09.23-20.10.43:319][ 95]LogAudioMixer: FMixerPlatformXAudio2::StopAudioStream() called
[2026.09.23-20.10.43:326][ 95]LogUObjectHash: Compacting FUObjectHashTables data took   0.44ms
[2026.09.23-20.10.43:365][ 96]LogPlayLevel: Display: Destroying online subsystem :Context_4
[2026.09.23-20.10.57:039][346]LogSavePackage: Moving '../../../../../../Users/larse/OneDrive/Documentos/Unreal Projects/Terraformer/Saved/MapaTileSet2FBCDA2C493D001811754AA3774AD717.tmp' to '../../../../../../Users/larse/OneDrive/Documentos/Unreal Projects/Terraformer/Content/Platformer_assets_pack/Tileset/MapaTileSet.uasset'
[2026.09.23-20.10.57:184][346]AssetCheck: New page: Asset Save: MapaTileSet
[2026.09.23-20.10.57:185][346]LogContentValidation: Display: Validating PaperTileMap /Game/Platformer_assets_pack/Tileset/MapaTileSet.MapaTileSet
[2026.09.23-21.10.19:938][965]LogEditorViewport: Clicking on Actor (LMB): PaperSpriteActor (Background_Sprite12)
[2026.09.23-21.10.34:196][796]Cmd: EDIT COPY
[2026.09.23-21.10.34:903][837]Cmd: EDIT PASTE
[2026.09.23-21.11.02:494][480]LogEditorViewport: Clicking Background
[2026.09.23-21.11.07:331][770]LogEditorViewport: Clicking on Actor (LMB): PaperSpriteActor (Background_Sprite24)
[2026.09.23-21.11.08:239][823]Cmd: EDIT PASTE
[2026.09.23-21.11.11:286][  5]Cmd: TRANSACTION UNDO
[2026.09.23-21.11.11:286][  5]LogEditorTransaction: Undo Pegar
[2026.09.23-21.11.13:639][141]Cmd: EDIT PASTE
[2026.09.23-21.11.14:608][198]LogEditorViewport: Clicking on Actor (LMB): PaperSpriteActor (Background_Sprite24)
[2026.09.23-21.11.16:343][301]Cmd: TRANSACTION UNDO
[2026.09.23-21.11.16:343][301]LogEditorTransaction: Undo Pinchar en los actores
[2026.09.23-21.11.18:690][435]LogEditorViewport: Clicking Background
[2026.09.23-21.11.19:346][474]Cmd: EDIT PASTE
[2026.09.23-21.11.21:109][578]Cmd: TRANSACTION UNDO
[2026.09.23-21.11.21:109][578]LogEditorTransaction: Undo Pegar
[2026.09.23-21.11.26:148][877]LogEditorViewport: Clicking on Actor (LMB): PaperSpriteActor (Background_Sprite28)
[2026.09.23-21.11.26:838][917]LogEditorViewport: Clicking on Actor (LMB): PaperSpriteActor (Background_Sprite32)
[2026.09.23-21.11.32:340][245]Cmd: TRANSACTION UNDO
[2026.09.23-21.11.32:340][245]LogEditorTransaction: Undo Move Actors
[2026.09.23-21.11.32:613][259]Cmd: TRANSACTION UNDO
[2026.09.23-21.11.32:613][259]LogEditorTransaction: Undo Pinchar en los actores
[2026.09.23-21.11.32:808][267]Cmd: TRANSACTION UNDO
[2026.09.23-21.11.32:808][267]LogEditorTransaction: Undo Pinchar en los actores
[2026.09.23-21.11.33:428][303]Cmd: TRANSACTION UNDO
[2026.09.23-21.11.33:428][303]LogEditorTransaction: Undo Pinchar en el fondo
[2026.09.23-21.11.35:691][438]LogEditorViewport: Clicking Background
[2026.09.23-21.11.38:529][608]Cmd: TRANSACTION UNDO
[2026.09.23-21.11.38:529][608]LogEditorTransaction: Undo Pinchar en el fondo
[2026.09.23-21.11.41:399][771]LogEditorViewport: Clicking Background
[2026.09.23-21.11.46:372][ 69]LogEditorViewport: Clicking on Actor (LMB): PaperSpriteActor (Background_Sprite15)
[2026.09.23-21.11.49:006][225]Cmd: TRANSACTION UNDO
[2026.09.23-21.11.49:006][225]LogEditorTransaction: Undo Move Actors
[2026.09.23-21.12.22:072][197]LogUObjectHash: Compacting FUObjectHashTables data took   2.14ms
[2026.09.23-21.12.22:092][197]LogSavePackage: Moving '../../../../../../Users/larse/OneDrive/Documentos/Unreal Projects/Terraformer/Saved/Mapa01_Auto2289F845C437878A35E2E49A7A70CB0C9.tmp' to '../../../../../../Users/larse/OneDrive/Documentos/Unreal Projects/Terraformer/Saved/Autosaves/Game/Niveles/Mapa01_Auto2.umap'
[2026.09.23-21.12.22:094][197]LogFileHelpers: Editor autosave (incl. external actors) for '/Game/Niveles/Mapa01' took 0.035
[2026.09.23-21.12.22:094][197]LogFileHelpers: Editor autosave (incl. sublevels & external actors) for all levels took 0.035
[2026.09.23-22.06.10:857][831]LogEditorViewport: Clicking on Actor (LMB): PaperSpriteActor (Background_Sprite25)
[2026.09.23-22.06.42:039][699]LogEditorViewport: Clicking Background
[2026.09.23-22.06.53:559][385]Cmd: TRANSACTION UNDO
[2026.09.23-22.06.53:559][385]LogEditorTransaction: Undo Move Actors
[2026.09.23-22.06.57:604][622]Cmd: TRANSACTION UNDO
[2026.09.23-22.06.57:604][622]LogEditorTransaction: Undo Pinchar en los actores
[2026.09.23-22.06.58:051][645]Cmd: TRANSACTION UNDO
[2026.09.23-22.06.58:051][645]LogEditorTransaction: Undo Pinchar en el fondo
[2026.09.23-22.07.11:790][464]Cmd: EDIT COPY
[2026.09.23-22.07.12:544][508]Cmd: EDIT PASTE
[2026.09.23-22.07.24:503][218]LogEditorViewport: Clicking Background
[2026.09.23-22.07.34:073][791]LogEditorViewport: Clicking Background
[2026.09.23-22.08.07:806][417]LogUObjectHash: Compacting FUObjectHashTables data took   0.70ms
[2026.09.23-22.08.07:821][417]LogSavePackage: Moving '../../../../../../Users/larse/OneDrive/Documentos/Unreal Projects/Terraformer/Saved/Mapa01_Auto37B3DC2094D8BF358770AD28D893FBCBA.tmp' to '../../../../../../Users/larse/OneDrive/Documentos/Unreal Projects/Terraformer/Saved/Autosaves/Game/Niveles/Mapa01_Auto3.umap'
[2026.09.23-22.08.07:823][417]LogFileHelpers: Editor autosave (incl. external actors) for '/Game/Niveles/Mapa01' took 0.026
[2026.09.23-22.08.07:823][417]LogFileHelpers: Editor autosave (incl. sublevels & external actors) for all levels took 0.026
[2026.09.24-01.35.25:409][210]LogUObjectHash: Compacting FUObjectHashTables data took   3.30ms
[2026.09.24-01.35.25:439][210]LogSavePackage: Moving '../../../../../../Users/larse/OneDrive/Documentos/Unreal Projects/Terraformer/Saved/Mapa01422A77794E6A58CB5F6B55B6221C618B.tmp' to '../../../../../../Users/larse/OneDrive/Documentos/Unreal Projects/Terraformer/Content/Niveles/Mapa01.umap'
[2026.09.24-01.35.26:066][210]AssetCheck: New page: Asset Save: Mapa01
[2026.09.24-01.35.26:066][210]LogContentValidation: Display: Validating World /Game/Niveles/Mapa01.Mapa01
[2026.09.24-01.35.27:624][300]LogUObjectHash: Compacting FUObjectHashTables data took   0.83ms
[2026.09.24-01.35.27:691][300]LogSavePackage: Moving '../../../../../../Users/larse/OneDrive/Documentos/Unreal Projects/Terraformer/Saved/Mapa01FA3E5EAD4B6E3217D8A0C28A67592423.tmp' to '../../../../../../Users/larse/OneDrive/Documentos/Unreal Projects/Terraformer/Content/Niveles/Mapa01.umap'
[2026.09.24-01.35.27:745][300]AssetCheck: New page: Asset Save: Mapa01
[2026.09.24-01.35.27:745][300]LogContentValidation: Display: Validating World /Game/Niveles/Mapa01.Mapa01
[2026.09.24-01.35.30:411][459]LogEditorViewport: Clicking Background
[2026.09.24-01.35.31:119][501]LogTemp: Repeating last play command: Selected Viewport
[2026.09.24-01.35.31:135][501]LogPlayLevel: PlayLevel: No blueprints needed recompiling
[2026.09.24-01.35.31:139][501]PIE: New page: Sesión PIE (reproducción en el editor): Mapa01 (23 sep. 2026 14:35:31)
[2026.09.24-01.35.31:142][501]LogPlayLevel: Creating play world package: /Game/Niveles/UEDPIE_0_Mapa01
[2026.09.24-01.35.31:159][501]LogPlayLevel: PIE: StaticDuplicateObject took: (0.013996s)
[2026.09.24-01.35.31:184][501]LogAIModule: Creating AISystem for world Mapa01
[2026.09.24-01.35.31:191][501]LogPlayLevel: PIE: World Init took: (0.032740s)
[2026.09.24-01.35.31:192][501]LogPlayLevel: PIE: Created PIE world by copying editor world from /Game/Niveles/Mapa01.Mapa01 to /Game/Niveles/UEDPIE_0_Mapa01.Mapa01 (0.048384s)
[2026.09.24-01.35.31:196][501]LogUObjectHash: Compacting FUObjectHashTables data took   0.47ms
[2026.09.24-01.35.31:199][501]LogAudio: Display: Creating Audio Device:                 Id: 4, Scope: Unique, Realtime: True
[2026.09.24-01.35.31:201][501]LogAudioMixer: Display: Audio Mixer Platform Settings:
[2026.09.24-01.35.31:201][501]LogAudioMixer: Display: 	Sample Rate:						  48000
[2026.09.24-01.35.31:201][501]LogAudioMixer: Display: 	Callback Buffer Frame Size Requested: 1024
[2026.09.24-01.35.31:201][501]LogAudioMixer: Display: 	Callback Buffer Frame Size To Use:	  1024
[2026.09.24-01.35.31:201][501]LogAudioMixer: Display: 	Number of buffers to queue:			  2
[2026.09.24-01.35.31:201][501]LogAudioMixer: Display: 	Max Channels (voices):				  32
[2026.09.24-01.35.31:201][501]LogAudioMixer: Display: 	Number of Async Source Workers:		  0
[2026.09.24-01.35.31:201][501]LogAudio: Display: AudioDevice MaxSources: 32
[2026.09.24-01.35.31:203][501]LogAudio: Display: Audio Spatialization Plugin: None (built-in).
[2026.09.24-01.35.31:203][501]LogAudio: Display: Audio Reverb Plugin: None (built-in).
[2026.09.24-01.35.31:203][501]LogAudio: Display: Audio Occlusion Plugin: None (built-in).
[2026.09.24-01.35.31:204][501]LogAudioMixer: Display: Initializing audio mixer.
[2026.09.24-01.35.31:212][501]LogAudioMixer: Display: 0: FrontLeft
[2026.09.24-01.35.31:212][501]LogAudioMixer: Display: 1: FrontRight
[2026.09.24-01.35.31:286][501]LogAudioMixer: Display: Using Audio Device Altavoces (Realtek(R) Audio)
[2026.09.24-01.35.31:292][501]LogAudioMixer: Display: Initializing Sound Submixes...
[2026.09.24-01.35.31:292][501]LogAudioMixer: Display: Creating Master Submix 'MasterSubmixDefault'
[2026.09.24-01.35.31:292][501]LogAudioMixer: Display: Creating Master Submix 'MasterReverbSubmixDefault'
[2026.09.24-01.35.31:297][501]LogAudioMixer: Display: Creating Master Submix 'MasterEQSubmixDefault'
[2026.09.24-01.35.31:297][501]LogAudioMixer: FMixerPlatformXAudio2::StartAudioStream() called
[2026.09.24-01.35.31:297][501]LogAudioMixer: Display: Output buffers initialized: Frames=1024, Channels=2, Samples=2048
[2026.09.24-01.35.31:299][501]LogAudioMixer: Display: Starting AudioMixerPlatformInterface::RunInternal()
[2026.09.24-01.35.31:299][501]LogInit: FAudioDevice initialized.
[2026.09.24-01.35.31:299][501]LogAudioMixer: Display: FMixerPlatformXAudio2::SubmitBuffer() called for the first time
[2026.09.24-01.35.31:299][501]LogAudio: Display: Audio Device (ID: 4) registered with world 'Mapa01'.
[2026.09.24-01.35.31:322][501]LogLoad: Game class is 'GameMode2D_C'
[2026.09.24-01.35.31:337][501]LogWorld: Bringing World /Game/Niveles/UEDPIE_0_Mapa01.Mapa01 up for play (max tick rate 60) at 2026.09.23-19.35.31
[2026.09.24-01.35.31:339][501]LogWorld: Bringing up level for play took: 0.011897
[2026.09.24-01.35.31:344][501]LogOnline: OSS: Creating online subsystem instance for: :Context_5
[2026.09.24-01.35.31:364][501]PIE: El servidor ha iniciado la sesión
[2026.09.24-01.35.31:366][501]PIE: Play in editor total start time 0.236 seconds.
[2026.09.24-01.36.10:601][852]LogSlate: Updating window title bar state: overlay mode, drag disabled, window buttons hidden, title bar hidden
[2026.09.24-01.36.10:601][852]LogWorld: BeginTearingDown for /Game/Niveles/UEDPIE_0_Mapa01
[2026.09.24-01.36.10:604][852]LogWorld: UWorld::CleanupWorld for Mapa01, bSessionEnded=true, bCleanupResources=true
[2026.09.24-01.36.10:605][852]LogSlate: InvalidateAllWidgets triggered.  All widgets were invalidated
[2026.09.24-01.36.10:618][852]LogPlayLevel: Display: Shutting down PIE online subsystems
[2026.09.24-01.36.10:620][852]LogSlate: InvalidateAllWidgets triggered.  All widgets were invalidated
[2026.09.24-01.36.10:624][852]LogSlate: Updating window title bar state: overlay mode, drag disabled, window buttons hidden, title bar hidden
[2026.09.24-01.36.10:625][852]LogAudioMixer: FMixerPlatformXAudio2::StopAudioStream() called
[2026.09.24-01.36.10:626][852]LogAudioMixer: FMixerPlatformXAudio2::StopAudioStream() called
[2026.09.24-01.36.10:633][852]LogUObjectHash: Compacting FUObjectHashTables data took   0.49ms
[2026.09.24-01.36.10:691][854]LogPlayLevel: Display: Destroying online subsystem :Context_5
[2026.09.24-01.36.32:557][159]LogAssetEditorSubsystem: Opening Asset editor for Texture2D /Game/Platformer_assets_pack/Tileset/Tileset.Tileset
[2026.09.24-01.36.32:619][159]LogNativeClassHierarchy: Verbose: Native class hierarchy updated for 'TextureEditor' in 0.0024 seconds. Added 1 classes and 2 folders.
[2026.09.24-01.36.50:480][170]LogSlate: Window 'Tileset' being destroyed
[2026.09.24-01.36.50:496][170]LogSlate: Window 'Tileset' being destroyed
[2026.09.24-01.36.50:545][170]LogWorld: UWorld::CleanupWorld for World_0, bSessionEnded=true, bCleanupResources=true
[2026.09.24-01.36.50:546][170]LogSlate: InvalidateAllWidgets triggered.  All widgets were invalidated
[2026.09.24-01.36.51:696][232]LogAssetEditorSubsystem: Opening Asset editor for PaperTileSet /Game/Platformer_assets_pack/Tileset/Tileset_TileSet.Tileset_TileSet
[2026.09.24-01.37.25:424][241]LogSavePackage: Moving '../../../../../../Users/larse/OneDrive/Documentos/Unreal Projects/Terraformer/Saved/Tileset_TileSetC0EF19EE4CCAC2ADC3076EB32ABF9A45.tmp' to '../../../../../../Users/larse/OneDrive/Documentos/Unreal Projects/Terraformer/Content/Platformer_assets_pack/Tileset/Tileset_TileSet.uasset'
[2026.09.24-01.37.25:443][241]AssetCheck: New page: Asset Save: Tileset_TileSet
[2026.09.24-01.37.25:443][241]LogContentValidation: Display: Validating PaperTileSet /Game/Platformer_assets_pack/Tileset/Tileset_TileSet.Tileset_TileSet
[2026.09.24-01.37.29:005][454]LogSlate: Window 'Tileset_TileSet' being destroyed
[2026.09.24-01.37.29:016][454]LogSlate: Window 'Tileset_TileSet' being destroyed
[2026.09.24-01.37.29:035][454]LogWorld: UWorld::CleanupWorld for World_2, bSessionEnded=true, bCleanupResources=true
[2026.09.24-01.37.29:035][454]LogSlate: InvalidateAllWidgets triggered.  All widgets were invalidated
[2026.09.24-01.37.30:694][550]LogAssetEditorSubsystem: Opening Asset editor for PaperTileMap /Game/Platformer_assets_pack/Tileset/MapaTileSet.MapaTileSet
[2026.09.24-01.37.58:503][206]LogSlate: Window 'MapaTileSet' being destroyed
[2026.09.24-01.37.58:516][206]LogSlate: Window 'MapaTileSet' being destroyed
[2026.09.24-01.37.58:549][206]LogWorld: UWorld::CleanupWorld for World_3, bSessionEnded=true, bCleanupResources=true
[2026.09.24-01.37.58:549][206]LogSlate: InvalidateAllWidgets triggered.  All widgets were invalidated
[2026.09.24-01.38.00:063][293]LogAssetEditorSubsystem: Opening Asset editor for PaperTileSet /Game/Platformer_assets_pack/Tileset/Tileset_TileSet.Tileset_TileSet
[2026.09.24-01.38.10:841][928]LogSavePackage: Moving '../../../../../../Users/larse/OneDrive/Documentos/Unreal Projects/Terraformer/Saved/Tileset_TileSet66CDDC994AE0536F2493E19E81C81498.tmp' to '../../../../../../Users/larse/OneDrive/Documentos/Unreal Projects/Terraformer/Content/Platformer_assets_pack/Tileset/Tileset_TileSet.uasset'
[2026.09.24-01.38.10:857][928]AssetCheck: New page: Asset Save: Tileset_TileSet
[2026.09.24-01.38.10:857][928]LogContentValidation: Display: Validating PaperTileSet /Game/Platformer_assets_pack/Tileset/Tileset_TileSet.Tileset_TileSet
[2026.09.24-01.38.13:647][ 91]LogSlate: Window 'Tileset_TileSet' being destroyed
[2026.09.24-01.38.13:660][ 91]LogSlate: Window 'Tileset_TileSet' being destroyed
[2026.09.24-01.38.13:678][ 91]LogWorld: UWorld::CleanupWorld for World_4, bSessionEnded=true, bCleanupResources=true
[2026.09.24-01.38.13:678][ 91]LogSlate: InvalidateAllWidgets triggered.  All widgets were invalidated
[2026.09.24-01.40.05:815][ 37]LogAssetEditorSubsystem: Opening Asset editor for Texture2D /Game/Platformer_assets_pack/16x16_decorations/16_x16_decorations.16_x16_decorations
[2026.09.24-01.40.22:118][  9]LogSlate: Window '16_x16_decorations' being destroyed
[2026.09.24-01.40.22:131][  9]LogSlate: Window '16_x16_decorations' being destroyed
[2026.09.24-01.48.19:975][876]LogFactory: FactoryCreateFile: Texture with ReimportTextureFactory (0 0 C:\Users\larse\Downloads\Free Mushrooms\Free Mushrooms/Mushroom_Reg.png)
[2026.09.24-01.48.20:008][876]LogTexture: Display: Building textures: Mushroom_Reg (OODLE_AutoDXT, 320X160)
[2026.09.24-01.48.20:020][876]LogFactory: FactoryCreateFile: Texture with ReimportTextureFactory (0 0 C:\Users\larse\Downloads\Free Mushrooms\Free Mushrooms/Mushroom_spike.png)
[2026.09.24-01.48.20:025][876]LogTexture: Display: Building textures: Mushroom_spike (OODLE_AutoDXT, 320X160)
[2026.09.24-01.48.20:028][876]LogFactory: FactoryCreateFile: Texture with ReimportTextureFactory (0 0 C:\Users\larse\Downloads\Free Mushrooms\Free Mushrooms/Mushroom_Spotted.png)
[2026.09.24-01.48.20:030][876]LogTexture: Display: Building textures: Mushroom_Spotted (OODLE_AutoDXT, 320X160)
[2026.09.24-01.48.20:031][876]LogFactory: FactoryCreateFile: Texture with ReimportTextureFactory (0 0 C:\Users\larse\Downloads\Free Mushrooms\Free Mushrooms/Mush_Poison.png)
[2026.09.24-01.48.20:033][876]LogTexture: Display: Building textures: Mush_Poison (OODLE_AutoDXT, 320X32)
[2026.09.24-01.48.36:236][764]LogTexture: Display: Building textures: Mush_Poison (BGRA8, 320X32)
[2026.09.24-01.48.42:800][149]LogTexture: Display: Building textures: Mushroom_Reg (BGRA8, 320X160)
[2026.09.24-01.48.42:805][149]LogTexture: Display: Building textures: Mushroom_spike (BGRA8, 320X160)
[2026.09.24-01.48.42:810][149]LogTexture: Display: Building textures: Mushroom_Spotted (BGRA8, 320X160)
[2026.09.24-01.48.56:107][934]LogSlate: Window 'Extract sprites' being destroyed
[2026.09.24-01.48.59:057][109]LogAssetEditorSubsystem: Opening Asset editor for Texture2D /Game/Free_Mushrooms/Mushroom_spike.Mushroom_spike
[2026.09.24-01.49.00:774][206]LogSlate: Window 'Mushroom_spike' being destroyed
[2026.09.24-01.49.00:786][206]LogSlate: Window 'Mushroom_spike' being destroyed
[2026.09.24-01.49.08:781][671]LogContentBrowser: Deferred new asset folder creation: Carpeta nueva
[2026.09.24-01.49.08:791][671]LogContentBrowser: Creating deferred item: Carpeta nueva
[2026.09.24-01.49.16:180][115]LogContentBrowser: Attempting asset rename: Carpeta nueva -> Enemigo
[2026.09.24-01.49.16:182][115]LogContentBrowser: End creating deferred item Carpeta nueva
[2026.09.24-01.49.30:576][969]LogSlate: Window 'Seleccionador de color' being destroyed
[2026.09.24-01.49.37:630][379]LogSavePackage: Moving '../../../../../../Users/larse/OneDrive/Documentos/Unreal Projects/Terraformer/Saved/Mushroom_spike3AD2EA2C42324A3E41B52893518198AB.tmp' to '../../../../../../Users/larse/OneDrive/Documentos/Unreal Projects/Terraformer/Content/Free_Mushrooms/Enemigo/Mushroom_spike.uasset'
[2026.09.24-01.49.37:707][379]LogUObjectHash: Compacting FUObjectHashTables data took   1.38ms
[2026.09.24-01.49.37:736][379]LogUObjectHash: Compacting FUObjectHashTables data took   0.52ms
[2026.09.24-01.49.37:740][379]LogUObjectHash: Compacting FUObjectHashTables data took   0.25ms
[2026.09.24-01.49.37:843][379]AssetCheck: New page: Asset Save: Mushroom_spike
[2026.09.24-01.49.37:843][379]LogContentValidation: Display: Validating Texture2D /Game/Free_Mushrooms/Enemigo/Mushroom_spike.Mushroom_spike
[2026.09.24-01.50.07:605][139]LogSlate: Window 'Extract sprites' being destroyed
[2026.09.24-01.50.54:952][972]LogSlate: Warning: Ignoring SetUserFocus because it's not an active modal Window (user 0 not set to SAssetView [SContentBrowser.cpp(749)].
[2026.09.24-01.50.54:953][972]LogContentBrowser: Deferred new asset file creation: Mushroom_spike1
[2026.09.24-01.50.54:978][972]LogContentBrowser: Creating deferred item: Mushroom_spike1
[2026.09.24-01.51.03:667][494]LogContentBrowser: Attempting asset rename: Mushroom_spike1 -> Mushroom_Idle
[2026.09.24-01.51.03:668][494]LogContentBrowser: End creating deferred item Mushroom_spike1
[2026.09.24-01.51.13:080][ 54]LogAssetEditorSubsystem: Opening Asset editor for PaperFlipbook /Game/Free_Mushrooms/Enemigo/Mushroom_Idle.Mushroom_Idle
[2026.09.24-01.51.13:189][ 55]LogRenderer: Reallocating scene render targets to support 2024x1160 Format 10 NumSamples 1 (Frame:1).
[2026.09.24-01.51.27:604][886]LogSlate: Window 'Mushroom_Idle' being destroyed
[2026.09.24-01.51.27:619][886]LogSlate: Window 'Mushroom_Idle' being destroyed
[2026.09.24-01.51.27:620][886]LogWorld: UWorld::CleanupWorld for World_5, bSessionEnded=true, bCleanupResources=true
[2026.09.24-01.51.27:620][886]LogSlate: InvalidateAllWidgets triggered.  All widgets were invalidated
[2026.09.24-01.51.32:627][181]LogUObjectHash: Compacting FUObjectHashTables data took   0.49ms
[2026.09.24-01.51.33:843][181]LogSlate: Window 'Delete Assets' being destroyed
[2026.09.24-01.51.33:913][181]LogUObjectHash: Compacting FUObjectHashTables data took   0.44ms
[2026.09.24-01.52.09:013][276]LogSlate: Warning: Ignoring SetUserFocus because it's not an active modal Window (user 0 not set to SAssetView [SContentBrowser.cpp(749)].
[2026.09.24-01.52.09:014][276]LogContentBrowser: Deferred new asset file creation: Mushroom_spike1
[2026.09.24-01.52.09:034][276]LogContentBrowser: Creating deferred item: Mushroom_spike1
[2026.09.24-01.52.17:089][760]LogContentBrowser: Attempting asset rename: Mushroom_spike1 -> Mushroom_spike1
[2026.09.24-01.52.17:089][760]LogContentBrowser: End creating deferred item Mushroom_spike1
[2026.09.24-01.52.20:092][931]LogAssetEditorSubsystem: Opening Asset editor for PaperFlipbook /Game/Free_Mushrooms/Enemigo/Mushroom_spike1.Mushroom_spike1
[2026.09.24-01.52.22:883][ 89]LogSlate: Window 'Mushroom_spike1' being destroyed
[2026.09.24-01.52.22:897][ 89]LogSlate: Window 'Mushroom_spike1' being destroyed
[2026.09.24-01.52.22:939][ 89]LogWorld: UWorld::CleanupWorld for World_6, bSessionEnded=true, bCleanupResources=true
[2026.09.24-01.52.22:939][ 89]LogSlate: InvalidateAllWidgets triggered.  All widgets were invalidated
[2026.09.24-01.52.25:405][235]LogUObjectHash: Compacting FUObjectHashTables data took   0.42ms
[2026.09.24-01.52.26:744][235]LogSlate: Window 'Delete Assets' being destroyed
[2026.09.24-01.52.26:818][235]LogUObjectHash: Compacting FUObjectHashTables data took   0.49ms
[2026.09.24-01.52.52:545][774]LogSlate: Warning: Ignoring SetUserFocus because it's not an active modal Window (user 0 not set to SAssetView [SContentBrowser.cpp(749)].
[2026.09.24-01.52.52:545][774]LogContentBrowser: Deferred new asset file creation: Mushroom_spike1
[2026.09.24-01.52.52:562][774]LogContentBrowser: Creating deferred item: Mushroom_spike1
[2026.09.24-01.53.04:201][473]LogContentBrowser: Attempting asset rename: Mushroom_spike1 -> Mushroom_Idle
[2026.09.24-01.53.04:201][473]LogContentBrowser: End creating deferred item Mushroom_spike1
[2026.09.24-01.53.06:523][608]LogAssetEditorSubsystem: Opening Asset editor for PaperFlipbook /Game/Free_Mushrooms/Enemigo/Mushroom_Idle.Mushroom_Idle
[2026.09.24-01.53.43:936][809]LogSavePackage: Moving '../../../../../../Users/larse/OneDrive/Documentos/Unreal Projects/Terraformer/Saved/Mushroom_Idle37B18A484F6537032351E8B1E8FEEE04.tmp' to '../../../../../../Users/larse/OneDrive/Documentos/Unreal Projects/Terraformer/Content/Free_Mushrooms/Enemigo/Mushroom_Idle.uasset'
[2026.09.24-01.53.43:954][809]AssetCheck: New page: Asset Save: Mushroom_Idle
[2026.09.24-01.53.43:954][809]LogContentValidation: Display: Validating PaperFlipbook /Game/Free_Mushrooms/Enemigo/Mushroom_Idle.Mushroom_Idle
[2026.09.24-01.53.45:381][894]LogSlate: Window 'Mushroom_Idle' being destroyed
[2026.09.24-01.53.45:405][894]LogSlate: Window 'Mushroom_Idle' being destroyed
[2026.09.24-01.53.45:429][894]LogWorld: UWorld::CleanupWorld for World_7, bSessionEnded=true, bCleanupResources=true
[2026.09.24-01.53.45:429][894]LogSlate: InvalidateAllWidgets triggered.  All widgets were invalidated
[2026.09.24-01.54.21:021][837]LogUObjectHash: Compacting FUObjectHashTables data took   0.50ms
[2026.09.24-01.54.21:026][837]LogFileHelpers: Editor autosave (incl. external actors) for '/Game/Niveles/Mapa01' took 0.010
[2026.09.24-01.54.21:028][837]OBJ SavePackage: Generating thumbnails for [1] asset(s) in package [/Game/Free_Mushrooms/Mushroom_Reg] ([1] browsable assets)...
[2026.09.24-01.54.21:030][837]OBJ SavePackage:     Rendered thumbnail for [Texture2D /Game/Free_Mushrooms/Mushroom_Reg.Mushroom_Reg]
[2026.09.24-01.54.21:031][837]OBJ SavePackage: Finished generating thumbnails for package [/Game/Free_Mushrooms/Mushroom_Reg]
[2026.09.24-01.54.21:033][837]LogSavePackage: Moving '../../../../../../Users/larse/OneDrive/Documentos/Unreal Projects/Terraformer/Saved/Mushroom_Reg_Auto4FD1FBF104F0CC0A9F6539BBA3B5BAFA8.tmp' to '../../../../../../Users/larse/OneDrive/Documentos/Unreal Projects/Terraformer/Saved/Autosaves/Game/Free_Mushrooms/Mushroom_Reg_Auto4.uasset'
[2026.09.24-01.54.21:034][837]OBJ SavePackage: Generating thumbnails for [1] asset(s) in package [/Game/Free_Mushrooms/Mushroom_Spotted] ([1] browsable assets)...
[2026.09.24-01.54.21:037][837]OBJ SavePackage:     Rendered thumbnail for [Texture2D /Game/Free_Mushrooms/Mushroom_Spotted.Mushroom_Spotted]
[2026.09.24-01.54.21:037][837]OBJ SavePackage: Finished generating thumbnails for package [/Game/Free_Mushrooms/Mushroom_Spotted]
[2026.09.24-01.54.21:039][837]LogSavePackage: Moving '../../../../../../Users/larse/OneDrive/Documentos/Unreal Projects/Terraformer/Saved/Mushroom_Spotted_Auto4F494C3D747EE6E01BAD4E1B271AA3938.tmp' to '../../../../../../Users/larse/OneDrive/Documentos/Unreal Projects/Terraformer/Saved/Autosaves/Game/Free_Mushrooms/Mushroom_Spotted_Auto4.uasset'
[2026.09.24-01.54.21:040][837]OBJ SavePackage: Generating thumbnails for [1] asset(s) in package [/Game/Free_Mushrooms/Mush_Poison] ([1] browsable assets)...
[2026.09.24-01.54.21:042][837]OBJ SavePackage:     Rendered thumbnail for [Texture2D /Game/Free_Mushrooms/Mush_Poison.Mush_Poison]
[2026.09.24-01.54.21:042][837]OBJ SavePackage: Finished generating thumbnails for package [/Game/Free_Mushrooms/Mush_Poison]
[2026.09.24-01.54.21:044][837]LogSavePackage: Moving '../../../../../../Users/larse/OneDrive/Documentos/Unreal Projects/Terraformer/Saved/Mush_Poison_Auto43C345F294994E6F9E493C0A9BE115703.tmp' to '../../../../../../Users/larse/OneDrive/Documentos/Unreal Projects/Terraformer/Saved/Autosaves/Game/Free_Mushrooms/Mush_Poison_Auto4.uasset'
[2026.09.24-01.54.21:046][837]LogFileHelpers: Auto-saving content packages took 0.019
[2026.09.24-02.16.13:794][920]LogContentBrowser: Deferred new asset folder creation: Carpeta nueva
[2026.09.24-02.16.13:804][920]LogContentBrowser: Creating deferred item: Carpeta nueva
[2026.09.24-02.16.21:091][358]LogContentBrowser: Attempting asset rename: Carpeta nueva -> Elements
[2026.09.24-02.16.21:092][358]LogContentBrowser: End creating deferred item Carpeta nueva
[2026.09.24-02.16.26:603][683]LogContentBrowser: Attempting asset rename: Elements -> Elements
[2026.09.24-02.16.33:485][ 89]LogSlate: Window 'Seleccionador de color' being destroyed
[2026.09.24-02.16.46:984][343]LogFactory: FactoryCreateFile: Texture with ReimportTextureFactory (0 0 C:\Users\larse\OneDrive\Documentos\Aplicaciones Interactivas\png-transparent-pixel-art-mario-coin-text-rectangle-владыка.png)
[2026.09.24-02.16.47:017][343]LogTexture: Display: Building textures: png-transparent-pixel-art-mario-coin-text-rectangle-владыка (BGRA8, 920X618)
[2026.09.24-02.17.14:338][552]LogUObjectHash: Compacting FUObjectHashTables data took   1.49ms
[2026.09.24-02.17.14:343][552]LogFileHelpers: Editor autosave (incl. external actors) for '/Game/Niveles/Mapa01' took 0.011
[2026.09.24-02.17.14:343][552]OBJ SavePackage: Generating thumbnails for [1] asset(s) in package [/Game/Elements/png-transparent-pixel-art-mario-coin-text-rectangle-владыка] ([1] browsable assets)...
[2026.09.24-02.17.14:347][552]OBJ SavePackage:     Rendered thumbnail for [Texture2D /Game/Elements/png-transparent-pixel-art-mario-coin-text-rectangle-владыка.png-transparent-pixel-art-mario-coin-text-rectangle-владыка]
[2026.09.24-02.17.14:347][552]OBJ SavePackage: Finished generating thumbnails for package [/Game/Elements/png-transparent-pixel-art-mario-coin-text-rectangle-владыка]
[2026.09.24-02.17.14:350][552]LogSavePackage: Moving '../../../../../../Users/larse/OneDrive/Documentos/Unreal Projects/Terraformer/Saved/png-transparent-pixel-art-mario-29C873F14FC7551C79D097B167CC686E.tmp' to '../../../../../../Users/larse/OneDrive/Documentos/Unreal Projects/Terraformer/Saved/Autosaves/Game/Elements/png-transparent-pixel-art-mario-coin-text-rectangle-владыка_Auto5.uasset'
[2026.09.24-02.17.14:352][552]LogFileHelpers: Auto-saving content packages took 0.008
[2026.09.24-02.23.43:689][457]LogAssetEditorSubsystem: Opening Asset editor for PaperSprite /Game/Elements/png-transparent-pixel-art-mario-coin-text-rectangle-владыка_Sprite.png-transparent-pixel-art-mario-coin-text-rectangle-владыка_Sprite
[2026.09.24-02.23.43:879][457]LogSlate: Took 0.001239 seconds to synchronously load lazily loaded font '../../../Engine/Content/Slate/Fonts/Roboto-Light.ttf' (167K)
[2026.09.24-02.23.50:070][825]LogSlate: Window 'png-transparent-pixel-art-mario-coin-text-rectangle-владыка_Sprite' being destroyed
[2026.09.24-02.23.50:081][825]LogSlate: Window 'png-transparent-pixel-art-mario-coin-text-rectangle-владыка_Sprite' being destroyed
[2026.09.24-02.23.50:088][825]LogWorld: UWorld::CleanupWorld for World_8, bSessionEnded=true, bCleanupResources=true
[2026.09.24-02.23.50:089][825]LogSlate: InvalidateAllWidgets triggered.  All widgets were invalidated
[2026.09.24-02.23.51:040][879]LogAssetEditorSubsystem: Opening Asset editor for Texture2D /Game/Elements/png-transparent-pixel-art-mario-coin-text-rectangle-владыка.png-transparent-pixel-art-mario-coin-text-rectangle-владыка
[2026.09.24-02.23.55:153][120]LogSlate: Window 'png-transparent-pixel-art-mario-coin-text-rectangle-владыка' being destroyed
[2026.09.24-02.23.55:166][120]LogSlate: Window 'png-transparent-pixel-art-mario-coin-text-rectangle-владыка' being destroyed
[2026.09.24-02.24.07:887][402]LogUObjectHash: Compacting FUObjectHashTables data took   0.52ms
[2026.09.24-02.24.09:625][402]LogSlate: Window 'Delete Assets' being destroyed
[2026.09.24-02.24.09:703][402]LogUObjectHash: Compacting FUObjectHashTables data took   0.44ms
[2026.09.24-02.25.06:457][695]LogFactory: FactoryCreateFile: Texture with ReimportTextureFactory (0 0 C:\Users\larse\Downloads\vecteezy_game-coin-pixelated_54978935.png)
[2026.09.24-02.25.06:670][695]LogTexture: Display: Building textures: vecteezy_game-coin-pixelated_54978935 (BGRA8, 4725X4725)
[2026.09.24-02.25.10:104][779]LogAssetEditorSubsystem: Opening Asset editor for Texture2D /Game/Elements/vecteezy_game-coin-pixelated_54978935.vecteezy_game-coin-pixelated_54978935
[2026.09.24-02.25.13:908][997]LogSlate: Window 'vecteezy_game-coin-pixelated_54978935' being destroyed
[2026.09.24-02.25.13:923][997]LogSlate: Window 'vecteezy_game-coin-pixelated_54978935' being destroyed
[2026.09.24-02.26.34:543][153]LogEditorClassViewer: Warning: Class /Engine/Tutorial/InWorldBlueprintEditing/TutorialAssets/IWBE_Blutility.IWBE_Blutility_C has parent /Script/Blutility.PlacedEditorUtilityBase, but this parent is not found. The Class will not be shown in ClassViewer.
[2026.09.24-02.26.36:925][153]LogSlate: Window 'Escoger clase padre' being destroyed
[2026.09.24-02.26.36:941][153]LogContentBrowser: Deferred new asset file creation: NewBlueprint
[2026.09.24-02.26.36:952][153]LogContentBrowser: Creating deferred item: NewBlueprint
[2026.09.24-02.26.45:205][649]LogContentBrowser: Attempting asset rename: NewBlueprint -> PB_Moneda
[2026.09.24-02.26.45:250][649]LogContentBrowser: End creating deferred item NewBlueprint
[2026.09.24-02.26.52:532][908]LogContentBrowser: Attempting asset rename: PB_Moneda -> PB_Moneda
[2026.09.24-02.26.58:957][288]LogContentBrowser: Attempting asset rename: PB_Moneda -> BP_Moneda
[2026.09.24-02.26.58:989][288]LogMetaData: Removing '/Game/Blueprints/BP_Moneda.BP_Moneda:UserConstructionScript.K2Node_FunctionEntry_0' ref from Metadata '/Game/Blueprints/PB_Moneda.PackageMetaData'
[2026.09.24-02.26.58:989][288]LogMetaData: Removing '/Game/Blueprints/BP_Moneda.SKEL_BP_Moneda_C:UserConstructionScript' ref from Metadata '/Game/Blueprints/PB_Moneda.PackageMetaData'
[2026.09.24-02.26.58:989][288]LogMetaData: Removing '/Game/Blueprints/BP_Moneda.SKEL_BP_Moneda_C' ref from Metadata '/Game/Blueprints/PB_Moneda.PackageMetaData'
[2026.09.24-02.26.58:989][288]LogMetaData: Removing '/Game/Blueprints/BP_Moneda.BP_Moneda_C' ref from Metadata '/Game/Blueprints/PB_Moneda.PackageMetaData'
[2026.09.24-02.26.58:989][288]LogMetaData: Removing '/Game/Blueprints/BP_Moneda.BP_Moneda:EventGraph.K2Node_Event_0' ref from Metadata '/Game/Blueprints/PB_Moneda.PackageMetaData'
[2026.09.24-02.26.58:989][288]LogMetaData: Removing '/Game/Blueprints/BP_Moneda.BP_Moneda:EventGraph.K2Node_Event_1' ref from Metadata '/Game/Blueprints/PB_Moneda.PackageMetaData'
[2026.09.24-02.26.58:989][288]LogMetaData: Removing '/Game/Blueprints/BP_Moneda.BP_Moneda:EventGraph.K2Node_Event_2' ref from Metadata '/Game/Blueprints/PB_Moneda.PackageMetaData'
[2026.09.24-02.26.59:025][288]Cmd: OBJ SAVEPACKAGE PACKAGE="/Game/Blueprints/BP_Moneda" FILE="../../../../../../Users/larse/OneDrive/Documentos/Unreal Projects/Terraformer/Content/Blueprints/BP_Moneda.uasset" SILENT=true
[2026.09.24-02.26.59:042][288]LogSavePackage: Moving '../../../../../../Users/larse/OneDrive/Documentos/Unreal Projects/Terraformer/Saved/BP_MonedaA2E1541149DF049435F0B2B946FF2B61.tmp' to '../../../../../../Users/larse/OneDrive/Documentos/Unreal Projects/Terraformer/Content/Blueprints/BP_Moneda.uasset'
[2026.09.24-02.26.59:110][288]LogUObjectHash: Compacting FUObjectHashTables data took   1.21ms
[2026.09.24-02.26.59:132][288]LogUObjectHash: Compacting FUObjectHashTables data took   0.95ms
[2026.09.24-02.26.59:136][288]LogUObjectHash: Compacting FUObjectHashTables data took   0.20ms
[2026.09.24-02.26.59:187][288]AssetCheck: New page: Asset Save: BP_Moneda
[2026.09.24-02.26.59:188][288]LogContentValidation: Display: Validating Blueprint /Game/Blueprints/BP_Moneda.BP_Moneda
[2026.09.24-02.27.02:196][467]LogAssetEditorSubsystem: Opening Asset editor for Blueprint /Game/Blueprints/BP_Moneda.BP_Moneda
[2026.09.24-02.27.02:502][467]LogNativeClassHierarchy: Verbose: Native class hierarchy updated for 'BlueprintGraph' in 0.0055 seconds. Added 126 classes and 0 folders.
[2026.09.24-02.27.04:975][558]LogSlate: Took 0.002051 seconds to synchronously load lazily loaded font '../../../Engine/Content/Slate/Fonts/Roboto-Italic.ttf' (157K)
[2026.09.24-02.28.56:602][136]LogEditorTransaction: Undo Set Scale
[2026.09.24-02.32.42:692][317]LogSlate: Prevented a slow task dialog from being summoned while a context menu was open
[2026.09.24-02.32.42:707][317]LogEditorClassViewer: Warning: Class /Engine/Tutorial/InWorldBlueprintEditing/TutorialAssets/IWBE_Blutility.IWBE_Blutility_C has parent /Script/Blutility.PlacedEditorUtilityBase, but this parent is not found. The Class will not be shown in ClassViewer.
[2026.09.24-02.32.52:799][889]LogUObjectHash: Compacting FUObjectHashTables data took   2.82ms
[2026.09.24-02.32.52:802][889]LogFileHelpers: Editor autosave (incl. external actors) for '/Game/Niveles/Mapa01' took 0.035
[2026.09.24-02.32.52:803][889]OBJ SavePackage: Generating thumbnails for [1] asset(s) in package [/Game/Elements/vecteezy_game-coin-pixelated_54978935] ([1] browsable assets)...
[2026.09.24-02.32.52:822][889]OBJ SavePackage:     Rendered thumbnail for [Texture2D /Game/Elements/vecteezy_game-coin-pixelated_54978935.vecteezy_game-coin-pixelated_54978935]
[2026.09.24-02.32.52:822][889]OBJ SavePackage: Finished generating thumbnails for package [/Game/Elements/vecteezy_game-coin-pixelated_54978935]
[2026.09.24-02.32.52:892][889]LogSavePackage: Moving '../../../../../../Users/larse/OneDrive/Documentos/Unreal Projects/Terraformer/Saved/vecteezy_game-coin-pixelated_549E838AA95461A0790933FE98A1C2BEB37.tmp' to '../../../../../../Users/larse/OneDrive/Documentos/Unreal Projects/Terraformer/Saved/Autosaves/Game/Elements/vecteezy_game-coin-pixelated_54978935_Auto6.uasset'
[2026.09.24-02.32.52:893][889]OBJ SavePackage: Generating thumbnails for [0] asset(s) in package [/Game/Blueprints/BP_Moneda] ([2] browsable assets)...
[2026.09.24-02.32.52:893][889]OBJ SavePackage: Finished generating thumbnails for package [/Game/Blueprints/BP_Moneda]
[2026.09.24-02.32.52:898][889]LogSavePackage: Moving '../../../../../../Users/larse/OneDrive/Documentos/Unreal Projects/Terraformer/Saved/BP_Moneda_Auto6538F115F415069E8046F23A2EA986FBB.tmp' to '../../../../../../Users/larse/OneDrive/Documentos/Unreal Projects/Terraformer/Saved/Autosaves/Game/Blueprints/BP_Moneda_Auto6.uasset'
[2026.09.24-02.32.52:899][889]LogFileHelpers: Auto-saving content packages took 0.097
[2026.09.24-02.33.42:354][201]LogSlate: Took 0.000880 seconds to synchronously load lazily loaded font '../../../Engine/Content/Slate/Fonts/Roboto-BoldCondensedItalic.ttf' (160K)
[2026.09.24-02.42.53:375][403]LogUObjectHash: Compacting FUObjectHashTables data took   1.86ms
[2026.09.24-02.42.53:377][403]LogFileHelpers: Editor autosave (incl. external actors) for '/Game/Niveles/Mapa01' took 0.018
[2026.09.24-02.42.53:377][403]OBJ SavePackage: Generating thumbnails for [0] asset(s) in package [/Game/Blueprints/BP_Moneda] ([2] browsable assets)...
[2026.09.24-02.42.53:377][403]OBJ SavePackage: Finished generating thumbnails for package [/Game/Blueprints/BP_Moneda]
[2026.09.24-02.42.53:383][403]LogSavePackage: Moving '../../../../../../Users/larse/OneDrive/Documentos/Unreal Projects/Terraformer/Saved/BP_Moneda_Auto71DB1980C498AAE161C6E1CB0E964724D.tmp' to '../../../../../../Users/larse/OneDrive/Documentos/Unreal Projects/Terraformer/Saved/Autosaves/Game/Blueprints/BP_Moneda_Auto7.uasset'
[2026.09.24-02.42.53:385][403]LogFileHelpers: Auto-saving content packages took 0.007
[2026.09.24-03.57.46:762][ 42]LogUObjectHash: Compacting FUObjectHashTables data took   7.13ms
[2026.09.24-03.57.46:774][ 42]LogFileHelpers: Editor autosave (incl. external actors) for '/Game/Niveles/Mapa01' took 0.129
[2026.09.24-03.57.46:779][ 42]OBJ SavePackage: Generating thumbnails for [0] asset(s) in package [/Game/Blueprints/BP_Moneda] ([2] browsable assets)...
[2026.09.24-03.57.46:779][ 42]OBJ SavePackage: Finished generating thumbnails for package [/Game/Blueprints/BP_Moneda]
[2026.09.24-03.57.46:815][ 42]LogSavePackage: Moving '../../../../../../Users/larse/OneDrive/Documentos/Unreal Projects/Terraformer/Saved/BP_Moneda_Auto88B22C1984FA31D4602DEAD958CDC8203.tmp' to '../../../../../../Users/larse/OneDrive/Documentos/Unreal Projects/Terraformer/Saved/Autosaves/Game/Blueprints/BP_Moneda_Auto8.uasset'
[2026.09.24-03.57.46:817][ 42]LogFileHelpers: Auto-saving content packages took 0.043
[2026.09.24-04.02.07:898][716]LogEditorTransaction: Undo Mover nodo
[2026.09.24-04.02.08:356][730]LogEditorTransaction: Undo Crear enlace del Pin
[2026.09.24-04.07.47:298][546]LogUObjectHash: Compacting FUObjectHashTables data took   2.60ms
[2026.09.24-04.07.47:301][546]LogFileHelpers: Editor autosave (incl. external actors) for '/Game/Niveles/Mapa01' took 0.024
[2026.09.24-04.07.47:302][546]OBJ SavePackage: Generating thumbnails for [0] asset(s) in package [/Game/Blueprints/BP_Moneda] ([2] browsable assets)...
[2026.09.24-04.07.47:302][546]OBJ SavePackage: Finished generating thumbnails for package [/Game/Blueprints/BP_Moneda]
[2026.09.24-04.07.47:313][546]LogSavePackage: Moving '../../../../../../Users/larse/OneDrive/Documentos/Unreal Projects/Terraformer/Saved/BP_Moneda_Auto91717B12A43F2C54199F391937479044D.tmp' to '../../../../../../Users/larse/OneDrive/Documentos/Unreal Projects/Terraformer/Saved/Autosaves/Game/Blueprints/BP_Moneda_Auto9.uasset'
[2026.09.24-04.07.47:314][546]LogFileHelpers: Auto-saving content packages took 0.012
[2026.09.24-04.08.15:423][ 72]LogSlate: Window 'Modificar tipo de variable' being destroyed
[2026.09.24-04.08.21:098][401]LogSlate: Window 'Find in Blueprints' being destroyed
[2026.09.24-04.08.21:106][401]LogSlate: Window 'Find in Blueprints' being destroyed
[2026.09.24-04.17.47:981][362]LogUObjectHash: Compacting FUObjectHashTables data took   2.06ms
[2026.09.24-04.17.47:988][362]LogFileHelpers: Editor autosave (incl. external actors) for '/Game/Niveles/Mapa01' took 0.030
[2026.09.24-04.17.47:989][362]OBJ SavePackage: Generating thumbnails for [0] asset(s) in package [/Game/Blueprints/BP_Moneda] ([2] browsable assets)...
[2026.09.24-04.17.47:989][362]OBJ SavePackage: Finished generating thumbnails for package [/Game/Blueprints/BP_Moneda]
[2026.09.24-04.17.47:997][362]LogSavePackage: Moving '../../../../../../Users/larse/OneDrive/Documentos/Unreal Projects/Terraformer/Saved/BP_Moneda_Auto03B9EF508455C7A8407DB9386DA36F5CF.tmp' to '../../../../../../Users/larse/OneDrive/Documentos/Unreal Projects/Terraformer/Saved/Autosaves/Game/Blueprints/BP_Moneda_Auto0.uasset'
[2026.09.24-04.17.48:001][362]LogFileHelpers: Auto-saving content packages took 0.012
[2026.09.24-04.29.49:817][846]LogUObjectHash: Compacting FUObjectHashTables data took   0.60ms
[2026.09.24-04.29.49:819][846]LogFileHelpers: Editor autosave (incl. external actors) for '/Game/Niveles/Mapa01' took 0.017
[2026.09.24-04.29.49:819][846]OBJ SavePackage: Generating thumbnails for [0] asset(s) in package [/Game/Blueprints/BP_Moneda] ([2] browsable assets)...
[2026.09.24-04.29.49:819][846]OBJ SavePackage: Finished generating thumbnails for package [/Game/Blueprints/BP_Moneda]
[2026.09.24-04.29.49:825][846]LogSavePackage: Moving '../../../../../../Users/larse/OneDrive/Documentos/Unreal Projects/Terraformer/Saved/BP_Moneda_Auto1C0C3ECA54A7FBF8D60B7A49B12F69507.tmp' to '../../../../../../Users/larse/OneDrive/Documentos/Unreal Projects/Terraformer/Saved/Autosaves/Game/Blueprints/BP_Moneda_Auto1.uasset'
[2026.09.24-04.29.49:827][846]LogFileHelpers: Auto-saving content packages took 0.008
[2026.09.24-04.39.53:149][745]LogEditorTransaction: Undo Mover nodo
[2026.09.24-04.39.59:558][113]LogEditorTransaction: Undo Mover nodo
[2026.09.24-04.41.30:601][186]LogUObjectHash: Compacting FUObjectHashTables data took   1.85ms
[2026.09.24-04.41.30:605][186]LogFileHelpers: Editor autosave (incl. external actors) for '/Game/Niveles/Mapa01' took 0.024
[2026.09.24-04.41.30:605][186]OBJ SavePackage: Generating thumbnails for [0] asset(s) in package [/Game/Blueprints/BP_Moneda] ([2] browsable assets)...
[2026.09.24-04.41.30:606][186]OBJ SavePackage: Finished generating thumbnails for package [/Game/Blueprints/BP_Moneda]
[2026.09.24-04.41.30:614][186]LogSavePackage: Moving '../../../../../../Users/larse/OneDrive/Documentos/Unreal Projects/Terraformer/Saved/BP_Moneda_Auto2C5EFF8B1465383E9FE6586BC91E01BD5.tmp' to '../../../../../../Users/larse/OneDrive/Documentos/Unreal Projects/Terraformer/Saved/Autosaves/Game/Blueprints/BP_Moneda_Auto2.uasset'
[2026.09.24-04.41.30:615][186]LogFileHelpers: Auto-saving content packages took 0.010
[2026.09.24-04.42.56:096][469]LogEditorTransaction: Undo Crear enlace del Pin
[2026.09.24-04.42.56:406][480]LogEditorTransaction: Undo Crear enlace del Pin
[2026.09.24-04.43.49:617][399]LogEditorTransaction: Undo Crear enlace del Pin
[2026.09.24-04.45.48:141][847]BlueprintLog: New page: Compilar BP_Moneda
[2026.09.24-04.45.48:200][847]LogUObjectHash: Compacting FUObjectHashTables data took   3.15ms
[2026.09.24-04.45.48:243][847]LogSlate: Took 0.001135 seconds to synchronously load lazily loaded font '../../../Engine/Content/Slate/Fonts/DroidSansMono.ttf' (77K)
[2026.09.24-04.45.48:861][882]Cmd: OBJ SAVEPACKAGE PACKAGE="/Game/Blueprints/BP_Moneda" FILE="../../../../../../Users/larse/OneDrive/Documentos/Unreal Projects/Terraformer/Content/Blueprints/BP_Moneda.uasset" SILENT=true
[2026.09.24-04.45.48:871][882]LogSavePackage: Moving '../../../../../../Users/larse/OneDrive/Documentos/Unreal Projects/Terraformer/Saved/BP_Moneda914477E14CD8C366DDC328966407B56B.tmp' to '../../../../../../Users/larse/OneDrive/Documentos/Unreal Projects/Terraformer/Content/Blueprints/BP_Moneda.uasset'
[2026.09.24-04.45.49:028][882]AssetCheck: New page: Asset Save: BP_Moneda
[2026.09.24-04.45.49:028][882]LogContentValidation: Display: Validating Blueprint /Game/Blueprints/BP_Moneda.BP_Moneda
[2026.09.24-04.46.35:385][ 18]LogTemp: Repeating last play command: Selected Viewport
[2026.09.24-04.46.35:406][ 18]LogPlayLevel: PlayLevel: No blueprints needed recompiling
[2026.09.24-04.46.35:413][ 18]PIE: New page: Sesión PIE (reproducción en el editor): Mapa01 (23 sep. 2026 17:46:35)
[2026.09.24-04.46.35:415][ 18]LogPlayLevel: Creating play world package: /Game/Niveles/UEDPIE_0_Mapa01
[2026.09.24-04.46.35:433][ 18]LogPlayLevel: PIE: StaticDuplicateObject took: (0.015988s)
[2026.09.24-04.46.35:463][ 18]LogAIModule: Creating AISystem for world Mapa01
[2026.09.24-04.46.35:468][ 18]LogPlayLevel: PIE: World Init took: (0.035030s)
[2026.09.24-04.46.35:469][ 18]LogPlayLevel: PIE: Created PIE world by copying editor world from /Game/Niveles/Mapa01.Mapa01 to /Game/Niveles/UEDPIE_0_Mapa01.Mapa01 (0.052816s)
[2026.09.24-04.46.35:484][ 18]LogUObjectHash: Compacting FUObjectHashTables data took   1.36ms
[2026.09.24-04.46.35:494][ 18]LogAudio: Display: Creating Audio Device:                 Id: 5, Scope: Unique, Realtime: True
[2026.09.24-04.46.35:497][ 18]LogAudioMixer: Display: Audio Mixer Platform Settings:
[2026.09.24-04.46.35:497][ 18]LogAudioMixer: Display: 	Sample Rate:						  48000
[2026.09.24-04.46.35:497][ 18]LogAudioMixer: Display: 	Callback Buffer Frame Size Requested: 1024
[2026.09.24-04.46.35:497][ 18]LogAudioMixer: Display: 	Callback Buffer Frame Size To Use:	  1024
[2026.09.24-04.46.35:497][ 18]LogAudioMixer: Display: 	Number of buffers to queue:			  2
[2026.09.24-04.46.35:497][ 18]LogAudioMixer: Display: 	Max Channels (voices):				  32
[2026.09.24-04.46.35:497][ 18]LogAudioMixer: Display: 	Number of Async Source Workers:		  0
[2026.09.24-04.46.35:497][ 18]LogAudio: Display: AudioDevice MaxSources: 32
[2026.09.24-04.46.35:499][ 18]LogAudio: Display: Audio Spatialization Plugin: None (built-in).
[2026.09.24-04.46.35:499][ 18]LogAudio: Display: Audio Reverb Plugin: None (built-in).
[2026.09.24-04.46.35:499][ 18]LogAudio: Display: Audio Occlusion Plugin: None (built-in).
[2026.09.24-04.46.35:499][ 18]LogAudioMixer: Display: Initializing audio mixer.
[2026.09.24-04.46.35:509][ 18]LogAudioMixer: Display: 0: FrontLeft
[2026.09.24-04.46.35:509][ 18]LogAudioMixer: Display: 1: FrontRight
[2026.09.24-04.46.35:580][ 18]LogAudioMixer: Display: Using Audio Device Altavoces (Realtek(R) Audio)
[2026.09.24-04.46.35:583][ 18]LogAudioMixer: Display: Initializing Sound Submixes...
[2026.09.24-04.46.35:583][ 18]LogAudioMixer: Display: Creating Master Submix 'MasterSubmixDefault'
[2026.09.24-04.46.35:583][ 18]LogAudioMixer: Display: Creating Master Submix 'MasterReverbSubmixDefault'
[2026.09.24-04.46.35:589][ 18]LogAudioMixer: Display: Creating Master Submix 'MasterEQSubmixDefault'
[2026.09.24-04.46.35:589][ 18]LogAudioMixer: FMixerPlatformXAudio2::StartAudioStream() called
[2026.09.24-04.46.35:589][ 18]LogAudioMixer: Display: Output buffers initialized: Frames=1024, Channels=2, Samples=2048
[2026.09.24-04.46.35:591][ 18]LogAudioMixer: Display: Starting AudioMixerPlatformInterface::RunInternal()
[2026.09.24-04.46.35:591][ 18]LogInit: FAudioDevice initialized.
[2026.09.24-04.46.35:591][ 18]LogAudioMixer: Display: FMixerPlatformXAudio2::SubmitBuffer() called for the first time
[2026.09.24-04.46.35:591][ 18]LogAudio: Display: Audio Device (ID: 5) registered with world 'Mapa01'.
[2026.09.24-04.46.35:619][ 18]LogLoad: Game class is 'GameMode2D_C'
[2026.09.24-04.46.35:646][ 18]LogWorld: Bringing World /Game/Niveles/UEDPIE_0_Mapa01.Mapa01 up for play (max tick rate 60) at 2026.09.23-22.46.35
[2026.09.24-04.46.35:648][ 18]LogWorld: Bringing up level for play took: 0.022968
[2026.09.24-04.46.35:653][ 18]LogOnline: OSS: Creating online subsystem instance for: :Context_14
[2026.09.24-04.46.35:680][ 18]PIE: El servidor ha iniciado la sesión
[2026.09.24-04.46.35:681][ 18]PIE: Play in editor total start time 0.286 seconds.
[2026.09.24-04.46.44:257][529]LogSlate: Updating window title bar state: overlay mode, drag disabled, window buttons hidden, title bar hidden
[2026.09.24-04.46.44:257][529]LogWorld: BeginTearingDown for /Game/Niveles/UEDPIE_0_Mapa01
[2026.09.24-04.46.44:259][529]LogWorld: UWorld::CleanupWorld for Mapa01, bSessionEnded=true, bCleanupResources=true
[2026.09.24-04.46.44:261][529]LogSlate: InvalidateAllWidgets triggered.  All widgets were invalidated
[2026.09.24-04.46.44:279][529]LogPlayLevel: Display: Shutting down PIE online subsystems
[2026.09.24-04.46.44:286][529]LogSlate: InvalidateAllWidgets triggered.  All widgets were invalidated
[2026.09.24-04.46.44:303][529]LogAudio: Display: Audio Device unregistered from world 'None'.
[2026.09.24-04.46.44:304][529]LogAudioMixer: FMixerPlatformXAudio2::StopAudioStream() called
[2026.09.24-04.46.44:306][529]LogAudioMixer: FMixerPlatformXAudio2::StopAudioStream() called
[2026.09.24-04.46.44:308][529]LogSlate: Updating window title bar state: overlay mode, drag disabled, window buttons hidden, title bar hidden
[2026.09.24-04.46.44:317][529]LogUObjectHash: Compacting FUObjectHashTables data took   1.07ms
[2026.09.24-04.46.44:349][530]LogPlayLevel: Display: Destroying online subsystem :Context_14
[2026.09.24-04.46.45:787][614]LogEditorViewport: Clicking Background
[2026.09.24-04.51.29:030][837]BlueprintLog: New page: Compilar BP_Moneda
[2026.09.24-04.51.29:066][837]LogUObjectHash: Compacting FUObjectHashTables data took   1.58ms
[2026.09.24-04.51.29:538][861]Cmd: OBJ SAVEPACKAGE PACKAGE="/Game/Blueprints/BP_Moneda" FILE="../../../../../../Users/larse/OneDrive/Documentos/Unreal Projects/Terraformer/Content/Blueprints/BP_Moneda.uasset" SILENT=true
[2026.09.24-04.51.29:547][861]LogSavePackage: Moving '../../../../../../Users/larse/OneDrive/Documentos/Unreal Projects/Terraformer/Saved/BP_MonedaCAF112914E22B695FCAAD4B5E2859E3B.tmp' to '../../../../../../Users/larse/OneDrive/Documentos/Unreal Projects/Terraformer/Content/Blueprints/BP_Moneda.uasset'
[2026.09.24-04.51.29:563][861]AssetCheck: New page: Asset Save: BP_Moneda
[2026.09.24-04.51.29:563][861]LogContentValidation: Display: Validating Blueprint /Game/Blueprints/BP_Moneda.BP_Moneda
[2026.09.24-04.52.15:468][503]LogUObjectHash: Compacting FUObjectHashTables data took   1.37ms
[2026.09.24-04.52.15:487][503]LogSavePackage: Moving '../../../../../../Users/larse/OneDrive/Documentos/Unreal Projects/Terraformer/Saved/Mapa01_Auto3DEFF4CD3486EDE1968AC9CBC51864F35.tmp' to '../../../../../../Users/larse/OneDrive/Documentos/Unreal Projects/Terraformer/Saved/Autosaves/Game/Niveles/Mapa01_Auto3.umap'
[2026.09.24-04.52.15:489][503]LogFileHelpers: Editor autosave (incl. external actors) for '/Game/Niveles/Mapa01' took 0.036
[2026.09.24-04.52.15:489][503]LogFileHelpers: Editor autosave (incl. sublevels & external actors) for all levels took 0.036
[2026.09.24-04.58.58:740][491]Cmd: TRANSACTION UNDO
[2026.09.24-04.58.58:740][491]LogEditorTransaction: Undo Set Scale
[2026.09.24-04.59.52:635][797]LogTemp: Repeating last play command: Selected Viewport
[2026.09.24-04.59.52:644][797]LogPlayLevel: PlayLevel: No blueprints needed recompiling
[2026.09.24-04.59.52:644][797]PIE: New page: Sesión PIE (reproducción en el editor): Mapa01 (23 sep. 2026 17:59:52)
[2026.09.24-04.59.52:644][797]LogPlayLevel: Creating play world package: /Game/Niveles/UEDPIE_0_Mapa01
[2026.09.24-04.59.52:647][797]LogPlayLevel: PIE: StaticDuplicateObject took: (0.002670s)
[2026.09.24-04.59.52:648][797]LogAIModule: Creating AISystem for world Mapa01
[2026.09.24-04.59.52:648][797]LogPlayLevel: PIE: World Init took: (0.001316s)
[2026.09.24-04.59.52:648][797]LogPlayLevel: PIE: Created PIE world by copying editor world from /Game/Niveles/Mapa01.Mapa01 to /Game/Niveles/UEDPIE_0_Mapa01.Mapa01 (0.004117s)
[2026.09.24-04.59.52:666][797]LogUObjectHash: Compacting FUObjectHashTables data took   1.42ms
[2026.09.24-04.59.52:670][797]LogAudio: Display: Creating Audio Device:                 Id: 6, Scope: Unique, Realtime: True
[2026.09.24-04.59.52:671][797]LogAudioMixer: Display: Audio Mixer Platform Settings:
[2026.09.24-04.59.52:671][797]LogAudioMixer: Display: 	Sample Rate:						  48000
[2026.09.24-04.59.52:671][797]LogAudioMixer: Display: 	Callback Buffer Frame Size Requested: 1024
[2026.09.24-04.59.52:671][797]LogAudioMixer: Display: 	Callback Buffer Frame Size To Use:	  1024
[2026.09.24-04.59.52:671][797]LogAudioMixer: Display: 	Number of buffers to queue:			  2
[2026.09.24-04.59.52:671][797]LogAudioMixer: Display: 	Max Channels (voices):				  32
[2026.09.24-04.59.52:671][797]LogAudioMixer: Display: 	Number of Async Source Workers:		  0
[2026.09.24-04.59.52:671][797]LogAudio: Display: AudioDevice MaxSources: 32
[2026.09.24-04.59.52:671][797]LogAudio: Display: Audio Spatialization Plugin: None (built-in).
[2026.09.24-04.59.52:671][797]LogAudio: Display: Audio Reverb Plugin: None (built-in).
[2026.09.24-04.59.52:671][797]LogAudio: Display: Audio Occlusion Plugin: None (built-in).
[2026.09.24-04.59.52:671][797]LogAudioMixer: Display: Initializing audio mixer.
[2026.09.24-04.59.52:675][797]LogAudioMixer: Display: 0: FrontLeft
[2026.09.24-04.59.52:675][797]LogAudioMixer: Display: 1: FrontRight
[2026.09.24-04.59.52:745][797]LogAudioMixer: Display: Using Audio Device Altavoces (Realtek(R) Audio)
[2026.09.24-04.59.52:746][797]LogAudioMixer: Display: Initializing Sound Submixes...
[2026.09.24-04.59.52:746][797]LogAudioMixer: Display: Creating Master Submix 'MasterSubmixDefault'
[2026.09.24-04.59.52:746][797]LogAudioMixer: Display: Creating Master Submix 'MasterReverbSubmixDefault'
[2026.09.24-04.59.52:747][797]LogAudioMixer: Display: Creating Master Submix 'MasterEQSubmixDefault'
[2026.09.24-04.59.52:747][797]LogAudioMixer: FMixerPlatformXAudio2::StartAudioStream() called
[2026.09.24-04.59.52:747][797]LogAudioMixer: Display: Output buffers initialized: Frames=1024, Channels=2, Samples=2048
[2026.09.24-04.59.52:749][797]LogAudioMixer: Display: Starting AudioMixerPlatformInterface::RunInternal()
[2026.09.24-04.59.52:749][797]LogAudioMixer: Display: FMixerPlatformXAudio2::SubmitBuffer() called for the first time
[2026.09.24-04.59.52:749][797]LogInit: FAudioDevice initialized.
[2026.09.24-04.59.52:749][797]LogAudio: Display: Audio Device (ID: 6) registered with world 'Mapa01'.
[2026.09.24-04.59.52:759][797]LogLoad: Game class is 'GameMode2D_C'
[2026.09.24-04.59.52:762][797]LogWorld: Bringing World /Game/Niveles/UEDPIE_0_Mapa01.Mapa01 up for play (max tick rate 60) at 2026.09.23-22.59.52
[2026.09.24-04.59.52:762][797]LogWorld: Bringing up level for play took: 0.002394
[2026.09.24-04.59.52:762][797]LogOnline: OSS: Creating online subsystem instance for: :Context_15
[2026.09.24-04.59.52:765][797]PIE: El servidor ha iniciado la sesión
[2026.09.24-04.59.52:766][797]PIE: Play in editor total start time 0.125 seconds.
[2026.09.24-05.00.04:224][444]LogSlate: Updating window title bar state: overlay mode, drag disabled, window buttons hidden, title bar hidden
[2026.09.24-05.00.04:224][444]LogWorld: BeginTearingDown for /Game/Niveles/UEDPIE_0_Mapa01
[2026.09.24-05.00.04:224][444]LogWorld: UWorld::CleanupWorld for Mapa01, bSessionEnded=true, bCleanupResources=true
[2026.09.24-05.00.04:225][444]LogSlate: InvalidateAllWidgets triggered.  All widgets were invalidated
[2026.09.24-05.00.04:238][444]LogPlayLevel: Display: Shutting down PIE online subsystems
[2026.09.24-05.00.04:244][444]LogSlate: InvalidateAllWidgets triggered.  All widgets were invalidated
[2026.09.24-05.00.04:256][444]LogAudio: Display: Audio Device unregistered from world 'None'.
[2026.09.24-05.00.04:256][444]LogAudioMixer: FMixerPlatformXAudio2::StopAudioStream() called
[2026.09.24-05.00.04:257][444]LogAudioMixer: FMixerPlatformXAudio2::StopAudioStream() called
[2026.09.24-05.00.04:258][444]LogSlate: Updating window title bar state: overlay mode, drag disabled, window buttons hidden, title bar hidden
[2026.09.24-05.00.04:261][444]LogUObjectHash: Compacting FUObjectHashTables data took   1.35ms
[2026.09.24-05.00.04:297][446]LogPlayLevel: Display: Destroying online subsystem :Context_15
[2026.09.24-05.00.36:052][683]Cmd: OBJ SAVEPACKAGE PACKAGE="/Game/Blueprints/BP_Moneda" FILE="../../../../../../Users/larse/OneDrive/Documentos/Unreal Projects/Terraformer/Content/Blueprints/BP_Moneda.uasset" SILENT=true
[2026.09.24-05.00.36:062][683]LogSavePackage: Moving '../../../../../../Users/larse/OneDrive/Documentos/Unreal Projects/Terraformer/Saved/BP_Moneda3BF184CE4B22BD5D817E96A67B4AD19D.tmp' to '../../../../../../Users/larse/OneDrive/Documentos/Unreal Projects/Terraformer/Content/Blueprints/BP_Moneda.uasset'
[2026.09.24-05.00.36:082][683]AssetCheck: New page: Asset Save: BP_Moneda
[2026.09.24-05.00.36:082][683]LogContentValidation: Display: Validating Blueprint /Game/Blueprints/BP_Moneda.BP_Moneda
[2026.09.24-05.02.27:316][375]LogUObjectHash: Compacting FUObjectHashTables data took   1.13ms
[2026.09.24-05.02.27:329][375]LogSavePackage: Moving '../../../../../../Users/larse/OneDrive/Documentos/Unreal Projects/Terraformer/Saved/Mapa01_Auto4BB1243864694E9793466A4AF5A499217.tmp' to '../../../../../../Users/larse/OneDrive/Documentos/Unreal Projects/Terraformer/Saved/Autosaves/Game/Niveles/Mapa01_Auto4.umap'
[2026.09.24-05.02.27:331][375]LogFileHelpers: Editor autosave (incl. external actors) for '/Game/Niveles/Mapa01' took 0.030
[2026.09.24-05.02.27:331][375]LogFileHelpers: Editor autosave (incl. sublevels & external actors) for all levels took 0.030
[2026.09.24-05.08.25:764][404]BlueprintLog: New page: Compilar BP_Moneda
[2026.09.24-05.08.25:799][404]LogUObjectHash: Compacting FUObjectHashTables data took   1.49ms
[2026.09.24-05.08.26:246][427]Cmd: OBJ SAVEPACKAGE PACKAGE="/Game/Blueprints/BP_Moneda" FILE="../../../../../../Users/larse/OneDrive/Documentos/Unreal Projects/Terraformer/Content/Blueprints/BP_Moneda.uasset" SILENT=true
[2026.09.24-05.08.26:257][427]LogSavePackage: Moving '../../../../../../Users/larse/OneDrive/Documentos/Unreal Projects/Terraformer/Saved/BP_Moneda9BEB6BC14872780BD0A42AB41E0E928E.tmp' to '../../../../../../Users/larse/OneDrive/Documentos/Unreal Projects/Terraformer/Content/Blueprints/BP_Moneda.uasset'
[2026.09.24-05.08.26:275][427]AssetCheck: New page: Asset Save: BP_Moneda
[2026.09.24-05.08.26:275][427]LogContentValidation: Display: Validating Blueprint /Game/Blueprints/BP_Moneda.BP_Moneda
[2026.09.24-05.08.32:357][580]LogTemp: Repeating last play command: Selected Viewport
[2026.09.24-05.08.32:365][580]LogPlayLevel: PlayLevel: No blueprints needed recompiling
[2026.09.24-05.08.32:365][580]PIE: New page: Sesión PIE (reproducción en el editor): Mapa01 (23 sep. 2026 18:08:32)
[2026.09.24-05.08.32:365][580]LogPlayLevel: Creating play world package: /Game/Niveles/UEDPIE_0_Mapa01
[2026.09.24-05.08.32:368][580]LogPlayLevel: PIE: StaticDuplicateObject took: (0.002176s)
[2026.09.24-05.08.32:369][580]LogAIModule: Creating AISystem for world Mapa01
[2026.09.24-05.08.32:369][580]LogPlayLevel: PIE: World Init took: (0.000922s)
[2026.09.24-05.08.32:369][580]LogPlayLevel: PIE: Created PIE world by copying editor world from /Game/Niveles/Mapa01.Mapa01 to /Game/Niveles/UEDPIE_0_Mapa01.Mapa01 (0.003207s)
[2026.09.24-05.08.32:384][580]LogUObjectHash: Compacting FUObjectHashTables data took   1.59ms
[2026.09.24-05.08.32:385][580]LogAudio: Display: Creating Audio Device:                 Id: 7, Scope: Unique, Realtime: True
[2026.09.24-05.08.32:385][580]LogAudioMixer: Display: Audio Mixer Platform Settings:
[2026.09.24-05.08.32:385][580]LogAudioMixer: Display: 	Sample Rate:						  48000
[2026.09.24-05.08.32:385][580]LogAudioMixer: Display: 	Callback Buffer Frame Size Requested: 1024
[2026.09.24-05.08.32:386][580]LogAudioMixer: Display: 	Callback Buffer Frame Size To Use:	  1024
[2026.09.24-05.08.32:386][580]LogAudioMixer: Display: 	Number of buffers to queue:			  2
[2026.09.24-05.08.32:386][580]LogAudioMixer: Display: 	Max Channels (voices):				  32
[2026.09.24-05.08.32:386][580]LogAudioMixer: Display: 	Number of Async Source Workers:		  0
[2026.09.24-05.08.32:386][580]LogAudio: Display: AudioDevice MaxSources: 32
[2026.09.24-05.08.32:386][580]LogAudio: Display: Audio Spatialization Plugin: None (built-in).
[2026.09.24-05.08.32:386][580]LogAudio: Display: Audio Reverb Plugin: None (built-in).
[2026.09.24-05.08.32:386][580]LogAudio: Display: Audio Occlusion Plugin: None (built-in).
[2026.09.24-05.08.32:386][580]LogAudioMixer: Display: Initializing audio mixer.
[2026.09.24-05.08.32:390][580]LogAudioMixer: Display: 0: FrontLeft
[2026.09.24-05.08.32:390][580]LogAudioMixer: Display: 1: FrontRight
[2026.09.24-05.08.32:471][580]LogAudioMixer: Display: Using Audio Device Altavoces (Realtek(R) Audio)
[2026.09.24-05.08.32:471][580]LogAudioMixer: Display: Initializing Sound Submixes...
[2026.09.24-05.08.32:471][580]LogAudioMixer: Display: Creating Master Submix 'MasterSubmixDefault'
[2026.09.24-05.08.32:471][580]LogAudioMixer: Display: Creating Master Submix 'MasterReverbSubmixDefault'
[2026.09.24-05.08.32:472][580]LogAudioMixer: Display: Creating Master Submix 'MasterEQSubmixDefault'
[2026.09.24-05.08.32:472][580]LogAudioMixer: FMixerPlatformXAudio2::StartAudioStream() called
[2026.09.24-05.08.32:472][580]LogAudioMixer: Display: Output buffers initialized: Frames=1024, Channels=2, Samples=2048
[2026.09.24-05.08.32:473][580]LogAudioMixer: Display: Starting AudioMixerPlatformInterface::RunInternal()
[2026.09.24-05.08.32:473][580]LogAudioMixer: Display: FMixerPlatformXAudio2::SubmitBuffer() called for the first time
[2026.09.24-05.08.32:473][580]LogInit: FAudioDevice initialized.
[2026.09.24-05.08.32:473][580]LogAudio: Display: Audio Device (ID: 7) registered with world 'Mapa01'.
[2026.09.24-05.08.32:482][580]LogLoad: Game class is 'GameMode2D_C'
[2026.09.24-05.08.32:485][580]LogWorld: Bringing World /Game/Niveles/UEDPIE_0_Mapa01.Mapa01 up for play (max tick rate 60) at 2026.09.23-23.08.32
[2026.09.24-05.08.32:485][580]LogWorld: Bringing up level for play took: 0.002168
[2026.09.24-05.08.32:485][580]LogOnline: OSS: Creating online subsystem instance for: :Context_16
[2026.09.24-05.08.32:489][580]PIE: El servidor ha iniciado la sesión
[2026.09.24-05.08.32:490][580]PIE: Play in editor total start time 0.126 seconds.
[2026.09.24-05.08.32:491][580]LogBlueprintUserMessages: [BP_Moneda_2] Funciona
[2026.09.24-05.08.32:507][581]LogBlueprintUserMessages: [BP_Moneda_2] Funciona
[2026.09.24-05.08.32:522][582]LogBlueprintUserMessages: [BP_Moneda_2] Funciona
[2026.09.24-05.08.32:539][583]LogBlueprintUserMessages: [BP_Moneda_2] Funciona
[2026.09.24-05.08.32:556][584]LogBlueprintUserMessages: [BP_Moneda_2] Funciona
[2026.09.24-05.08.32:572][585]LogBlueprintUserMessages: [BP_Moneda_2] Funciona
[2026.09.24-05.08.32:589][586]LogBlueprintUserMessages: [BP_Moneda_2] Funciona
[2026.09.24-05.08.32:605][587]LogBlueprintUserMessages: [BP_Moneda_2] Funciona
[2026.09.24-05.08.32:622][588]LogBlueprintUserMessages: [BP_Moneda_2] Funciona
[2026.09.24-05.08.32:639][589]LogBlueprintUserMessages: [BP_Moneda_2] Funciona
[2026.09.24-05.08.32:655][590]LogBlueprintUserMessages: [BP_Moneda_2] Funciona
[2026.09.24-05.08.32:672][591]LogBlueprintUserMessages: [BP_Moneda_2] Funciona
[2026.09.24-05.08.32:689][592]LogBlueprintUserMessages: [BP_Moneda_2] Funciona
[2026.09.24-05.08.32:705][593]LogBlueprintUserMessages: [BP_Moneda_2] Funciona
[2026.09.24-05.08.32:723][594]LogBlueprintUserMessages: [BP_Moneda_2] Funciona
[2026.09.24-05.08.32:738][595]LogBlueprintUserMessages: [BP_Moneda_2] Funciona
[2026.09.24-05.08.32:755][596]LogBlueprintUserMessages: [BP_Moneda_2] Funciona
[2026.09.24-05.08.32:773][597]LogBlueprintUserMessages: [BP_Moneda_2] Funciona
[2026.09.24-05.08.32:788][598]LogBlueprintUserMessages: [BP_Moneda_2] Funciona
[2026.09.24-05.08.32:805][599]LogBlueprintUserMessages: [BP_Moneda_2] Funciona
[2026.09.24-05.08.32:822][600]LogBlueprintUserMessages: [BP_Moneda_2] Funciona
[2026.09.24-05.08.32:839][601]LogBlueprintUserMessages: [BP_Moneda_2] Funciona
[2026.09.24-05.08.32:856][602]LogBlueprintUserMessages: [BP_Moneda_2] Funciona
[2026.09.24-05.08.32:872][603]LogBlueprintUserMessages: [BP_Moneda_2] Funciona
[2026.09.24-05.08.32:889][604]LogBlueprintUserMessages: [BP_Moneda_2] Funciona
[2026.09.24-05.08.32:906][605]LogBlueprintUserMessages: [BP_Moneda_2] Funciona
[2026.09.24-05.08.32:922][606]LogBlueprintUserMessages: [BP_Moneda_2] Funciona
[2026.09.24-05.08.32:939][607]LogBlueprintUserMessages: [BP_Moneda_2] Funciona
[2026.09.24-05.08.32:956][608]LogBlueprintUserMessages: [BP_Moneda_2] Funciona
[2026.09.24-05.08.32:972][609]LogBlueprintUserMessages: [BP_Moneda_2] Funciona
[2026.09.24-05.08.32:989][610]LogBlueprintUserMessages: [BP_Moneda_2] Funciona
[2026.09.24-05.08.33:005][611]LogBlueprintUserMessages: [BP_Moneda_2] Funciona
[2026.09.24-05.08.33:022][612]LogBlueprintUserMessages: [BP_Moneda_2] Funciona
[2026.09.24-05.08.33:039][613]LogBlueprintUserMessages: [BP_Moneda_2] Funciona
[2026.09.24-05.08.33:056][614]LogBlueprintUserMessages: [BP_Moneda_2] Funciona
[2026.09.24-05.08.33:072][615]LogBlueprintUserMessages: [BP_Moneda_2] Funciona
[2026.09.24-05.08.33:088][616]LogBlueprintUserMessages: [BP_Moneda_2] Funciona
[2026.09.24-05.08.33:106][617]LogBlueprintUserMessages: [BP_Moneda_2] Funciona
[2026.09.24-05.08.33:122][618]LogBlueprintUserMessages: [BP_Moneda_2] Funciona
[2026.09.24-05.08.33:138][619]LogBlueprintUserMessages: [BP_Moneda_2] Funciona
[2026.09.24-05.08.33:155][620]LogBlueprintUserMessages: [BP_Moneda_2] Funciona
[2026.09.24-05.08.33:172][621]LogBlueprintUserMessages: [BP_Moneda_2] Funciona
[2026.09.24-05.08.33:189][622]LogBlueprintUserMessages: [BP_Moneda_2] Funciona
[2026.09.24-05.08.33:206][623]LogBlueprintUserMessages: [BP_Moneda_2] Funciona
[2026.09.24-05.08.33:222][624]LogBlueprintUserMessages: [BP_Moneda_2] Funciona
[2026.09.24-05.08.33:239][625]LogBlueprintUserMessages: [BP_Moneda_2] Funciona
[2026.09.24-05.08.33:255][626]LogBlueprintUserMessages: [BP_Moneda_2] Funciona
[2026.09.24-05.08.33:272][627]LogBlueprintUserMessages: [BP_Moneda_2] Funciona
[2026.09.24-05.08.33:288][628]LogBlueprintUserMessages: [BP_Moneda_2] Funciona
[2026.09.24-05.08.33:306][629]LogBlueprintUserMessages: [BP_Moneda_2] Funciona
[2026.09.24-05.08.33:322][630]LogBlueprintUserMessages: [BP_Moneda_2] Funciona
[2026.09.24-05.08.33:338][631]LogBlueprintUserMessages: [BP_Moneda_2] Funciona
[2026.09.24-05.08.33:356][632]LogBlueprintUserMessages: [BP_Moneda_2] Funciona
[2026.09.24-05.08.33:372][633]LogBlueprintUserMessages: [BP_Moneda_2] Funciona
[2026.09.24-05.08.33:388][634]LogBlueprintUserMessages: [BP_Moneda_2] Funciona
[2026.09.24-05.08.33:406][635]LogBlueprintUserMessages: [BP_Moneda_2] Funciona
[2026.09.24-05.08.33:422][636]LogBlueprintUserMessages: [BP_Moneda_2] Funciona
[2026.09.24-05.08.33:439][637]LogBlueprintUserMessages: [BP_Moneda_2] Funciona
[2026.09.24-05.08.33:456][638]LogBlueprintUserMessages: [BP_Moneda_2] Funciona
[2026.09.24-05.08.33:472][639]LogBlueprintUserMessages: [BP_Moneda_2] Funciona
[2026.09.24-05.08.33:489][640]LogBlueprintUserMessages: [BP_Moneda_2] Funciona
[2026.09.24-05.08.33:505][641]LogBlueprintUserMessages: [BP_Moneda_2] Funciona
[2026.09.24-05.08.33:521][642]LogBlueprintUserMessages: [BP_Moneda_2] Funciona
[2026.09.24-05.08.33:539][643]LogBlueprintUserMessages: [BP_Moneda_2] Funciona
[2026.09.24-05.08.33:555][644]LogBlueprintUserMessages: [BP_Moneda_2] Funciona
[2026.09.24-05.08.33:572][645]LogBlueprintUserMessages: [BP_Moneda_2] Funciona
[2026.09.24-05.08.33:589][646]LogBlueprintUserMessages: [BP_Moneda_2] Funciona
[2026.09.24-05.08.33:605][647]LogBlueprintUserMessages: [BP_Moneda_2] Funciona
[2026.09.24-05.08.33:622][648]LogBlueprintUserMessages: [BP_Moneda_2] Funciona
[2026.09.24-05.08.33:639][649]LogBlueprintUserMessages: [BP_Moneda_2] Funciona
[2026.09.24-05.08.33:655][650]LogBlueprintUserMessages: [BP_Moneda_2] Funciona
[2026.09.24-05.08.33:671][651]LogBlueprintUserMessages: [BP_Moneda_2] Funciona
[2026.09.24-05.08.33:689][652]LogBlueprintUserMessages: [BP_Moneda_2] Funciona
[2026.09.24-05.08.33:706][653]LogBlueprintUserMessages: [BP_Moneda_2] Funciona
[2026.09.24-05.08.33:722][654]LogBlueprintUserMessages: [BP_Moneda_2] Funciona
[2026.09.24-05.08.33:738][655]LogBlueprintUserMessages: [BP_Moneda_2] Funciona
[2026.09.24-05.08.33:755][656]LogBlueprintUserMessages: [BP_Moneda_2] Funciona
[2026.09.24-05.08.33:772][657]LogBlueprintUserMessages: [BP_Moneda_2] Funciona
[2026.09.24-05.08.33:789][658]LogBlueprintUserMessages: [BP_Moneda_2] Funciona
[2026.09.24-05.08.33:806][659]LogBlueprintUserMessages: [BP_Moneda_2] Funciona
[2026.09.24-05.08.33:822][660]LogBlueprintUserMessages: [BP_Moneda_2] Funciona
[2026.09.24-05.08.33:839][661]LogBlueprintUserMessages: [BP_Moneda_2] Funciona
[2026.09.24-05.08.33:855][662]LogBlueprintUserMessages: [BP_Moneda_2] Funciona
[2026.09.24-05.08.33:872][663]LogBlueprintUserMessages: [BP_Moneda_2] Funciona
[2026.09.24-05.08.33:889][664]LogBlueprintUserMessages: [BP_Moneda_2] Funciona
[2026.09.24-05.08.33:906][665]LogBlueprintUserMessages: [BP_Moneda_2] Funciona
[2026.09.24-05.08.33:922][666]LogBlueprintUserMessages: [BP_Moneda_2] Funciona
[2026.09.24-05.08.33:939][667]LogBlueprintUserMessages: [BP_Moneda_2] Funciona
[2026.09.24-05.08.33:956][668]LogBlueprintUserMessages: [BP_Moneda_2] Funciona
[2026.09.24-05.08.33:972][669]LogBlueprintUserMessages: [BP_Moneda_2] Funciona
[2026.09.24-05.08.33:989][670]LogBlueprintUserMessages: [BP_Moneda_2] Funciona
[2026.09.24-05.08.34:006][671]LogBlueprintUserMessages: [BP_Moneda_2] Funciona
[2026.09.24-05.08.34:022][672]LogBlueprintUserMessages: [BP_Moneda_2] Funciona
[2026.09.24-05.08.34:039][673]LogBlueprintUserMessages: [BP_Moneda_2] Funciona
[2026.09.24-05.08.34:055][674]LogBlueprintUserMessages: [BP_Moneda_2] Funciona
[2026.09.24-05.08.34:072][675]LogBlueprintUserMessages: [BP_Moneda_2] Funciona
[2026.09.24-05.08.34:088][676]LogBlueprintUserMessages: [BP_Moneda_2] Funciona
[2026.09.24-05.08.34:105][677]LogBlueprintUserMessages: [BP_Moneda_2] Funciona
[2026.09.24-05.08.34:122][678]LogBlueprintUserMessages: [BP_Moneda_2] Funciona
[2026.09.24-05.08.34:138][679]LogBlueprintUserMessages: [BP_Moneda_2] Funciona
[2026.09.24-05.08.34:160][680]LogBlueprintUserMessages: [BP_Moneda_2] Funciona
[2026.09.24-05.08.34:172][681]LogBlueprintUserMessages: [BP_Moneda_2] Funciona
[2026.09.24-05.08.34:188][682]LogBlueprintUserMessages: [BP_Moneda_2] Funciona
[2026.09.24-05.08.34:205][683]LogBlueprintUserMessages: [BP_Moneda_2] Funciona
[2026.09.24-05.08.34:222][684]LogBlueprintUserMessages: [BP_Moneda_2] Funciona
[2026.09.24-05.08.34:239][685]LogBlueprintUserMessages: [BP_Moneda_2] Funciona
[2026.09.24-05.08.34:255][686]LogBlueprintUserMessages: [BP_Moneda_2] Funciona
[2026.09.24-05.08.34:273][687]LogBlueprintUserMessages: [BP_Moneda_2] Funciona
[2026.09.24-05.08.34:288][688]LogBlueprintUserMessages: [BP_Moneda_2] Funciona
[2026.09.24-05.08.34:305][689]LogBlueprintUserMessages: [BP_Moneda_2] Funciona
[2026.09.24-05.08.34:322][690]LogBlueprintUserMessages: [BP_Moneda_2] Funciona
[2026.09.24-05.08.34:338][691]LogBlueprintUserMessages: [BP_Moneda_2] Funciona
[2026.09.24-05.08.34:355][692]LogBlueprintUserMessages: [BP_Moneda_2] Funciona
[2026.09.24-05.08.34:371][693]LogBlueprintUserMessages: [BP_Moneda_2] Funciona
[2026.09.24-05.08.34:389][694]LogBlueprintUserMessages: [BP_Moneda_2] Funciona
[2026.09.24-05.08.34:405][695]LogBlueprintUserMessages: [BP_Moneda_2] Funciona
[2026.09.24-05.08.34:422][696]LogBlueprintUserMessages: [BP_Moneda_2] Funciona
[2026.09.24-05.08.34:438][697]LogBlueprintUserMessages: [BP_Moneda_2] Funciona
[2026.09.24-05.08.34:455][698]LogBlueprintUserMessages: [BP_Moneda_2] Funciona
[2026.09.24-05.08.34:472][699]LogBlueprintUserMessages: [BP_Moneda_2] Funciona
[2026.09.24-05.08.34:489][700]LogBlueprintUserMessages: [BP_Moneda_2] Funciona
[2026.09.24-05.08.34:505][701]LogBlueprintUserMessages: [BP_Moneda_2] Funciona
[2026.09.24-05.08.34:522][702]LogBlueprintUserMessages: [BP_Moneda_2] Funciona
[2026.09.24-05.08.34:539][703]LogBlueprintUserMessages: [BP_Moneda_2] Funciona
[2026.09.24-05.08.34:555][704]LogBlueprintUserMessages: [BP_Moneda_2] Funciona
[2026.09.24-05.08.34:572][705]LogBlueprintUserMessages: [BP_Moneda_2] Funciona
[2026.09.24-05.08.34:589][706]LogBlueprintUserMessages: [BP_Moneda_2] Funciona
[2026.09.24-05.08.34:606][707]LogBlueprintUserMessages: [BP_Moneda_2] Funciona
[2026.09.24-05.08.34:622][708]LogBlueprintUserMessages: [BP_Moneda_2] Funciona
[2026.09.24-05.08.34:638][709]LogBlueprintUserMessages: [BP_Moneda_2] Funciona
[2026.09.24-05.08.34:655][710]LogBlueprintUserMessages: [BP_Moneda_2] Funciona
[2026.09.24-05.08.34:672][711]LogBlueprintUserMessages: [BP_Moneda_2] Funciona
[2026.09.24-05.08.34:688][712]LogBlueprintUserMessages: [BP_Moneda_2] Funciona
[2026.09.24-05.08.34:706][713]LogBlueprintUserMessages: [BP_Moneda_2] Funciona
[2026.09.24-05.08.34:722][714]LogBlueprintUserMessages: [BP_Moneda_2] Funciona
[2026.09.24-05.08.34:739][715]LogBlueprintUserMessages: [BP_Moneda_2] Funciona
[2026.09.24-05.08.34:755][716]LogBlueprintUserMessages: [BP_Moneda_2] Funciona
[2026.09.24-05.08.34:772][717]LogBlueprintUserMessages: [BP_Moneda_2] Funciona
[2026.09.24-05.08.34:789][718]LogBlueprintUserMessages: [BP_Moneda_2] Funciona
[2026.09.24-05.08.34:805][719]LogBlueprintUserMessages: [BP_Moneda_2] Funciona
[2026.09.24-05.08.34:822][720]LogBlueprintUserMessages: [BP_Moneda_2] Funciona
[2026.09.24-05.08.34:838][721]LogBlueprintUserMessages: [BP_Moneda_2] Funciona
[2026.09.24-05.08.34:855][722]LogBlueprintUserMessages: [BP_Moneda_2] Funciona
[2026.09.24-05.08.34:873][723]LogBlueprintUserMessages: [BP_Moneda_2] Funciona
[2026.09.24-05.08.34:889][724]LogBlueprintUserMessages: [BP_Moneda_2] Funciona
[2026.09.24-05.08.34:905][725]LogBlueprintUserMessages: [BP_Moneda_2] Funciona
[2026.09.24-05.08.34:922][726]LogBlueprintUserMessages: [BP_Moneda_2] Funciona
[2026.09.24-05.08.34:939][727]LogBlueprintUserMessages: [BP_Moneda_2] Funciona
[2026.09.24-05.08.34:955][728]LogBlueprintUserMessages: [BP_Moneda_2] Funciona
[2026.09.24-05.08.34:972][729]LogBlueprintUserMessages: [BP_Moneda_2] Funciona
[2026.09.24-05.08.34:988][730]LogBlueprintUserMessages: [BP_Moneda_2] Funciona
[2026.09.24-05.08.35:005][731]LogBlueprintUserMessages: [BP_Moneda_2] Funciona
[2026.09.24-05.08.35:022][732]LogBlueprintUserMessages: [BP_Moneda_2] Funciona
[2026.09.24-05.08.35:038][733]LogBlueprintUserMessages: [BP_Moneda_2] Funciona
[2026.09.24-05.08.35:055][734]LogBlueprintUserMessages: [BP_Moneda_2] Funciona
[2026.09.24-05.08.35:072][735]LogBlueprintUserMessages: [BP_Moneda_2] Funciona
[2026.09.24-05.08.35:089][736]LogBlueprintUserMessages: [BP_Moneda_2] Funciona
[2026.09.24-05.08.35:105][737]LogBlueprintUserMessages: [BP_Moneda_2] Funciona
[2026.09.24-05.08.35:122][738]LogBlueprintUserMessages: [BP_Moneda_2] Funciona
[2026.09.24-05.08.35:139][739]LogBlueprintUserMessages: [BP_Moneda_2] Funciona
[2026.09.24-05.08.35:156][740]LogBlueprintUserMessages: [BP_Moneda_2] Funciona
[2026.09.24-05.08.35:172][741]LogBlueprintUserMessages: [BP_Moneda_2] Funciona
[2026.09.24-05.08.35:189][742]LogBlueprintUserMessages: [BP_Moneda_2] Funciona
[2026.09.24-05.08.35:205][743]LogBlueprintUserMessages: [BP_Moneda_2] Funciona
[2026.09.24-05.08.35:222][744]LogBlueprintUserMessages: [BP_Moneda_2] Funciona
[2026.09.24-05.08.35:238][745]LogBlueprintUserMessages: [BP_Moneda_2] Funciona
[2026.09.24-05.08.35:255][746]LogBlueprintUserMessages: [BP_Moneda_2] Funciona
[2026.09.24-05.08.35:272][747]LogBlueprintUserMessages: [BP_Moneda_2] Funciona
[2026.09.24-05.08.35:289][748]LogBlueprintUserMessages: [BP_Moneda_2] Funciona
[2026.09.24-05.08.35:306][749]LogBlueprintUserMessages: [BP_Moneda_2] Funciona
[2026.09.24-05.08.35:322][750]LogBlueprintUserMessages: [BP_Moneda_2] Funciona
[2026.09.24-05.08.35:339][751]LogBlueprintUserMessages: [BP_Moneda_2] Funciona
[2026.09.24-05.08.35:355][752]LogBlueprintUserMessages: [BP_Moneda_2] Funciona
[2026.09.24-05.08.35:372][753]LogBlueprintUserMessages: [BP_Moneda_2] Funciona
[2026.09.24-05.08.35:389][754]LogBlueprintUserMessages: [BP_Moneda_2] Funciona
[2026.09.24-05.08.35:406][755]LogBlueprintUserMessages: [BP_Moneda_2] Funciona
[2026.09.24-05.08.35:422][756]LogBlueprintUserMessages: [BP_Moneda_2] Funciona
[2026.09.24-05.08.35:439][757]LogBlueprintUserMessages: [BP_Moneda_2] Funciona
[2026.09.24-05.08.35:455][758]LogBlueprintUserMessages: [BP_Moneda_2] Funciona
[2026.09.24-05.08.35:472][759]LogBlueprintUserMessages: [BP_Moneda_2] Funciona
[2026.09.24-05.08.35:489][760]LogBlueprintUserMessages: [BP_Moneda_2] Funciona
[2026.09.24-05.08.35:505][761]LogBlueprintUserMessages: [BP_Moneda_2] Funciona
[2026.09.24-05.08.35:522][762]LogBlueprintUserMessages: [BP_Moneda_2] Funciona
[2026.09.24-05.08.35:539][763]LogBlueprintUserMessages: [BP_Moneda_2] Funciona
[2026.09.24-05.08.35:555][764]LogBlueprintUserMessages: [BP_Moneda_2] Funciona
[2026.09.24-05.08.35:572][765]LogBlueprintUserMessages: [BP_Moneda_2] Funciona
[2026.09.24-05.08.35:588][766]LogBlueprintUserMessages: [BP_Moneda_2] Funciona
[2026.09.24-05.08.35:605][767]LogBlueprintUserMessages: [BP_Moneda_2] Funciona
[2026.09.24-05.08.35:622][768]LogBlueprintUserMessages: [BP_Moneda_2] Funciona
[2026.09.24-05.08.35:639][769]LogBlueprintUserMessages: [BP_Moneda_2] Funciona
[2026.09.24-05.08.35:655][770]LogBlueprintUserMessages: [BP_Moneda_2] Funciona
[2026.09.24-05.08.35:672][771]LogBlueprintUserMessages: [BP_Moneda_2] Funciona
[2026.09.24-05.08.35:689][772]LogBlueprintUserMessages: [BP_Moneda_2] Funciona
[2026.09.24-05.08.35:706][773]LogBlueprintUserMessages: [BP_Moneda_2] Funciona
[2026.09.24-05.08.35:722][774]LogBlueprintUserMessages: [BP_Moneda_2] Funciona
[2026.09.24-05.08.35:739][775]LogBlueprintUserMessages: [BP_Moneda_2] Funciona
[2026.09.24-05.08.35:755][776]LogBlueprintUserMessages: [BP_Moneda_2] Funciona
[2026.09.24-05.08.35:772][777]LogBlueprintUserMessages: [BP_Moneda_2] Funciona
[2026.09.24-05.08.35:788][778]LogBlueprintUserMessages: [BP_Moneda_2] Funciona
[2026.09.24-05.08.35:806][779]LogBlueprintUserMessages: [BP_Moneda_2] Funciona
[2026.09.24-05.08.35:822][780]LogBlueprintUserMessages: [BP_Moneda_2] Funciona
[2026.09.24-05.08.35:839][781]LogBlueprintUserMessages: [BP_Moneda_2] Funciona
[2026.09.24-05.08.35:856][782]LogBlueprintUserMessages: [BP_Moneda_2] Funciona
[2026.09.24-05.08.35:872][783]LogBlueprintUserMessages: [BP_Moneda_2] Funciona
[2026.09.24-05.08.35:889][784]LogBlueprintUserMessages: [BP_Moneda_2] Funciona
[2026.09.24-05.08.35:905][785]LogBlueprintUserMessages: [BP_Moneda_2] Funciona
[2026.09.24-05.08.35:921][786]LogBlueprintUserMessages: [BP_Moneda_2] Funciona
[2026.09.24-05.08.35:938][787]LogBlueprintUserMessages: [BP_Moneda_2] Funciona
[2026.09.24-05.08.35:955][788]LogBlueprintUserMessages: [BP_Moneda_2] Funciona
[2026.09.24-05.08.35:973][789]LogBlueprintUserMessages: [BP_Moneda_2] Funciona
[2026.09.24-05.08.35:988][790]LogBlueprintUserMessages: [BP_Moneda_2] Funciona
[2026.09.24-05.08.36:005][791]LogBlueprintUserMessages: [BP_Moneda_2] Funciona
[2026.09.24-05.08.36:022][792]LogBlueprintUserMessages: [BP_Moneda_2] Funciona
[2026.09.24-05.08.36:038][793]LogBlueprintUserMessages: [BP_Moneda_2] Funciona
[2026.09.24-05.08.36:056][794]LogBlueprintUserMessages: [BP_Moneda_2] Funciona
[2026.09.24-05.08.36:072][795]LogBlueprintUserMessages: [BP_Moneda_2] Funciona
[2026.09.24-05.08.36:089][796]LogBlueprintUserMessages: [BP_Moneda_2] Funciona
[2026.09.24-05.08.36:105][797]LogBlueprintUserMessages: [BP_Moneda_2] Funciona
[2026.09.24-05.08.36:122][798]LogBlueprintUserMessages: [BP_Moneda_2] Funciona
[2026.09.24-05.08.36:139][799]LogBlueprintUserMessages: [BP_Moneda_2] Funciona
[2026.09.24-05.08.36:155][800]LogBlueprintUserMessages: [BP_Moneda_2] Funciona
[2026.09.24-05.08.36:172][801]LogBlueprintUserMessages: [BP_Moneda_2] Funciona
[2026.09.24-05.08.36:189][802]LogBlueprintUserMessages: [BP_Moneda_2] Funciona
[2026.09.24-05.08.36:206][803]LogBlueprintUserMessages: [BP_Moneda_2] Funciona
[2026.09.24-05.08.36:222][804]LogBlueprintUserMessages: [BP_Moneda_2] Funciona
[2026.09.24-05.08.36:239][805]LogBlueprintUserMessages: [BP_Moneda_2] Funciona
[2026.09.24-05.08.36:255][806]LogBlueprintUserMessages: [BP_Moneda_2] Funciona
[2026.09.24-05.08.36:272][807]LogBlueprintUserMessages: [BP_Moneda_2] Funciona
[2026.09.24-05.08.36:288][808]LogBlueprintUserMessages: [BP_Moneda_2] Funciona
[2026.09.24-05.08.36:305][809]LogBlueprintUserMessages: [BP_Moneda_2] Funciona
[2026.09.24-05.08.36:322][810]LogBlueprintUserMessages: [BP_Moneda_2] Funciona
[2026.09.24-05.08.36:338][811]LogBlueprintUserMessages: [BP_Moneda_2] Funciona
[2026.09.24-05.08.36:355][812]LogBlueprintUserMessages: [BP_Moneda_2] Funciona
[2026.09.24-05.08.36:372][813]LogBlueprintUserMessages: [BP_Moneda_2] Funciona
[2026.09.24-05.08.36:389][814]LogBlueprintUserMessages: [BP_Moneda_2] Funciona
[2026.09.24-05.08.36:405][815]LogBlueprintUserMessages: [BP_Moneda_2] Funciona
[2026.09.24-05.08.36:422][816]LogBlueprintUserMessages: [BP_Moneda_2] Funciona
[2026.09.24-05.08.36:439][817]LogBlueprintUserMessages: [BP_Moneda_2] Funciona
[2026.09.24-05.08.36:455][818]LogBlueprintUserMessages: [BP_Moneda_2] Funciona
[2026.09.24-05.08.36:472][819]LogBlueprintUserMessages: [BP_Moneda_2] Funciona
[2026.09.24-05.08.36:489][820]LogBlueprintUserMessages: [BP_Moneda_2] Funciona
[2026.09.24-05.08.36:505][821]LogBlueprintUserMessages: [BP_Moneda_2] Funciona
[2026.09.24-05.08.36:522][822]LogBlueprintUserMessages: [BP_Moneda_2] Funciona
[2026.09.24-05.08.36:538][823]LogBlueprintUserMessages: [BP_Moneda_2] Funciona
[2026.09.24-05.08.36:555][824]LogBlueprintUserMessages: [BP_Moneda_2] Funciona
[2026.09.24-05.08.36:572][825]LogBlueprintUserMessages: [BP_Moneda_2] Funciona
[2026.09.24-05.08.36:589][826]LogBlueprintUserMessages: [BP_Moneda_2] Funciona
[2026.09.24-05.08.36:605][827]LogBlueprintUserMessages: [BP_Moneda_2] Funciona
[2026.09.24-05.08.36:622][828]LogBlueprintUserMessages: [BP_Moneda_2] Funciona
[2026.09.24-05.08.36:639][829]LogBlueprintUserMessages: [BP_Moneda_2] Funciona
[2026.09.24-05.08.36:655][830]LogBlueprintUserMessages: [BP_Moneda_2] Funciona
[2026.09.24-05.08.36:672][831]LogBlueprintUserMessages: [BP_Moneda_2] Funciona
[2026.09.24-05.08.36:689][832]LogBlueprintUserMessages: [BP_Moneda_2] Funciona
[2026.09.24-05.08.36:706][833]LogBlueprintUserMessages: [BP_Moneda_2] Funciona
[2026.09.24-05.08.36:722][834]LogBlueprintUserMessages: [BP_Moneda_2] Funciona
[2026.09.24-05.08.36:738][835]LogBlueprintUserMessages: [BP_Moneda_2] Funciona
[2026.09.24-05.08.36:756][836]LogBlueprintUserMessages: [BP_Moneda_2] Funciona
[2026.09.24-05.08.36:772][837]LogBlueprintUserMessages: [BP_Moneda_2] Funciona
[2026.09.24-05.08.36:789][838]LogBlueprintUserMessages: [BP_Moneda_2] Funciona
[2026.09.24-05.08.36:805][839]LogBlueprintUserMessages: [BP_Moneda_2] Funciona
[2026.09.24-05.08.36:822][840]LogBlueprintUserMessages: [BP_Moneda_2] Funciona
[2026.09.24-05.08.36:839][841]LogBlueprintUserMessages: [BP_Moneda_2] Funciona
[2026.09.24-05.08.36:855][842]LogBlueprintUserMessages: [BP_Moneda_2] Funciona
[2026.09.24-05.08.36:872][843]LogBlueprintUserMessages: [BP_Moneda_2] Funciona
[2026.09.24-05.08.36:889][844]LogBlueprintUserMessages: [BP_Moneda_2] Funciona
[2026.09.24-05.08.36:906][845]LogBlueprintUserMessages: [BP_Moneda_2] Funciona
[2026.09.24-05.08.36:922][846]LogBlueprintUserMessages: [BP_Moneda_2] Funciona
[2026.09.24-05.08.36:938][847]LogBlueprintUserMessages: [BP_Moneda_2] Funciona
[2026.09.24-05.08.36:955][848]LogBlueprintUserMessages: [BP_Moneda_2] Funciona
[2026.09.24-05.08.36:972][849]LogBlueprintUserMessages: [BP_Moneda_2] Funciona
[2026.09.24-05.08.36:989][850]LogBlueprintUserMessages: [BP_Moneda_2] Funciona
[2026.09.24-05.08.37:005][851]LogBlueprintUserMessages: [BP_Moneda_2] Funciona
[2026.09.24-05.08.37:023][852]LogBlueprintUserMessages: [BP_Moneda_2] Funciona
[2026.09.24-05.08.37:038][853]LogBlueprintUserMessages: [BP_Moneda_2] Funciona
[2026.09.24-05.08.37:055][854]LogBlueprintUserMessages: [BP_Moneda_2] Funciona
[2026.09.24-05.08.37:072][855]LogBlueprintUserMessages: [BP_Moneda_2] Funciona
[2026.09.24-05.08.37:088][856]LogBlueprintUserMessages: [BP_Moneda_2] Funciona
[2026.09.24-05.08.37:106][857]LogBlueprintUserMessages: [BP_Moneda_2] Funciona
[2026.09.24-05.08.37:122][858]LogBlueprintUserMessages: [BP_Moneda_2] Funciona
[2026.09.24-05.08.37:139][859]LogBlueprintUserMessages: [BP_Moneda_2] Funciona
[2026.09.24-05.08.37:155][860]LogBlueprintUserMessages: [BP_Moneda_2] Funciona
[2026.09.24-05.08.37:172][861]LogBlueprintUserMessages: [BP_Moneda_2] Funciona
[2026.09.24-05.08.37:188][862]LogBlueprintUserMessages: [BP_Moneda_2] Funciona
[2026.09.24-05.08.37:206][863]LogBlueprintUserMessages: [BP_Moneda_2] Funciona
[2026.09.24-05.08.37:222][864]LogBlueprintUserMessages: [BP_Moneda_2] Funciona
[2026.09.24-05.08.37:239][865]LogBlueprintUserMessages: [BP_Moneda_2] Funciona
[2026.09.24-05.08.37:271][865]LogSlate: Updating window title bar state: overlay mode, drag disabled, window buttons hidden, title bar hidden
[2026.09.24-05.08.37:271][865]LogWorld: BeginTearingDown for /Game/Niveles/UEDPIE_0_Mapa01
[2026.09.24-05.08.37:271][865]LogWorld: UWorld::CleanupWorld for Mapa01, bSessionEnded=true, bCleanupResources=true
[2026.09.24-05.08.37:272][865]LogSlate: InvalidateAllWidgets triggered.  All widgets were invalidated
[2026.09.24-05.08.37:285][865]LogPlayLevel: Display: Shutting down PIE online subsystems
[2026.09.24-05.08.37:290][865]LogSlate: InvalidateAllWidgets triggered.  All widgets were invalidated
[2026.09.24-05.08.37:304][865]LogAudio: Display: Audio Device unregistered from world 'None'.
[2026.09.24-05.08.37:304][865]LogAudioMixer: FMixerPlatformXAudio2::StopAudioStream() called
[2026.09.24-05.08.37:305][865]LogAudioMixer: FMixerPlatformXAudio2::StopAudioStream() called
[2026.09.24-05.08.37:307][865]LogSlate: Updating window title bar state: overlay mode, drag disabled, window buttons hidden, title bar hidden
[2026.09.24-05.08.37:310][865]LogUObjectHash: Compacting FUObjectHashTables data took   1.31ms
[2026.09.24-05.08.37:342][866]LogPlayLevel: Display: Destroying online subsystem :Context_16
[2026.09.24-05.12.32:978][581]LogUObjectHash: Compacting FUObjectHashTables data took   1.69ms
[2026.09.24-05.12.32:997][581]LogSavePackage: Moving '../../../../../../Users/larse/OneDrive/Documentos/Unreal Projects/Terraformer/Saved/Mapa01_Auto5D52F6D7F436C4B95951B57B803454F41.tmp' to '../../../../../../Users/larse/OneDrive/Documentos/Unreal Projects/Terraformer/Saved/Autosaves/Game/Niveles/Mapa01_Auto5.umap'
[2026.09.24-05.12.33:003][581]LogFileHelpers: Editor autosave (incl. external actors) for '/Game/Niveles/Mapa01' took 0.056
[2026.09.24-05.12.33:003][581]LogFileHelpers: Editor autosave (incl. sublevels & external actors) for all levels took 0.056
[2026.09.24-05.12.33:003][581]OBJ SavePackage: Generating thumbnails for [0] asset(s) in package [/Game/Blueprints/BP_Moneda] ([2] browsable assets)...
[2026.09.24-05.12.33:003][581]OBJ SavePackage: Finished generating thumbnails for package [/Game/Blueprints/BP_Moneda]
[2026.09.24-05.12.33:022][581]LogSavePackage: Moving '../../../../../../Users/larse/OneDrive/Documentos/Unreal Projects/Terraformer/Saved/BP_Moneda_Auto5B70AD830444638D657A3038E055EDE94.tmp' to '../../../../../../Users/larse/OneDrive/Documentos/Unreal Projects/Terraformer/Saved/Autosaves/Game/Blueprints/BP_Moneda_Auto5.uasset'
[2026.09.24-05.12.33:025][581]LogFileHelpers: Auto-saving content packages took 0.022
[2026.09.24-05.18.42:434][ 47]LogAssetEditorSubsystem: Opening Asset editor for Blueprint /Game/Blueprints/GameMode2D.GameMode2D
[2026.09.24-05.19.29:244][439]LogWorld: UWorld::CleanupWorld for World_10, bSessionEnded=true, bCleanupResources=true
[2026.09.24-05.19.29:244][439]LogSlate: InvalidateAllWidgets triggered.  All widgets were invalidated
[2026.09.24-05.19.29:305][439]LogAssetEditorSubsystem: Opening Asset editor for Blueprint /Game/Blueprints/GameMode2D.GameMode2D
[2026.09.24-05.20.21:265][206]BlueprintLog: New page: Compilar GameMode2D
[2026.09.24-05.20.21:309][206]LogUObjectHash: Compacting FUObjectHashTables data took   2.44ms
[2026.09.24-05.20.49:312][358]LogEditorTransaction: Undo Mover nodo
[2026.09.24-05.20.50:162][399]LogEditorTransaction: Undo Cambiar el nombre de la función
[2026.09.24-05.20.52:465][535]LogEditorTransaction: Undo Añadir Función nueva
[2026.09.24-05.23.18:411][972]LogSlate: Prevented a slow task dialog from being summoned while a context menu was open
[2026.09.24-05.23.18:469][972]LogEditorClassViewer: Warning: Class /Engine/Tutorial/InWorldBlueprintEditing/TutorialAssets/IWBE_Blutility.IWBE_Blutility_C has parent /Script/Blutility.PlacedEditorUtilityBase, but this parent is not found. The Class will not be shown in ClassViewer.
[2026.09.24-05.26.52:906][246]LogUObjectHash: Compacting FUObjectHashTables data took   2.27ms
[2026.09.24-05.26.52:921][246]LogSavePackage: Moving '../../../../../../Users/larse/OneDrive/Documentos/Unreal Projects/Terraformer/Saved/Mapa01_Auto66C709D7644C571FB53BB4AB70D68D577.tmp' to '../../../../../../Users/larse/OneDrive/Documentos/Unreal Projects/Terraformer/Saved/Autosaves/Game/Niveles/Mapa01_Auto6.umap'
[2026.09.24-05.26.52:924][246]LogFileHelpers: Editor autosave (incl. external actors) for '/Game/Niveles/Mapa01' took 0.047
[2026.09.24-05.26.52:924][246]LogFileHelpers: Editor autosave (incl. sublevels & external actors) for all levels took 0.047
[2026.09.24-05.26.52:926][246]OBJ SavePackage: Generating thumbnails for [0] asset(s) in package [/Game/Blueprints/GameMode2D] ([4] browsable assets)...
[2026.09.24-05.26.52:926][246]OBJ SavePackage: Finished generating thumbnails for package [/Game/Blueprints/GameMode2D]
[2026.09.24-05.26.52:932][246]LogSavePackage: Moving '../../../../../../Users/larse/OneDrive/Documentos/Unreal Projects/Terraformer/Saved/GameMode2D_Auto6C92DD8C4401EEAE8600C5982FF80B9B5.tmp' to '../../../../../../Users/larse/OneDrive/Documentos/Unreal Projects/Terraformer/Saved/Autosaves/Game/Blueprints/GameMode2D_Auto6.uasset'
[2026.09.24-05.26.52:933][246]OBJ SavePackage: Generating thumbnails for [0] asset(s) in package [/Game/Blueprints/BP_Moneda] ([2] browsable assets)...
[2026.09.24-05.26.52:933][246]OBJ SavePackage: Finished generating thumbnails for package [/Game/Blueprints/BP_Moneda]
[2026.09.24-05.26.52:947][246]LogSavePackage: Moving '../../../../../../Users/larse/OneDrive/Documentos/Unreal Projects/Terraformer/Saved/BP_Moneda_Auto68C57B052414E6B54044BED83C42C9297.tmp' to '../../../../../../Users/larse/OneDrive/Documentos/Unreal Projects/Terraformer/Saved/Autosaves/Game/Blueprints/BP_Moneda_Auto6.uasset'
[2026.09.24-05.26.52:948][246]LogFileHelpers: Auto-saving content packages took 0.022
[2026.09.24-05.31.13:231][952]BlueprintLog: New page: Compilar BP_Moneda
[2026.09.24-05.31.13:235][952]LogBlueprint: Error: [AssetLog] C:\Users\larse\OneDrive\Documentos\Unreal Projects\Terraformer\Content\Blueprints\BP_Moneda.uasset: [Compiler] This blueprint (self) is not a GameMode2D_C, therefore ' Meta ' must have a connection.
[2026.09.24-05.31.13:296][952]LogUObjectHash: Compacting FUObjectHashTables data took   1.76ms
[2026.09.24-05.31.30:063][935]BlueprintLog: New page: Compilar BP_Moneda
[2026.09.24-05.31.30:068][935]LogBlueprint: Warning: [AssetLog] C:\Users\larse\OneDrive\Documentos\Unreal Projects\Terraformer\Content\Blueprints\BP_Moneda.uasset: [Compiler] Could not find the function 'SumarMoneda' called from  Sumar Moneda
[2026.09.24-05.31.30:101][935]LogUObjectHash: Compacting FUObjectHashTables data took   2.04ms
[2026.09.24-05.31.35:502][252]LogEditorTransaction: Undo Crear enlace del Pin
[2026.09.24-05.34.45:838][730]LogEditorTransaction: Undo Añadir nodo
[2026.09.24-05.34.46:235][744]LogEditorTransaction: Undo Añadir nodo
[2026.09.24-05.34.46:850][777]LogEditorTransaction: Undo Delete current selection
[2026.09.24-05.36.55:276][769]LogUObjectHash: Compacting FUObjectHashTables data took   1.76ms
[2026.09.24-05.36.55:287][769]LogSavePackage: Moving '../../../../../../Users/larse/OneDrive/Documentos/Unreal Projects/Terraformer/Saved/Mapa01_Auto7E7C106C14C4F231A4F33D5A923DB5810.tmp' to '../../../../../../Users/larse/OneDrive/Documentos/Unreal Projects/Terraformer/Saved/Autosaves/Game/Niveles/Mapa01_Auto7.umap'
[2026.09.24-05.36.55:288][769]LogFileHelpers: Editor autosave (incl. external actors) for '/Game/Niveles/Mapa01' took 0.032
[2026.09.24-05.36.55:289][769]LogFileHelpers: Editor autosave (incl. sublevels & external actors) for all levels took 0.032
[2026.09.24-05.36.55:289][769]OBJ SavePackage: Generating thumbnails for [0] asset(s) in package [/Game/Blueprints/BP_Moneda] ([4] browsable assets)...
[2026.09.24-05.36.55:289][769]OBJ SavePackage: Finished generating thumbnails for package [/Game/Blueprints/BP_Moneda]
[2026.09.24-05.36.55:300][769]LogSavePackage: Moving '../../../../../../Users/larse/OneDrive/Documentos/Unreal Projects/Terraformer/Saved/BP_Moneda_Auto7E739F32849F86CA6E7F3A28B735D7926.tmp' to '../../../../../../Users/larse/OneDrive/Documentos/Unreal Projects/Terraformer/Saved/Autosaves/Game/Blueprints/BP_Moneda_Auto7.uasset'
[2026.09.24-05.36.55:301][769]LogFileHelpers: Auto-saving content packages took 0.012
[2026.09.24-05.37.41:488][816]BlueprintLog: New page: Compilar BP_Moneda
[2026.09.24-05.37.41:526][816]LogUObjectHash: Compacting FUObjectHashTables data took   1.46ms
[2026.09.24-05.38.27:160][614]BlueprintLog: New page: Compilar BP_Moneda
[2026.09.24-05.38.27:165][614]LogBlueprint: Error: [AssetLog] C:\Users\larse\OneDrive\Documentos\Unreal Projects\Terraformer\Content\Blueprints\BP_Moneda.uasset: [Compiler] This blueprint (self) is not a GameMode2D_C, therefore ' Meta ' must have a connection.
[2026.09.24-05.38.27:200][614]LogUObjectHash: Compacting FUObjectHashTables data took   1.39ms
[2026.09.24-05.39.04:675][582]BlueprintLog: New page: Compilar BP_Moneda
[2026.09.24-05.39.04:679][582]LogBlueprint: Warning: [AssetLog] C:\Users\larse\OneDrive\Documentos\Unreal Projects\Terraformer\Content\Blueprints\BP_Moneda.uasset: [Compiler] Could not find the function 'SumarMoneda' called from  Sumar Moneda
[2026.09.24-05.39.04:709][582]LogUObjectHash: Compacting FUObjectHashTables data took   1.44ms
[2026.09.24-05.39.19:177][750]BlueprintLog: New page: Compilar BP_Moneda
[2026.09.24-05.39.19:183][750]LogBlueprint: Warning: [AssetLog] C:\Users\larse\OneDrive\Documentos\Unreal Projects\Terraformer\Content\Blueprints\BP_Moneda.uasset: [Compiler] Could not find the function 'SumarMoneda' called from  Sumar Moneda
[2026.09.24-05.39.19:219][750]LogUObjectHash: Compacting FUObjectHashTables data took   1.55ms
[2026.09.24-05.40.23:142][559]BlueprintLog: New page: Compilar GameMode2D
[2026.09.24-05.40.23:175][559]LogUObjectHash: Compacting FUObjectHashTables data took   1.28ms
[2026.09.24-05.40.23:873][599]Cmd: OBJ SAVEPACKAGE PACKAGE="/Game/Blueprints/GameMode2D" FILE="../../../../../../Users/larse/OneDrive/Documentos/Unreal Projects/Terraformer/Content/Blueprints/GameMode2D.uasset" SILENT=true
[2026.09.24-05.40.23:879][599]LogSavePackage: Moving '../../../../../../Users/larse/OneDrive/Documentos/Unreal Projects/Terraformer/Saved/GameMode2D81FD6F9C412E7A8CECF826BE3F03D665.tmp' to '../../../../../../Users/larse/OneDrive/Documentos/Unreal Projects/Terraformer/Content/Blueprints/GameMode2D.uasset'
[2026.09.24-05.40.23:902][599]AssetCheck: New page: Asset Save: GameMode2D
[2026.09.24-05.40.23:902][599]LogContentValidation: Display: Validating Blueprint /Game/Blueprints/GameMode2D.GameMode2D
[2026.09.24-05.40.28:040][840]BlueprintLog: New page: Compilar BP_Moneda
[2026.09.24-05.40.28:077][840]LogUObjectHash: Compacting FUObjectHashTables data took   1.39ms
[2026.09.24-05.40.29:682][931]Cmd: OBJ SAVEPACKAGE PACKAGE="/Game/Blueprints/BP_Moneda" FILE="../../../../../../Users/larse/OneDrive/Documentos/Unreal Projects/Terraformer/Content/Blueprints/BP_Moneda.uasset" SILENT=true
[2026.09.24-05.40.29:694][931]LogSavePackage: Moving '../../../../../../Users/larse/OneDrive/Documentos/Unreal Projects/Terraformer/Saved/BP_Moneda025D8FAF40151FDF9BE8CFBB379E14B4.tmp' to '../../../../../../Users/larse/OneDrive/Documentos/Unreal Projects/Terraformer/Content/Blueprints/BP_Moneda.uasset'
[2026.09.24-05.40.29:711][931]AssetCheck: New page: Asset Save: BP_Moneda
[2026.09.24-05.40.29:711][931]LogContentValidation: Display: Validating Blueprint /Game/Blueprints/BP_Moneda.BP_Moneda
[2026.09.24-05.40.52:605][230]LogTemp: Repeating last play command: Selected Viewport
[2026.09.24-05.40.52:615][230]LogPlayLevel: PlayLevel: No blueprints needed recompiling
[2026.09.24-05.40.52:615][230]PIE: New page: Sesión PIE (reproducción en el editor): Mapa01 (23 sep. 2026 18:40:52)
[2026.09.24-05.40.52:643][230]LogPlayLevel: Creating play world package: /Game/Niveles/UEDPIE_0_Mapa01
[2026.09.24-05.40.52:646][230]LogPlayLevel: PIE: StaticDuplicateObject took: (0.003177s)
[2026.09.24-05.40.52:647][230]LogAIModule: Creating AISystem for world Mapa01
[2026.09.24-05.40.52:648][230]LogPlayLevel: PIE: World Init took: (0.001333s)
[2026.09.24-05.40.52:648][230]LogPlayLevel: PIE: Created PIE world by copying editor world from /Game/Niveles/Mapa01.Mapa01 to /Game/Niveles/UEDPIE_0_Mapa01.Mapa01 (0.004705s)
[2026.09.24-05.40.52:663][230]LogUObjectHash: Compacting FUObjectHashTables data took   1.24ms
[2026.09.24-05.40.52:679][230]LogAudio: Display: Creating Audio Device:                 Id: 8, Scope: Unique, Realtime: True
[2026.09.24-05.40.52:679][230]LogAudioMixer: Display: Audio Mixer Platform Settings:
[2026.09.24-05.40.52:679][230]LogAudioMixer: Display: 	Sample Rate:						  48000
[2026.09.24-05.40.52:679][230]LogAudioMixer: Display: 	Callback Buffer Frame Size Requested: 1024
[2026.09.24-05.40.52:679][230]LogAudioMixer: Display: 	Callback Buffer Frame Size To Use:	  1024
[2026.09.24-05.40.52:679][230]LogAudioMixer: Display: 	Number of buffers to queue:			  2
[2026.09.24-05.40.52:679][230]LogAudioMixer: Display: 	Max Channels (voices):				  32
[2026.09.24-05.40.52:679][230]LogAudioMixer: Display: 	Number of Async Source Workers:		  0
[2026.09.24-05.40.52:679][230]LogAudio: Display: AudioDevice MaxSources: 32
[2026.09.24-05.40.52:679][230]LogAudio: Display: Audio Spatialization Plugin: None (built-in).
[2026.09.24-05.40.52:679][230]LogAudio: Display: Audio Reverb Plugin: None (built-in).
[2026.09.24-05.40.52:679][230]LogAudio: Display: Audio Occlusion Plugin: None (built-in).
[2026.09.24-05.40.52:679][230]LogAudioMixer: Display: Initializing audio mixer.
[2026.09.24-05.40.52:684][230]LogAudioMixer: Display: 0: FrontLeft
[2026.09.24-05.40.52:684][230]LogAudioMixer: Display: 1: FrontRight
[2026.09.24-05.40.52:755][230]LogAudioMixer: Display: Using Audio Device Altavoces (Realtek(R) Audio)
[2026.09.24-05.40.52:755][230]LogAudioMixer: Display: Initializing Sound Submixes...
[2026.09.24-05.40.52:755][230]LogAudioMixer: Display: Creating Master Submix 'MasterSubmixDefault'
[2026.09.24-05.40.52:755][230]LogAudioMixer: Display: Creating Master Submix 'MasterReverbSubmixDefault'
[2026.09.24-05.40.52:757][230]LogAudioMixer: Display: Creating Master Submix 'MasterEQSubmixDefault'
[2026.09.24-05.40.52:757][230]LogAudioMixer: FMixerPlatformXAudio2::StartAudioStream() called
[2026.09.24-05.40.52:757][230]LogAudioMixer: Display: Output buffers initialized: Frames=1024, Channels=2, Samples=2048
[2026.09.24-05.40.52:759][230]LogAudioMixer: Display: Starting AudioMixerPlatformInterface::RunInternal()
[2026.09.24-05.40.52:759][230]LogAudioMixer: Display: FMixerPlatformXAudio2::SubmitBuffer() called for the first time
[2026.09.24-05.40.52:759][230]LogInit: FAudioDevice initialized.
[2026.09.24-05.40.52:759][230]LogAudio: Display: Audio Device (ID: 8) registered with world 'Mapa01'.
[2026.09.24-05.40.52:774][230]LogLoad: Game class is 'GameMode2D_C'
[2026.09.24-05.40.52:779][230]LogWorld: Bringing World /Game/Niveles/UEDPIE_0_Mapa01.Mapa01 up for play (max tick rate 60) at 2026.09.23-23.40.52
[2026.09.24-05.40.52:779][230]LogWorld: Bringing up level for play took: 0.004609
[2026.09.24-05.40.52:779][230]LogOnline: OSS: Creating online subsystem instance for: :Context_19
[2026.09.24-05.40.52:783][230]PIE: El servidor ha iniciado la sesión
[2026.09.24-05.40.52:784][230]PIE: Play in editor total start time 0.172 seconds.
[2026.09.24-05.41.05:965][ 18]LogSlate: Updating window title bar state: overlay mode, drag disabled, window buttons hidden, title bar hidden
[2026.09.24-05.41.05:965][ 18]LogWorld: BeginTearingDown for /Game/Niveles/UEDPIE_0_Mapa01
[2026.09.24-05.41.05:965][ 18]LogWorld: UWorld::CleanupWorld for Mapa01, bSessionEnded=true, bCleanupResources=true
[2026.09.24-05.41.05:966][ 18]LogSlate: InvalidateAllWidgets triggered.  All widgets were invalidated
[2026.09.24-05.41.05:980][ 18]LogPlayLevel: Display: Shutting down PIE online subsystems
[2026.09.24-05.41.05:987][ 18]LogSlate: InvalidateAllWidgets triggered.  All widgets were invalidated
[2026.09.24-05.41.06:002][ 18]LogAudio: Display: Audio Device unregistered from world 'None'.
[2026.09.24-05.41.06:002][ 18]LogAudioMixer: FMixerPlatformXAudio2::StopAudioStream() called
[2026.09.24-05.41.06:003][ 18]LogAudioMixer: FMixerPlatformXAudio2::StopAudioStream() called
[2026.09.24-05.41.06:005][ 18]LogSlate: Updating window title bar state: overlay mode, drag disabled, window buttons hidden, title bar hidden
[2026.09.24-05.41.06:008][ 18]LogUObjectHash: Compacting FUObjectHashTables data took   1.37ms
[2026.09.24-05.41.06:033][ 19]LogPlayLevel: Display: Destroying online subsystem :Context_19
[2026.09.24-05.41.07:403][ 98]LogTemp: Repeating last play command: Selected Viewport
[2026.09.24-05.41.07:410][ 98]LogPlayLevel: PlayLevel: No blueprints needed recompiling
[2026.09.24-05.41.07:410][ 98]PIE: New page: Sesión PIE (reproducción en el editor): Mapa01 (23 sep. 2026 18:41:07)
[2026.09.24-05.41.07:410][ 98]LogPlayLevel: Creating play world package: /Game/Niveles/UEDPIE_0_Mapa01
[2026.09.24-05.41.07:414][ 98]LogPlayLevel: PIE: StaticDuplicateObject took: (0.002851s)
[2026.09.24-05.41.07:414][ 98]LogAIModule: Creating AISystem for world Mapa01
[2026.09.24-05.41.07:415][ 98]LogPlayLevel: PIE: World Init took: (0.001307s)
[2026.09.24-05.41.07:415][ 98]LogPlayLevel: PIE: Created PIE world by copying editor world from /Game/Niveles/Mapa01.Mapa01 to /Game/Niveles/UEDPIE_0_Mapa01.Mapa01 (0.004275s)
[2026.09.24-05.41.07:429][ 98]LogUObjectHash: Compacting FUObjectHashTables data took   1.01ms
[2026.09.24-05.41.07:430][ 98]LogAudio: Display: Creating Audio Device:                 Id: 9, Scope: Unique, Realtime: True
[2026.09.24-05.41.07:430][ 98]LogAudioMixer: Display: Audio Mixer Platform Settings:
[2026.09.24-05.41.07:430][ 98]LogAudioMixer: Display: 	Sample Rate:						  48000
[2026.09.24-05.41.07:430][ 98]LogAudioMixer: Display: 	Callback Buffer Frame Size Requested: 1024
[2026.09.24-05.41.07:430][ 98]LogAudioMixer: Display: 	Callback Buffer Frame Size To Use:	  1024
[2026.09.24-05.41.07:430][ 98]LogAudioMixer: Display: 	Number of buffers to queue:			  2
[2026.09.24-05.41.07:430][ 98]LogAudioMixer: Display: 	Max Channels (voices):				  32
[2026.09.24-05.41.07:430][ 98]LogAudioMixer: Display: 	Number of Async Source Workers:		  0
[2026.09.24-05.41.07:430][ 98]LogAudio: Display: AudioDevice MaxSources: 32
[2026.09.24-05.41.07:430][ 98]LogAudio: Display: Audio Spatialization Plugin: None (built-in).
[2026.09.24-05.41.07:432][ 98]LogAudio: Display: Audio Reverb Plugin: None (built-in).
[2026.09.24-05.41.07:432][ 98]LogAudio: Display: Audio Occlusion Plugin: None (built-in).
[2026.09.24-05.41.07:432][ 98]LogAudioMixer: Display: Initializing audio mixer.
[2026.09.24-05.41.07:434][ 98]LogAudioMixer: Display: 0: FrontLeft
[2026.09.24-05.41.07:434][ 98]LogAudioMixer: Display: 1: FrontRight
[2026.09.24-05.41.07:502][ 98]LogAudioMixer: Display: Using Audio Device Altavoces (Realtek(R) Audio)
[2026.09.24-05.41.07:502][ 98]LogAudioMixer: Display: Initializing Sound Submixes...
[2026.09.24-05.41.07:502][ 98]LogAudioMixer: Display: Creating Master Submix 'MasterSubmixDefault'
[2026.09.24-05.41.07:502][ 98]LogAudioMixer: Display: Creating Master Submix 'MasterReverbSubmixDefault'
[2026.09.24-05.41.07:503][ 98]LogAudioMixer: Display: Creating Master Submix 'MasterEQSubmixDefault'
[2026.09.24-05.41.07:503][ 98]LogAudioMixer: FMixerPlatformXAudio2::StartAudioStream() called
[2026.09.24-05.41.07:503][ 98]LogAudioMixer: Display: Output buffers initialized: Frames=1024, Channels=2, Samples=2048
[2026.09.24-05.41.07:504][ 98]LogAudioMixer: Display: Starting AudioMixerPlatformInterface::RunInternal()
[2026.09.24-05.41.07:504][ 98]LogAudioMixer: Display: FMixerPlatformXAudio2::SubmitBuffer() called for the first time
[2026.09.24-05.41.07:504][ 98]LogInit: FAudioDevice initialized.
[2026.09.24-05.41.07:504][ 98]LogAudio: Display: Audio Device (ID: 9) registered with world 'Mapa01'.
[2026.09.24-05.41.07:516][ 98]LogLoad: Game class is 'GameMode2D_C'
[2026.09.24-05.41.07:518][ 98]LogWorld: Bringing World /Game/Niveles/UEDPIE_0_Mapa01.Mapa01 up for play (max tick rate 60) at 2026.09.23-23.41.07
[2026.09.24-05.41.07:518][ 98]LogWorld: Bringing up level for play took: 0.001712
[2026.09.24-05.41.07:518][ 98]LogOnline: OSS: Creating online subsystem instance for: :Context_20
[2026.09.24-05.41.07:522][ 98]PIE: El servidor ha iniciado la sesión
[2026.09.24-05.41.07:523][ 98]PIE: Play in editor total start time 0.114 seconds.
[2026.09.24-05.41.10:285][262]LogSlate: Updating window title bar state: overlay mode, drag disabled, window buttons hidden, title bar hidden
[2026.09.24-05.41.10:285][262]LogWorld: BeginTearingDown for /Game/Niveles/UEDPIE_0_Mapa01
[2026.09.24-05.41.10:286][262]LogWorld: UWorld::CleanupWorld for Mapa01, bSessionEnded=true, bCleanupResources=true
[2026.09.24-05.41.10:286][262]LogSlate: InvalidateAllWidgets triggered.  All widgets were invalidated
[2026.09.24-05.41.10:299][262]LogPlayLevel: Display: Shutting down PIE online subsystems
[2026.09.24-05.41.10:304][262]LogSlate: InvalidateAllWidgets triggered.  All widgets were invalidated
[2026.09.24-05.41.10:319][262]LogSlate: Updating window title bar state: overlay mode, drag disabled, window buttons hidden, title bar hidden
[2026.09.24-05.41.10:319][262]LogAudioMixer: FMixerPlatformXAudio2::StopAudioStream() called
[2026.09.24-05.41.10:320][262]LogAudioMixer: FMixerPlatformXAudio2::StopAudioStream() called
[2026.09.24-05.41.10:327][262]LogUObjectHash: Compacting FUObjectHashTables data took   1.02ms
[2026.09.24-05.41.10:399][264]LogPlayLevel: Display: Destroying online subsystem :Context_20
[2026.09.24-05.41.42:396][181]Cmd: EDIT COPY
[2026.09.24-05.41.42:805][205]Cmd: EDIT PASTE
[2026.09.24-05.41.49:938][631]LogEditorViewport: Clicking on Actor (LMB): BP_Moneda_C (BP_Moneda)
[2026.09.24-05.41.57:605][ 86]LogUObjectHash: Compacting FUObjectHashTables data took   1.28ms
[2026.09.24-05.41.57:618][ 86]LogSavePackage: Moving '../../../../../../Users/larse/OneDrive/Documentos/Unreal Projects/Terraformer/Saved/Mapa01298730354EAA57E586C7C0A8609DFFEB.tmp' to '../../../../../../Users/larse/OneDrive/Documentos/Unreal Projects/Terraformer/Content/Niveles/Mapa01.umap'
[2026.09.24-05.41.57:758][ 86]AssetCheck: New page: Asset Save: Mapa01
[2026.09.24-05.41.57:758][ 86]LogContentValidation: Display: Validating World /Game/Niveles/Mapa01.Mapa01
[2026.09.24-05.41.58:805][149]LogTemp: Repeating last play command: Selected Viewport
[2026.09.24-05.41.58:812][149]LogPlayLevel: PlayLevel: No blueprints needed recompiling
[2026.09.24-05.41.58:812][149]PIE: New page: Sesión PIE (reproducción en el editor): Mapa01 (23 sep. 2026 18:41:58)
[2026.09.24-05.41.58:812][149]LogPlayLevel: Creating play world package: /Game/Niveles/UEDPIE_0_Mapa01
[2026.09.24-05.41.58:815][149]LogPlayLevel: PIE: StaticDuplicateObject took: (0.002718s)
[2026.09.24-05.41.58:816][149]LogAIModule: Creating AISystem for world Mapa01
[2026.09.24-05.41.58:816][149]LogPlayLevel: PIE: World Init took: (0.000868s)
[2026.09.24-05.41.58:816][149]LogPlayLevel: PIE: Created PIE world by copying editor world from /Game/Niveles/Mapa01.Mapa01 to /Game/Niveles/UEDPIE_0_Mapa01.Mapa01 (0.003721s)
[2026.09.24-05.41.58:834][149]LogUObjectHash: Compacting FUObjectHashTables data took   1.59ms
[2026.09.24-05.41.58:838][149]LogAudio: Display: Creating Audio Device:                 Id: 10, Scope: Unique, Realtime: True
[2026.09.24-05.41.58:839][149]LogAudioMixer: Display: Audio Mixer Platform Settings:
[2026.09.24-05.41.58:839][149]LogAudioMixer: Display: 	Sample Rate:						  48000
[2026.09.24-05.41.58:839][149]LogAudioMixer: Display: 	Callback Buffer Frame Size Requested: 1024
[2026.09.24-05.41.58:839][149]LogAudioMixer: Display: 	Callback Buffer Frame Size To Use:	  1024
[2026.09.24-05.41.58:839][149]LogAudioMixer: Display: 	Number of buffers to queue:			  2
[2026.09.24-05.41.58:839][149]LogAudioMixer: Display: 	Max Channels (voices):				  32
[2026.09.24-05.41.58:839][149]LogAudioMixer: Display: 	Number of Async Source Workers:		  0
[2026.09.24-05.41.58:839][149]LogAudio: Display: AudioDevice MaxSources: 32
[2026.09.24-05.41.58:839][149]LogAudio: Display: Audio Spatialization Plugin: None (built-in).
[2026.09.24-05.41.58:839][149]LogAudio: Display: Audio Reverb Plugin: None (built-in).
[2026.09.24-05.41.58:839][149]LogAudio: Display: Audio Occlusion Plugin: None (built-in).
[2026.09.24-05.41.58:839][149]LogAudioMixer: Display: Initializing audio mixer.
[2026.09.24-05.41.58:843][149]LogAudioMixer: Display: 0: FrontLeft
[2026.09.24-05.41.58:843][149]LogAudioMixer: Display: 1: FrontRight
[2026.09.24-05.41.58:916][149]LogAudioMixer: Display: Using Audio Device Altavoces (Realtek(R) Audio)
[2026.09.24-05.41.58:917][149]LogAudioMixer: Display: Initializing Sound Submixes...
[2026.09.24-05.41.58:917][149]LogAudioMixer: Display: Creating Master Submix 'MasterSubmixDefault'
[2026.09.24-05.41.58:917][149]LogAudioMixer: Display: Creating Master Submix 'MasterReverbSubmixDefault'
[2026.09.24-05.41.58:917][149]LogAudioMixer: Display: Creating Master Submix 'MasterEQSubmixDefault'
[2026.09.24-05.41.58:917][149]LogAudioMixer: FMixerPlatformXAudio2::StartAudioStream() called
[2026.09.24-05.41.58:917][149]LogAudioMixer: Display: Output buffers initialized: Frames=1024, Channels=2, Samples=2048
[2026.09.24-05.41.58:918][149]LogAudioMixer: Display: Starting AudioMixerPlatformInterface::RunInternal()
[2026.09.24-05.41.58:918][149]LogAudioMixer: Display: FMixerPlatformXAudio2::SubmitBuffer() called for the first time
[2026.09.24-05.41.58:918][149]LogInit: FAudioDevice initialized.
[2026.09.24-05.41.58:918][149]LogAudio: Display: Audio Device (ID: 10) registered with world 'Mapa01'.
[2026.09.24-05.41.58:935][149]LogLoad: Game class is 'GameMode2D_C'
[2026.09.24-05.41.58:937][149]LogWorld: Bringing World /Game/Niveles/UEDPIE_0_Mapa01.Mapa01 up for play (max tick rate 60) at 2026.09.23-23.41.58
[2026.09.24-05.41.58:938][149]LogWorld: Bringing up level for play took: 0.002465
[2026.09.24-05.41.58:939][149]LogOnline: OSS: Creating online subsystem instance for: :Context_21
[2026.09.24-05.41.58:942][149]PIE: El servidor ha iniciado la sesión
[2026.09.24-05.41.58:943][149]PIE: Play in editor total start time 0.134 seconds.
[2026.09.24-05.42.02:335][350]LogSlate: Updating window title bar state: overlay mode, drag disabled, window buttons hidden, title bar hidden
[2026.09.24-05.42.02:335][350]LogWorld: BeginTearingDown for /Game/Niveles/UEDPIE_0_Mapa01
[2026.09.24-05.42.02:336][350]LogWorld: UWorld::CleanupWorld for Mapa01, bSessionEnded=true, bCleanupResources=true
[2026.09.24-05.42.02:336][350]LogSlate: InvalidateAllWidgets triggered.  All widgets were invalidated
[2026.09.24-05.42.02:349][350]LogPlayLevel: Display: Shutting down PIE online subsystems
[2026.09.24-05.42.02:355][350]LogSlate: InvalidateAllWidgets triggered.  All widgets were invalidated
[2026.09.24-05.42.02:371][350]LogAudio: Display: Audio Device unregistered from world 'None'.
[2026.09.24-05.42.02:371][350]LogAudioMixer: FMixerPlatformXAudio2::StopAudioStream() called
[2026.09.24-05.42.02:373][350]LogAudioMixer: FMixerPlatformXAudio2::StopAudioStream() called
[2026.09.24-05.42.02:380][350]LogSlate: Updating window title bar state: overlay mode, drag disabled, window buttons hidden, title bar hidden
[2026.09.24-05.42.02:382][350]LogUObjectHash: Compacting FUObjectHashTables data took   1.33ms
[2026.09.24-05.42.02:410][351]LogPlayLevel: Display: Destroying online subsystem :Context_21
[2026.09.24-05.44.33:711][138]Cmd: OBJ SAVEPACKAGE PACKAGE="/Game/Blueprints/BP_Moneda" FILE="../../../../../../Users/larse/OneDrive/Documentos/Unreal Projects/Terraformer/Content/Blueprints/BP_Moneda.uasset" SILENT=true
[2026.09.24-05.44.33:723][138]LogSavePackage: Moving '../../../../../../Users/larse/OneDrive/Documentos/Unreal Projects/Terraformer/Saved/BP_MonedaE6D93142419E59D133A3B5B5AC2D5F36.tmp' to '../../../../../../Users/larse/OneDrive/Documentos/Unreal Projects/Terraformer/Content/Blueprints/BP_Moneda.uasset'
[2026.09.24-05.44.33:740][138]AssetCheck: New page: Asset Save: BP_Moneda
[2026.09.24-05.44.33:740][138]LogContentValidation: Display: Validating Blueprint /Game/Blueprints/BP_Moneda.BP_Moneda
[2026.09.24-05.44.34:787][199]Cmd: OBJ SAVEPACKAGE PACKAGE="/Game/Blueprints/GameMode2D" FILE="../../../../../../Users/larse/OneDrive/Documentos/Unreal Projects/Terraformer/Content/Blueprints/GameMode2D.uasset" SILENT=true
[2026.09.24-05.44.34:792][199]LogSavePackage: Moving '../../../../../../Users/larse/OneDrive/Documentos/Unreal Projects/Terraformer/Saved/GameMode2D031D07C0411A1A14C4F385B299256FC7.tmp' to '../../../../../../Users/larse/OneDrive/Documentos/Unreal Projects/Terraformer/Content/Blueprints/GameMode2D.uasset'
[2026.09.24-05.44.34:809][199]AssetCheck: New page: Asset Save: GameMode2D
[2026.09.24-05.44.34:809][199]LogContentValidation: Display: Validating Blueprint /Game/Blueprints/GameMode2D.GameMode2D
[2026.09.24-05.45.20:959][253]BlueprintLog: New page: Compilar GameMode2D
[2026.09.24-05.45.20:999][253]LogUObjectHash: Compacting FUObjectHashTables data took   1.53ms
[2026.09.24-05.46.01:812][867]BlueprintLog: New page: Compilar GameMode2D
[2026.09.24-05.46.01:840][867]LogUObjectHash: Compacting FUObjectHashTables data took   1.70ms
[2026.09.24-05.52.21:516][360]LogUObjectHash: Compacting FUObjectHashTables data took   1.77ms
[2026.09.24-05.52.21:529][360]LogSavePackage: Moving '../../../../../../Users/larse/OneDrive/Documentos/Unreal Projects/Terraformer/Saved/Mapa01_Auto8AFC85D0D4EDCB9AF8514199FE84182CD.tmp' to '../../../../../../Users/larse/OneDrive/Documentos/Unreal Projects/Terraformer/Saved/Autosaves/Game/Niveles/Mapa01_Auto8.umap'
[2026.09.24-05.52.21:530][360]LogFileHelpers: Editor autosave (incl. external actors) for '/Game/Niveles/Mapa01' took 0.033
[2026.09.24-05.52.21:530][360]LogFileHelpers: Editor autosave (incl. sublevels & external actors) for all levels took 0.033
[2026.09.24-05.52.21:531][360]OBJ SavePackage: Generating thumbnails for [0] asset(s) in package [/Game/Blueprints/GameMode2D] ([4] browsable assets)...
[2026.09.24-05.52.21:531][360]OBJ SavePackage: Finished generating thumbnails for package [/Game/Blueprints/GameMode2D]
[2026.09.24-05.52.21:536][360]LogSavePackage: Moving '../../../../../../Users/larse/OneDrive/Documentos/Unreal Projects/Terraformer/Saved/GameMode2D_Auto86DE499B84CB644849B71A2B05C612D4C.tmp' to '../../../../../../Users/larse/OneDrive/Documentos/Unreal Projects/Terraformer/Saved/Autosaves/Game/Blueprints/GameMode2D_Auto8.uasset'
[2026.09.24-05.52.21:537][360]LogFileHelpers: Auto-saving content packages took 0.007
[2026.09.24-05.57.48:202][848]BlueprintLog: New page: Compilar GameMode2D
[2026.09.24-05.57.48:235][848]LogUObjectHash: Compacting FUObjectHashTables data took   1.95ms
[2026.09.24-05.57.48:851][882]Cmd: OBJ SAVEPACKAGE PACKAGE="/Game/Blueprints/GameMode2D" FILE="../../../../../../Users/larse/OneDrive/Documentos/Unreal Projects/Terraformer/Content/Blueprints/GameMode2D.uasset" SILENT=true
[2026.09.24-05.57.48:862][882]LogSavePackage: Moving '../../../../../../Users/larse/OneDrive/Documentos/Unreal Projects/Terraformer/Saved/GameMode2D4567733743FDB282FF4E3DBA78B77BA4.tmp' to '../../../../../../Users/larse/OneDrive/Documentos/Unreal Projects/Terraformer/Content/Blueprints/GameMode2D.uasset'
[2026.09.24-05.57.48:877][882]AssetCheck: New page: Asset Save: GameMode2D
[2026.09.24-05.57.48:878][882]LogContentValidation: Display: Validating Blueprint /Game/Blueprints/GameMode2D.GameMode2D
[2026.09.24-05.59.43:966][874]BlueprintLog: New page: Compilar GameMode2D
[2026.09.24-05.59.44:003][874]LogUObjectHash: Compacting FUObjectHashTables data took   1.90ms
[2026.09.24-05.59.44:590][906]Cmd: OBJ SAVEPACKAGE PACKAGE="/Game/Blueprints/GameMode2D" FILE="../../../../../../Users/larse/OneDrive/Documentos/Unreal Projects/Terraformer/Content/Blueprints/GameMode2D.uasset" SILENT=true
[2026.09.24-05.59.44:599][906]LogSavePackage: Moving '../../../../../../Users/larse/OneDrive/Documentos/Unreal Projects/Terraformer/Saved/GameMode2D698FD830431C894E81F2EB8CD666810A.tmp' to '../../../../../../Users/larse/OneDrive/Documentos/Unreal Projects/Terraformer/Content/Blueprints/GameMode2D.uasset'
[2026.09.24-05.59.44:619][906]AssetCheck: New page: Asset Save: GameMode2D
[2026.09.24-05.59.44:619][906]LogContentValidation: Display: Validating Blueprint /Game/Blueprints/GameMode2D.GameMode2D
[2026.09.24-05.59.46:786][ 29]LogTemp: Repeating last play command: Selected Viewport
[2026.09.24-05.59.46:793][ 29]LogPlayLevel: PlayLevel: No blueprints needed recompiling
[2026.09.24-05.59.46:793][ 29]PIE: New page: Sesión PIE (reproducción en el editor): Mapa01 (23 sep. 2026 18:59:46)
[2026.09.24-05.59.46:793][ 29]LogPlayLevel: Creating play world package: /Game/Niveles/UEDPIE_0_Mapa01
[2026.09.24-05.59.46:796][ 29]LogPlayLevel: PIE: StaticDuplicateObject took: (0.002200s)
[2026.09.24-05.59.46:797][ 29]LogAIModule: Creating AISystem for world Mapa01
[2026.09.24-05.59.46:797][ 29]LogPlayLevel: PIE: World Init took: (0.000893s)
[2026.09.24-05.59.46:797][ 29]LogPlayLevel: PIE: Created PIE world by copying editor world from /Game/Niveles/Mapa01.Mapa01 to /Game/Niveles/UEDPIE_0_Mapa01.Mapa01 (0.003193s)
[2026.09.24-05.59.46:816][ 29]LogUObjectHash: Compacting FUObjectHashTables data took   1.34ms
[2026.09.24-05.59.46:816][ 29]LogAudio: Display: Creating Audio Device:                 Id: 11, Scope: Unique, Realtime: True
[2026.09.24-05.59.46:816][ 29]LogAudioMixer: Display: Audio Mixer Platform Settings:
[2026.09.24-05.59.46:816][ 29]LogAudioMixer: Display: 	Sample Rate:						  48000
[2026.09.24-05.59.46:816][ 29]LogAudioMixer: Display: 	Callback Buffer Frame Size Requested: 1024
[2026.09.24-05.59.46:816][ 29]LogAudioMixer: Display: 	Callback Buffer Frame Size To Use:	  1024
[2026.09.24-05.59.46:816][ 29]LogAudioMixer: Display: 	Number of buffers to queue:			  2
[2026.09.24-05.59.46:816][ 29]LogAudioMixer: Display: 	Max Channels (voices):				  32
[2026.09.24-05.59.46:816][ 29]LogAudioMixer: Display: 	Number of Async Source Workers:		  0
[2026.09.24-05.59.46:816][ 29]LogAudio: Display: AudioDevice MaxSources: 32
[2026.09.24-05.59.46:817][ 29]LogAudio: Display: Audio Spatialization Plugin: None (built-in).
[2026.09.24-05.59.46:817][ 29]LogAudio: Display: Audio Reverb Plugin: None (built-in).
[2026.09.24-05.59.46:817][ 29]LogAudio: Display: Audio Occlusion Plugin: None (built-in).
[2026.09.24-05.59.46:817][ 29]LogAudioMixer: Display: Initializing audio mixer.
[2026.09.24-05.59.46:821][ 29]LogAudioMixer: Display: 0: FrontLeft
[2026.09.24-05.59.46:821][ 29]LogAudioMixer: Display: 1: FrontRight
[2026.09.24-05.59.46:890][ 29]LogAudioMixer: Display: Using Audio Device Altavoces (Realtek(R) Audio)
[2026.09.24-05.59.46:890][ 29]LogAudioMixer: Display: Initializing Sound Submixes...
[2026.09.24-05.59.46:890][ 29]LogAudioMixer: Display: Creating Master Submix 'MasterSubmixDefault'
[2026.09.24-05.59.46:890][ 29]LogAudioMixer: Display: Creating Master Submix 'MasterReverbSubmixDefault'
[2026.09.24-05.59.46:891][ 29]LogAudioMixer: Display: Creating Master Submix 'MasterEQSubmixDefault'
[2026.09.24-05.59.46:891][ 29]LogAudioMixer: FMixerPlatformXAudio2::StartAudioStream() called
[2026.09.24-05.59.46:891][ 29]LogAudioMixer: Display: Output buffers initialized: Frames=1024, Channels=2, Samples=2048
[2026.09.24-05.59.46:893][ 29]LogAudioMixer: Display: Starting AudioMixerPlatformInterface::RunInternal()
[2026.09.24-05.59.46:893][ 29]LogAudioMixer: Display: FMixerPlatformXAudio2::SubmitBuffer() called for the first time
[2026.09.24-05.59.46:893][ 29]LogInit: FAudioDevice initialized.
[2026.09.24-05.59.46:893][ 29]LogAudio: Display: Audio Device (ID: 11) registered with world 'Mapa01'.
[2026.09.24-05.59.46:902][ 29]LogLoad: Game class is 'GameMode2D_C'
[2026.09.24-05.59.46:904][ 29]LogWorld: Bringing World /Game/Niveles/UEDPIE_0_Mapa01.Mapa01 up for play (max tick rate 60) at 2026.09.23-23.59.46
[2026.09.24-05.59.46:904][ 29]LogWorld: Bringing up level for play took: 0.001826
[2026.09.24-05.59.46:904][ 29]LogOnline: OSS: Creating online subsystem instance for: :Context_22
[2026.09.24-05.59.46:908][ 29]PIE: El servidor ha iniciado la sesión
[2026.09.24-05.59.46:909][ 29]PIE: Play in editor total start time 0.118 seconds.
[2026.09.24-06.00.21:451][ 99]LogSlate: Updating window title bar state: overlay mode, drag disabled, window buttons hidden, title bar hidden
[2026.09.24-06.00.21:451][ 99]LogWorld: BeginTearingDown for /Game/Niveles/UEDPIE_0_Mapa01
[2026.09.24-06.00.21:451][ 99]LogWorld: UWorld::CleanupWorld for Mapa01, bSessionEnded=true, bCleanupResources=true
[2026.09.24-06.00.21:451][ 99]LogSlate: InvalidateAllWidgets triggered.  All widgets were invalidated
[2026.09.24-06.00.21:459][ 99]LogPlayLevel: Display: Shutting down PIE online subsystems
[2026.09.24-06.00.21:465][ 99]LogSlate: InvalidateAllWidgets triggered.  All widgets were invalidated
[2026.09.24-06.00.21:485][ 99]LogAudio: Display: Audio Device unregistered from world 'None'.
[2026.09.24-06.00.21:486][ 99]LogAudioMixer: FMixerPlatformXAudio2::StopAudioStream() called
[2026.09.24-06.00.21:486][ 99]LogAudioMixer: FMixerPlatformXAudio2::StopAudioStream() called
[2026.09.24-06.00.21:488][ 99]LogSlate: Updating window title bar state: overlay mode, drag disabled, window buttons hidden, title bar hidden
[2026.09.24-06.00.21:490][ 99]LogUObjectHash: Compacting FUObjectHashTables data took   1.25ms
[2026.09.24-06.00.21:519][100]LogPlayLevel: Display: Destroying online subsystem :Context_22
[2026.09.24-06.00.44:574][358]LogTemp: Repeating last play command: Selected Viewport
[2026.09.24-06.00.44:581][358]LogPlayLevel: PlayLevel: No blueprints needed recompiling
[2026.09.24-06.00.44:581][358]PIE: New page: Sesión PIE (reproducción en el editor): Mapa01 (23 sep. 2026 19:00:44)
[2026.09.24-06.00.44:629][358]LogPlayLevel: Creating play world package: /Game/Niveles/UEDPIE_0_Mapa01
[2026.09.24-06.00.44:632][358]LogPlayLevel: PIE: StaticDuplicateObject took: (0.002290s)
[2026.09.24-06.00.44:632][358]LogAIModule: Creating AISystem for world Mapa01
[2026.09.24-06.00.44:633][358]LogPlayLevel: PIE: World Init took: (0.000795s)
[2026.09.24-06.00.44:633][358]LogPlayLevel: PIE: Created PIE world by copying editor world from /Game/Niveles/Mapa01.Mapa01 to /Game/Niveles/UEDPIE_0_Mapa01.Mapa01 (0.003258s)
[2026.09.24-06.00.44:648][358]LogUObjectHash: Compacting FUObjectHashTables data took   1.20ms
[2026.09.24-06.00.44:649][358]LogAudio: Display: Creating Audio Device:                 Id: 12, Scope: Unique, Realtime: True
[2026.09.24-06.00.44:649][358]LogAudioMixer: Display: Audio Mixer Platform Settings:
[2026.09.24-06.00.44:649][358]LogAudioMixer: Display: 	Sample Rate:						  48000
[2026.09.24-06.00.44:649][358]LogAudioMixer: Display: 	Callback Buffer Frame Size Requested: 1024
[2026.09.24-06.00.44:649][358]LogAudioMixer: Display: 	Callback Buffer Frame Size To Use:	  1024
[2026.09.24-06.00.44:649][358]LogAudioMixer: Display: 	Number of buffers to queue:			  2
[2026.09.24-06.00.44:649][358]LogAudioMixer: Display: 	Max Channels (voices):				  32
[2026.09.24-06.00.44:649][358]LogAudioMixer: Display: 	Number of Async Source Workers:		  0
[2026.09.24-06.00.44:649][358]LogAudio: Display: AudioDevice MaxSources: 32
[2026.09.24-06.00.44:650][358]LogAudio: Display: Audio Spatialization Plugin: None (built-in).
[2026.09.24-06.00.44:650][358]LogAudio: Display: Audio Reverb Plugin: None (built-in).
[2026.09.24-06.00.44:650][358]LogAudio: Display: Audio Occlusion Plugin: None (built-in).
[2026.09.24-06.00.44:650][358]LogAudioMixer: Display: Initializing audio mixer.
[2026.09.24-06.00.44:653][358]LogAudioMixer: Display: 0: FrontLeft
[2026.09.24-06.00.44:653][358]LogAudioMixer: Display: 1: FrontRight
[2026.09.24-06.00.44:725][358]LogAudioMixer: Display: Using Audio Device Altavoces (Realtek(R) Audio)
[2026.09.24-06.00.44:725][358]LogAudioMixer: Display: Initializing Sound Submixes...
[2026.09.24-06.00.44:725][358]LogAudioMixer: Display: Creating Master Submix 'MasterSubmixDefault'
[2026.09.24-06.00.44:725][358]LogAudioMixer: Display: Creating Master Submix 'MasterReverbSubmixDefault'
[2026.09.24-06.00.44:726][358]LogAudioMixer: Display: Creating Master Submix 'MasterEQSubmixDefault'
[2026.09.24-06.00.44:726][358]LogAudioMixer: FMixerPlatformXAudio2::StartAudioStream() called
[2026.09.24-06.00.44:726][358]LogAudioMixer: Display: Output buffers initialized: Frames=1024, Channels=2, Samples=2048
[2026.09.24-06.00.44:727][358]LogAudioMixer: Display: Starting AudioMixerPlatformInterface::RunInternal()
[2026.09.24-06.00.44:727][358]LogAudioMixer: Display: FMixerPlatformXAudio2::SubmitBuffer() called for the first time
[2026.09.24-06.00.44:727][358]LogInit: FAudioDevice initialized.
[2026.09.24-06.00.44:727][358]LogAudio: Display: Audio Device (ID: 12) registered with world 'Mapa01'.
[2026.09.24-06.00.44:735][358]LogLoad: Game class is 'GameMode2D_C'
[2026.09.24-06.00.44:737][358]LogWorld: Bringing World /Game/Niveles/UEDPIE_0_Mapa01.Mapa01 up for play (max tick rate 60) at 2026.09.24-00.00.44
[2026.09.24-06.00.44:737][358]LogWorld: Bringing up level for play took: 0.001852
[2026.09.24-06.00.44:737][358]LogOnline: OSS: Creating online subsystem instance for: :Context_23
[2026.09.24-06.00.44:743][358]PIE: El servidor ha iniciado la sesión
[2026.09.24-06.00.44:743][358]PIE: Play in editor total start time 0.165 seconds.
[2026.09.24-06.01.07:421][678]LogSlate: Updating window title bar state: overlay mode, drag disabled, window buttons hidden, title bar hidden
[2026.09.24-06.01.07:421][678]LogWorld: BeginTearingDown for /Game/Niveles/UEDPIE_0_Mapa01
[2026.09.24-06.01.07:421][678]LogWorld: UWorld::CleanupWorld for Mapa01, bSessionEnded=true, bCleanupResources=true
[2026.09.24-06.01.07:421][678]LogSlate: InvalidateAllWidgets triggered.  All widgets were invalidated
[2026.09.24-06.01.07:429][678]LogPlayLevel: Display: Shutting down PIE online subsystems
[2026.09.24-06.01.07:437][678]LogSlate: InvalidateAllWidgets triggered.  All widgets were invalidated
[2026.09.24-06.01.07:451][678]LogSlate: Updating window title bar state: overlay mode, drag disabled, window buttons hidden, title bar hidden
[2026.09.24-06.01.07:451][678]LogAudioMixer: FMixerPlatformXAudio2::StopAudioStream() called
[2026.09.24-06.01.07:452][678]LogAudioMixer: FMixerPlatformXAudio2::StopAudioStream() called
[2026.09.24-06.01.07:461][678]LogUObjectHash: Compacting FUObjectHashTables data took   1.21ms
[2026.09.24-06.01.07:529][680]LogPlayLevel: Display: Destroying online subsystem :Context_23
[2026.09.24-06.01.22:538][403]BlueprintLog: New page: Compilar GameMode2D
[2026.09.24-06.01.22:570][403]LogUObjectHash: Compacting FUObjectHashTables data took   1.40ms
[2026.09.24-06.01.23:172][436]Cmd: OBJ SAVEPACKAGE PACKAGE="/Game/Blueprints/GameMode2D" FILE="../../../../../../Users/larse/OneDrive/Documentos/Unreal Projects/Terraformer/Content/Blueprints/GameMode2D.uasset" SILENT=true
[2026.09.24-06.01.23:181][436]LogSavePackage: Moving '../../../../../../Users/larse/OneDrive/Documentos/Unreal Projects/Terraformer/Saved/GameMode2D3CA374F748F05A892C22468AD55291A5.tmp' to '../../../../../../Users/larse/OneDrive/Documentos/Unreal Projects/Terraformer/Content/Blueprints/GameMode2D.uasset'
[2026.09.24-06.01.23:201][436]AssetCheck: New page: Asset Save: GameMode2D
[2026.09.24-06.01.23:201][436]LogContentValidation: Display: Validating Blueprint /Game/Blueprints/GameMode2D.GameMode2D
[2026.09.24-06.01.25:796][588]LogTemp: Repeating last play command: Selected Viewport
[2026.09.24-06.01.25:806][588]LogPlayLevel: PlayLevel: No blueprints needed recompiling
[2026.09.24-06.01.25:806][588]PIE: New page: Sesión PIE (reproducción en el editor): Mapa01 (23 sep. 2026 19:01:25)
[2026.09.24-06.01.25:806][588]LogPlayLevel: Creating play world package: /Game/Niveles/UEDPIE_0_Mapa01
[2026.09.24-06.01.25:810][588]LogPlayLevel: PIE: StaticDuplicateObject took: (0.002662s)
[2026.09.24-06.01.25:810][588]LogAIModule: Creating AISystem for world Mapa01
[2026.09.24-06.01.25:810][588]LogPlayLevel: PIE: World Init took: (0.000737s)
[2026.09.24-06.01.25:810][588]LogPlayLevel: PIE: Created PIE world by copying editor world from /Game/Niveles/Mapa01.Mapa01 to /Game/Niveles/UEDPIE_0_Mapa01.Mapa01 (0.003514s)
[2026.09.24-06.01.25:826][588]LogUObjectHash: Compacting FUObjectHashTables data took   1.41ms
[2026.09.24-06.01.25:827][588]LogAudio: Display: Creating Audio Device:                 Id: 13, Scope: Unique, Realtime: True
[2026.09.24-06.01.25:827][588]LogAudioMixer: Display: Audio Mixer Platform Settings:
[2026.09.24-06.01.25:827][588]LogAudioMixer: Display: 	Sample Rate:						  48000
[2026.09.24-06.01.25:827][588]LogAudioMixer: Display: 	Callback Buffer Frame Size Requested: 1024
[2026.09.24-06.01.25:827][588]LogAudioMixer: Display: 	Callback Buffer Frame Size To Use:	  1024
[2026.09.24-06.01.25:827][588]LogAudioMixer: Display: 	Number of buffers to queue:			  2
[2026.09.24-06.01.25:827][588]LogAudioMixer: Display: 	Max Channels (voices):				  32
[2026.09.24-06.01.25:827][588]LogAudioMixer: Display: 	Number of Async Source Workers:		  0
[2026.09.24-06.01.25:827][588]LogAudio: Display: AudioDevice MaxSources: 32
[2026.09.24-06.01.25:828][588]LogAudio: Display: Audio Spatialization Plugin: None (built-in).
[2026.09.24-06.01.25:828][588]LogAudio: Display: Audio Reverb Plugin: None (built-in).
[2026.09.24-06.01.25:828][588]LogAudio: Display: Audio Occlusion Plugin: None (built-in).
[2026.09.24-06.01.25:828][588]LogAudioMixer: Display: Initializing audio mixer.
[2026.09.24-06.01.25:831][588]LogAudioMixer: Display: 0: FrontLeft
[2026.09.24-06.01.25:831][588]LogAudioMixer: Display: 1: FrontRight
[2026.09.24-06.01.25:900][588]LogAudioMixer: Display: Using Audio Device Altavoces (Realtek(R) Audio)
[2026.09.24-06.01.25:900][588]LogAudioMixer: Display: Initializing Sound Submixes...
[2026.09.24-06.01.25:900][588]LogAudioMixer: Display: Creating Master Submix 'MasterSubmixDefault'
[2026.09.24-06.01.25:900][588]LogAudioMixer: Display: Creating Master Submix 'MasterReverbSubmixDefault'
[2026.09.24-06.01.25:901][588]LogAudioMixer: Display: Creating Master Submix 'MasterEQSubmixDefault'
[2026.09.24-06.01.25:901][588]LogAudioMixer: FMixerPlatformXAudio2::StartAudioStream() called
[2026.09.24-06.01.25:901][588]LogAudioMixer: Display: Output buffers initialized: Frames=1024, Channels=2, Samples=2048
[2026.09.24-06.01.25:902][588]LogAudioMixer: Display: Starting AudioMixerPlatformInterface::RunInternal()
[2026.09.24-06.01.25:903][588]LogAudioMixer: Display: FMixerPlatformXAudio2::SubmitBuffer() called for the first time
[2026.09.24-06.01.25:903][588]LogInit: FAudioDevice initialized.
[2026.09.24-06.01.25:903][588]LogAudio: Display: Audio Device (ID: 13) registered with world 'Mapa01'.
[2026.09.24-06.01.25:912][588]LogLoad: Game class is 'GameMode2D_C'
[2026.09.24-06.01.25:915][588]LogWorld: Bringing World /Game/Niveles/UEDPIE_0_Mapa01.Mapa01 up for play (max tick rate 60) at 2026.09.24-00.01.25
[2026.09.24-06.01.25:915][588]LogWorld: Bringing up level for play took: 0.001869
[2026.09.24-06.01.25:915][588]LogOnline: OSS: Creating online subsystem instance for: :Context_24
[2026.09.24-06.01.25:919][588]PIE: El servidor ha iniciado la sesión
[2026.09.24-06.01.25:919][588]PIE: Play in editor total start time 0.116 seconds.
[2026.09.24-06.02.08:512][140]LogSlate: Updating window title bar state: overlay mode, drag disabled, window buttons hidden, title bar hidden
[2026.09.24-06.02.08:512][140]LogWorld: BeginTearingDown for /Game/Niveles/UEDPIE_0_Mapa01
[2026.09.24-06.02.08:512][140]LogWorld: UWorld::CleanupWorld for Mapa01, bSessionEnded=true, bCleanupResources=true
[2026.09.24-06.02.08:512][140]LogSlate: InvalidateAllWidgets triggered.  All widgets were invalidated
[2026.09.24-06.02.08:522][140]LogPlayLevel: Display: Shutting down PIE online subsystems
[2026.09.24-06.02.08:528][140]LogSlate: InvalidateAllWidgets triggered.  All widgets were invalidated
[2026.09.24-06.02.08:541][140]LogAudio: Display: Audio Device unregistered from world 'None'.
[2026.09.24-06.02.08:541][140]LogAudioMixer: FMixerPlatformXAudio2::StopAudioStream() called
[2026.09.24-06.02.08:542][140]LogAudioMixer: FMixerPlatformXAudio2::StopAudioStream() called
[2026.09.24-06.02.08:549][140]LogSlate: Updating window title bar state: overlay mode, drag disabled, window buttons hidden, title bar hidden
[2026.09.24-06.02.08:551][140]LogUObjectHash: Compacting FUObjectHashTables data took   1.31ms
[2026.09.24-06.02.08:576][141]LogPlayLevel: Display: Destroying online subsystem :Context_24
[2026.09.24-06.02.09:851][213]LogUObjectHash: Compacting FUObjectHashTables data took   1.11ms
[2026.09.24-06.02.09:862][213]LogSavePackage: Moving '../../../../../../Users/larse/OneDrive/Documentos/Unreal Projects/Terraformer/Saved/Mapa01A208E76243687346FBB752875A8FFD87.tmp' to '../../../../../../Users/larse/OneDrive/Documentos/Unreal Projects/Terraformer/Content/Niveles/Mapa01.umap'
[2026.09.24-06.02.09:886][213]AssetCheck: New page: Asset Save: Mapa01
[2026.09.24-06.02.09:886][213]LogContentValidation: Display: Validating World /Game/Niveles/Mapa01.Mapa01
[2026.09.24-06.02.10:430][244]LogUObjectHash: Compacting FUObjectHashTables data took   1.15ms
[2026.09.24-06.02.10:441][244]LogSavePackage: Moving '../../../../../../Users/larse/OneDrive/Documentos/Unreal Projects/Terraformer/Saved/Mapa01EAB865394CD98102A78C7499C6D5868F.tmp' to '../../../../../../Users/larse/OneDrive/Documentos/Unreal Projects/Terraformer/Content/Niveles/Mapa01.umap'
[2026.09.24-06.02.10:462][244]AssetCheck: New page: Asset Save: Mapa01
[2026.09.24-06.02.10:462][244]LogContentValidation: Display: Validating World /Game/Niveles/Mapa01.Mapa01
[2026.09.24-06.02.10:659][254]LogUObjectHash: Compacting FUObjectHashTables data took   0.40ms
[2026.09.24-06.02.10:669][254]LogSavePackage: Moving '../../../../../../Users/larse/OneDrive/Documentos/Unreal Projects/Terraformer/Saved/Mapa019653047C48F4C33266C166B20A687A6A.tmp' to '../../../../../../Users/larse/OneDrive/Documentos/Unreal Projects/Terraformer/Content/Niveles/Mapa01.umap'
[2026.09.24-06.02.10:687][254]AssetCheck: New page: Asset Save: Mapa01
[2026.09.24-06.02.10:687][254]LogContentValidation: Display: Validating World /Game/Niveles/Mapa01.Mapa01
[2026.09.24-06.04.43:690][963]BlueprintLog: New page: Compilar GameMode2D
[2026.09.24-06.04.43:720][963]LogUObjectHash: Compacting FUObjectHashTables data took   1.66ms
[2026.09.24-06.04.44:212][989]Cmd: OBJ SAVEPACKAGE PACKAGE="/Game/Blueprints/GameMode2D" FILE="../../../../../../Users/larse/OneDrive/Documentos/Unreal Projects/Terraformer/Content/Blueprints/GameMode2D.uasset" SILENT=true
[2026.09.24-06.04.44:222][989]LogSavePackage: Moving '../../../../../../Users/larse/OneDrive/Documentos/Unreal Projects/Terraformer/Saved/GameMode2D02DC54294FE24D4CAD33DCBAF98BBE0F.tmp' to '../../../../../../Users/larse/OneDrive/Documentos/Unreal Projects/Terraformer/Content/Blueprints/GameMode2D.uasset'
[2026.09.24-06.04.44:237][989]AssetCheck: New page: Asset Save: GameMode2D
[2026.09.24-06.04.44:237][989]LogContentValidation: Display: Validating Blueprint /Game/Blueprints/GameMode2D.GameMode2D
[2026.09.24-06.04.45:463][ 60]BlueprintLog: New page: Compilar BP_Moneda
[2026.09.24-06.04.45:501][ 60]LogUObjectHash: Compacting FUObjectHashTables data took   1.65ms
[2026.09.24-06.04.46:188][ 96]Cmd: OBJ SAVEPACKAGE PACKAGE="/Game/Blueprints/BP_Moneda" FILE="../../../../../../Users/larse/OneDrive/Documentos/Unreal Projects/Terraformer/Content/Blueprints/BP_Moneda.uasset" SILENT=true
[2026.09.24-06.04.46:199][ 96]LogSavePackage: Moving '../../../../../../Users/larse/OneDrive/Documentos/Unreal Projects/Terraformer/Saved/BP_Moneda9962EBDA4ED29836A8989CAD1A35D04F.tmp' to '../../../../../../Users/larse/OneDrive/Documentos/Unreal Projects/Terraformer/Content/Blueprints/BP_Moneda.uasset'
[2026.09.24-06.04.46:216][ 96]AssetCheck: New page: Asset Save: BP_Moneda
[2026.09.24-06.04.46:216][ 96]LogContentValidation: Display: Validating Blueprint /Game/Blueprints/BP_Moneda.BP_Moneda
[2026.09.24-06.04.47:133][150]LogSlate: Window 'GameMode2D' being destroyed
[2026.09.24-06.04.47:145][150]LogSlate: Window 'GameMode2D' being destroyed
[2026.09.24-06.04.47:154][150]LogWorld: UWorld::CleanupWorld for World_9, bSessionEnded=true, bCleanupResources=true
[2026.09.24-06.04.47:154][150]LogSlate: InvalidateAllWidgets triggered.  All widgets were invalidated
[2026.09.24-06.04.47:385][150]LogActorComponent: UnregisterComponent: (/Engine/Transient.EditorFloorComp) Not registered. Aborting.
[2026.09.24-06.04.47:385][150]LogWorld: UWorld::CleanupWorld for World_11, bSessionEnded=true, bCleanupResources=true
[2026.09.24-06.04.47:385][150]LogSlate: InvalidateAllWidgets triggered.  All widgets were invalidated
[2026.09.24-06.04.48:688][220]LogUObjectHash: Compacting FUObjectHashTables data took   1.58ms
[2026.09.24-06.04.48:703][220]LogSavePackage: Moving '../../../../../../Users/larse/OneDrive/Documentos/Unreal Projects/Terraformer/Saved/Mapa01153C20604A5CCF897E2091A8DBD2EEBD.tmp' to '../../../../../../Users/larse/OneDrive/Documentos/Unreal Projects/Terraformer/Content/Niveles/Mapa01.umap'
[2026.09.24-06.04.48:726][220]AssetCheck: New page: Asset Save: Mapa01
[2026.09.24-06.04.48:726][220]LogContentValidation: Display: Validating World /Game/Niveles/Mapa01.Mapa01
[2026.09.24-06.04.50:920][350]LogUObjectHash: Compacting FUObjectHashTables data took   1.24ms
[2026.09.24-06.04.50:951][350]Cmd: OBJ SAVEPACKAGE PACKAGE="/Game/Free_Mushrooms/Mushroom_Reg" FILE="../../../../../../Users/larse/OneDrive/Documentos/Unreal Projects/Terraformer/Content/Free_Mushrooms/Mushroom_Reg.uasset" SILENT=true
[2026.09.24-06.04.50:961][350]LogSavePackage: Moving '../../../../../../Users/larse/OneDrive/Documentos/Unreal Projects/Terraformer/Saved/Mushroom_Reg5B92859A44F9DDB938C21AAD743970FE.tmp' to '../../../../../../Users/larse/OneDrive/Documentos/Unreal Projects/Terraformer/Content/Free_Mushrooms/Mushroom_Reg.uasset'
[2026.09.24-06.04.50:965][350]LogSavePackage: Moving '../../../../../../Users/larse/OneDrive/Documentos/Unreal Projects/Terraformer/Saved/Mushroom_Spotted8997E07040D57669CD5D91AFE3E1D5BC.tmp' to '../../../../../../Users/larse/OneDrive/Documentos/Unreal Projects/Terraformer/Content/Free_Mushrooms/Mushroom_Spotted.uasset'
[2026.09.24-06.04.50:965][350]Cmd: OBJ SAVEPACKAGE PACKAGE="/Game/Free_Mushrooms/Mush_Poison" FILE="../../../../../../Users/larse/OneDrive/Documentos/Unreal Projects/Terraformer/Content/Free_Mushrooms/Mush_Poison.uasset" SILENT=true
[2026.09.24-06.04.50:967][350]LogSavePackage: Moving '../../../../../../Users/larse/OneDrive/Documentos/Unreal Projects/Terraformer/Saved/Mush_Poison1D14CBD7472952F474342595A6ED7DF9.tmp' to '../../../../../../Users/larse/OneDrive/Documentos/Unreal Projects/Terraformer/Content/Free_Mushrooms/Mush_Poison.uasset'
[2026.09.24-06.04.50:977][350]LogSavePackage: Moving '../../../../../../Users/larse/OneDrive/Documentos/Unreal Projects/Terraformer/Saved/Mushroom_spike_Sprite_0B45AB95E4742A7CBB51DB486E362CDBE.tmp' to '../../../../../../Users/larse/OneDrive/Documentos/Unreal Projects/Terraformer/Content/Free_Mushrooms/Enemigo/Mushroom_spike_Sprite_0.uasset'
[2026.09.24-06.04.50:985][350]LogSavePackage: Moving '../../../../../../Users/larse/OneDrive/Documentos/Unreal Projects/Terraformer/Saved/Mushroom_spike_Sprite_17C566B1D4062B28A8CE0688EF1901171.tmp' to '../../../../../../Users/larse/OneDrive/Documentos/Unreal Projects/Terraformer/Content/Free_Mushrooms/Enemigo/Mushroom_spike_Sprite_1.uasset'
[2026.09.24-06.04.50:993][350]LogSavePackage: Moving '../../../../../../Users/larse/OneDrive/Documentos/Unreal Projects/Terraformer/Saved/Mushroom_spike_Sprite_24BC7572E439C80703AB0CFBAAB4B4D69.tmp' to '../../../../../../Users/larse/OneDrive/Documentos/Unreal Projects/Terraformer/Content/Free_Mushrooms/Enemigo/Mushroom_spike_Sprite_2.uasset'
[2026.09.24-06.04.50:999][350]LogSavePackage: Moving '../../../../../../Users/larse/OneDrive/Documentos/Unreal Projects/Terraformer/Saved/Mushroom_spike_Sprite_309F9A6C5410551C6124EFA9996BFD4E6.tmp' to '../../../../../../Users/larse/OneDrive/Documentos/Unreal Projects/Terraformer/Content/Free_Mushrooms/Enemigo/Mushroom_spike_Sprite_3.uasset'
[2026.09.24-06.04.51:006][350]LogSavePackage: Moving '../../../../../../Users/larse/OneDrive/Documentos/Unreal Projects/Terraformer/Saved/Mushroom_spike_Sprite_45E865AEE47D3CB59ED05D280C182AD62.tmp' to '../../../../../../Users/larse/OneDrive/Documentos/Unreal Projects/Terraformer/Content/Free_Mushrooms/Enemigo/Mushroom_spike_Sprite_4.uasset'
[2026.09.24-06.04.51:012][350]LogSavePackage: Moving '../../../../../../Users/larse/OneDrive/Documentos/Unreal Projects/Terraformer/Saved/Mushroom_spike_Sprite_592E9A5384141238A821A1BAEA42A545E.tmp' to '../../../../../../Users/larse/OneDrive/Documentos/Unreal Projects/Terraformer/Content/Free_Mushrooms/Enemigo/Mushroom_spike_Sprite_5.uasset'
[2026.09.24-06.04.51:019][350]LogSavePackage: Moving '../../../../../../Users/larse/OneDrive/Documentos/Unreal Projects/Terraformer/Saved/Mushroom_spike_Sprite_6F99FDDCF439999E01CCEFAA9DF26879C.tmp' to '../../../../../../Users/larse/OneDrive/Documentos/Unreal Projects/Terraformer/Content/Free_Mushrooms/Enemigo/Mushroom_spike_Sprite_6.uasset'
[2026.09.24-06.04.51:026][350]LogSavePackage: Moving '../../../../../../Users/larse/OneDrive/Documentos/Unreal Projects/Terraformer/Saved/Mushroom_spike_Sprite_77D2E1B4147C325324DFEB0B3C7B1E3D1.tmp' to '../../../../../../Users/larse/OneDrive/Documentos/Unreal Projects/Terraformer/Content/Free_Mushrooms/Enemigo/Mushroom_spike_Sprite_7.uasset'
[2026.09.24-06.04.51:032][350]LogSavePackage: Moving '../../../../../../Users/larse/OneDrive/Documentos/Unreal Projects/Terraformer/Saved/Mushroom_spike_Sprite_8DBF6FD6F46DCE41BFD8BA4A3A05E62AF.tmp' to '../../../../../../Users/larse/OneDrive/Documentos/Unreal Projects/Terraformer/Content/Free_Mushrooms/Enemigo/Mushroom_spike_Sprite_8.uasset'
[2026.09.24-06.04.51:040][350]LogSavePackage: Moving '../../../../../../Users/larse/OneDrive/Documentos/Unreal Projects/Terraformer/Saved/Mushroom_spike_Sprite_9475845E942AD3AFC1CA1D28DCE63D705.tmp' to '../../../../../../Users/larse/OneDrive/Documentos/Unreal Projects/Terraformer/Content/Free_Mushrooms/Enemigo/Mushroom_spike_Sprite_9.uasset'
[2026.09.24-06.04.51:048][350]LogSavePackage: Moving '../../../../../../Users/larse/OneDrive/Documentos/Unreal Projects/Terraformer/Saved/Mushroom_spike_Sprite_10DB237F2547C1080A9E08C6AE33A5863C.tmp' to '../../../../../../Users/larse/OneDrive/Documentos/Unreal Projects/Terraformer/Content/Free_Mushrooms/Enemigo/Mushroom_spike_Sprite_10.uasset'
[2026.09.24-06.04.51:054][350]LogSavePackage: Moving '../../../../../../Users/larse/OneDrive/Documentos/Unreal Projects/Terraformer/Saved/Mushroom_spike_Sprite_11FD1DC2964A9D946D9D7592AD503BFC56.tmp' to '../../../../../../Users/larse/OneDrive/Documentos/Unreal Projects/Terraformer/Content/Free_Mushrooms/Enemigo/Mushroom_spike_Sprite_11.uasset'
[2026.09.24-06.04.51:062][350]LogSavePackage: Moving '../../../../../../Users/larse/OneDrive/Documentos/Unreal Projects/Terraformer/Saved/Mushroom_spike_Sprite_12654C62B344252177271C73951B93FC64.tmp' to '../../../../../../Users/larse/OneDrive/Documentos/Unreal Projects/Terraformer/Content/Free_Mushrooms/Enemigo/Mushroom_spike_Sprite_12.uasset'
[2026.09.24-06.04.51:069][350]LogSavePackage: Moving '../../../../../../Users/larse/OneDrive/Documentos/Unreal Projects/Terraformer/Saved/Mushroom_spike_Sprite_1368C3B7F341105541920D2E8A19601DA5.tmp' to '../../../../../../Users/larse/OneDrive/Documentos/Unreal Projects/Terraformer/Content/Free_Mushrooms/Enemigo/Mushroom_spike_Sprite_13.uasset'
[2026.09.24-06.04.51:077][350]LogSavePackage: Moving '../../../../../../Users/larse/OneDrive/Documentos/Unreal Projects/Terraformer/Saved/Mushroom_spike_Sprite_14195703B7404CF1C187CD4CAB31681690.tmp' to '../../../../../../Users/larse/OneDrive/Documentos/Unreal Projects/Terraformer/Content/Free_Mushrooms/Enemigo/Mushroom_spike_Sprite_14.uasset'
[2026.09.24-06.04.51:084][350]LogSavePackage: Moving '../../../../../../Users/larse/OneDrive/Documentos/Unreal Projects/Terraformer/Saved/Mushroom_spike_Sprite_15C49A09F8459BC2A3151428B81386D892.tmp' to '../../../../../../Users/larse/OneDrive/Documentos/Unreal Projects/Terraformer/Content/Free_Mushrooms/Enemigo/Mushroom_spike_Sprite_15.uasset'
[2026.09.24-06.04.51:092][350]LogSavePackage: Moving '../../../../../../Users/larse/OneDrive/Documentos/Unreal Projects/Terraformer/Saved/Mushroom_spike_Sprite_16FCAADB7D47CF549B6769C095E53DD3DB.tmp' to '../../../../../../Users/larse/OneDrive/Documentos/Unreal Projects/Terraformer/Content/Free_Mushrooms/Enemigo/Mushroom_spike_Sprite_16.uasset'
[2026.09.24-06.04.51:099][350]LogSavePackage: Moving '../../../../../../Users/larse/OneDrive/Documentos/Unreal Projects/Terraformer/Saved/Mushroom_spike_Sprite_17C62ADEF647C2A405E8F222B101F58BE8.tmp' to '../../../../../../Users/larse/OneDrive/Documentos/Unreal Projects/Terraformer/Content/Free_Mushrooms/Enemigo/Mushroom_spike_Sprite_17.uasset'
[2026.09.24-06.04.51:107][350]LogSavePackage: Moving '../../../../../../Users/larse/OneDrive/Documentos/Unreal Projects/Terraformer/Saved/Mushroom_spike_Sprite_184C1CFC44453869E2A34A51830E012D10.tmp' to '../../../../../../Users/larse/OneDrive/Documentos/Unreal Projects/Terraformer/Content/Free_Mushrooms/Enemigo/Mushroom_spike_Sprite_18.uasset'
[2026.09.24-06.04.51:113][350]LogSavePackage: Moving '../../../../../../Users/larse/OneDrive/Documentos/Unreal Projects/Terraformer/Saved/Mushroom_spike_Sprite_19A7F48B9D4EE115C6F2842BAE99AEBA7E.tmp' to '../../../../../../Users/larse/OneDrive/Documentos/Unreal Projects/Terraformer/Content/Free_Mushrooms/Enemigo/Mushroom_spike_Sprite_19.uasset'
[2026.09.24-06.04.51:121][350]LogSavePackage: Moving '../../../../../../Users/larse/OneDrive/Documentos/Unreal Projects/Terraformer/Saved/Mushroom_spike_Sprite_202DE50CCD40DE32638F8B23AF2D13CC20.tmp' to '../../../../../../Users/larse/OneDrive/Documentos/Unreal Projects/Terraformer/Content/Free_Mushrooms/Enemigo/Mushroom_spike_Sprite_20.uasset'
[2026.09.24-06.04.51:128][350]LogSavePackage: Moving '../../../../../../Users/larse/OneDrive/Documentos/Unreal Projects/Terraformer/Saved/Mushroom_spike_Sprite_21CC1B94204D50B19704A69DBEB77AEB6C.tmp' to '../../../../../../Users/larse/OneDrive/Documentos/Unreal Projects/Terraformer/Content/Free_Mushrooms/Enemigo/Mushroom_spike_Sprite_21.uasset'
[2026.09.24-06.04.51:135][350]LogSavePackage: Moving '../../../../../../Users/larse/OneDrive/Documentos/Unreal Projects/Terraformer/Saved/Mushroom_spike_Sprite_22C479016741CC2A9236222C8764E9B4C8.tmp' to '../../../../../../Users/larse/OneDrive/Documentos/Unreal Projects/Terraformer/Content/Free_Mushrooms/Enemigo/Mushroom_spike_Sprite_22.uasset'
[2026.09.24-06.04.51:142][350]LogSavePackage: Moving '../../../../../../Users/larse/OneDrive/Documentos/Unreal Projects/Terraformer/Saved/Mushroom_spike_Sprite_23B1D0D076449FD811506EEFA22E7E930F.tmp' to '../../../../../../Users/larse/OneDrive/Documentos/Unreal Projects/Terraformer/Content/Free_Mushrooms/Enemigo/Mushroom_spike_Sprite_23.uasset'
[2026.09.24-06.04.51:149][350]LogSavePackage: Moving '../../../../../../Users/larse/OneDrive/Documentos/Unreal Projects/Terraformer/Saved/Mushroom_spike_Sprite_2403CDF9074BF033FB834B9FABCEAFD3FB.tmp' to '../../../../../../Users/larse/OneDrive/Documentos/Unreal Projects/Terraformer/Content/Free_Mushrooms/Enemigo/Mushroom_spike_Sprite_24.uasset'
[2026.09.24-06.04.51:164][350]LogSavePackage: Moving '../../../../../../Users/larse/OneDrive/Documentos/Unreal Projects/Terraformer/Saved/Mushroom_spike_Sprite_25C30D2A434CF4EA211648FD8EDE2AFF4A.tmp' to '../../../../../../Users/larse/OneDrive/Documentos/Unreal Projects/Terraformer/Content/Free_Mushrooms/Enemigo/Mushroom_spike_Sprite_25.uasset'
[2026.09.24-06.04.51:169][350]LogSavePackage: Moving '../../../../../../Users/larse/OneDrive/Documentos/Unreal Projects/Terraformer/Saved/Mushroom_spike_Sprite_2653BA883E405175C181509EA9DBB51A9C.tmp' to '../../../../../../Users/larse/OneDrive/Documentos/Unreal Projects/Terraformer/Content/Free_Mushrooms/Enemigo/Mushroom_spike_Sprite_26.uasset'
[2026.09.24-06.04.51:176][350]LogSavePackage: Moving '../../../../../../Users/larse/OneDrive/Documentos/Unreal Projects/Terraformer/Saved/Mushroom_spike_Sprite_27DA5F82A440693312CEF16EA204ED8429.tmp' to '../../../../../../Users/larse/OneDrive/Documentos/Unreal Projects/Terraformer/Content/Free_Mushrooms/Enemigo/Mushroom_spike_Sprite_27.uasset'
[2026.09.24-06.04.51:185][350]LogSavePackage: Moving '../../../../../../Users/larse/OneDrive/Documentos/Unreal Projects/Terraformer/Saved/Mushroom_spike_Sprite_288168E74D41569FA862A2B2A7A50BAF4C.tmp' to '../../../../../../Users/larse/OneDrive/Documentos/Unreal Projects/Terraformer/Content/Free_Mushrooms/Enemigo/Mushroom_spike_Sprite_28.uasset'
[2026.09.24-06.04.51:190][350]LogSavePackage: Moving '../../../../../../Users/larse/OneDrive/Documentos/Unreal Projects/Terraformer/Saved/Mushroom_spike_Sprite_29D4EFC0E640BD33E74AC61EB0AC68EF15.tmp' to '../../../../../../Users/larse/OneDrive/Documentos/Unreal Projects/Terraformer/Content/Free_Mushrooms/Enemigo/Mushroom_spike_Sprite_29.uasset'
[2026.09.24-06.04.51:197][350]LogSavePackage: Moving '../../../../../../Users/larse/OneDrive/Documentos/Unreal Projects/Terraformer/Saved/Mushroom_spike_Sprite_30387004B441A8D0A2640D72A3627422EB.tmp' to '../../../../../../Users/larse/OneDrive/Documentos/Unreal Projects/Terraformer/Content/Free_Mushrooms/Enemigo/Mushroom_spike_Sprite_30.uasset'
[2026.09.24-06.04.51:204][350]LogSavePackage: Moving '../../../../../../Users/larse/OneDrive/Documentos/Unreal Projects/Terraformer/Saved/Mushroom_spike_Sprite_315FEA0359448302354529BA8F4DC8EAFF.tmp' to '../../../../../../Users/larse/OneDrive/Documentos/Unreal Projects/Terraformer/Content/Free_Mushrooms/Enemigo/Mushroom_spike_Sprite_31.uasset'
[2026.09.24-06.04.51:214][350]LogSavePackage: Moving '../../../../../../Users/larse/OneDrive/Documentos/Unreal Projects/Terraformer/Saved/Mushroom_spike_Sprite_3215E26819431A89164F5C1EAFE1BBF7AF.tmp' to '../../../../../../Users/larse/OneDrive/Documentos/Unreal Projects/Terraformer/Content/Free_Mushrooms/Enemigo/Mushroom_spike_Sprite_32.uasset'
[2026.09.24-06.04.51:221][350]LogSavePackage: Moving '../../../../../../Users/larse/OneDrive/Documentos/Unreal Projects/Terraformer/Saved/Mushroom_spike_Sprite_33C221AA0E4FB85B5EE61612B885DA22CD.tmp' to '../../../../../../Users/larse/OneDrive/Documentos/Unreal Projects/Terraformer/Content/Free_Mushrooms/Enemigo/Mushroom_spike_Sprite_33.uasset'
[2026.09.24-06.04.51:229][350]LogSavePackage: Moving '../../../../../../Users/larse/OneDrive/Documentos/Unreal Projects/Terraformer/Saved/Mushroom_spike_Sprite_343D73403C44035441CD9B5EB264212CBC.tmp' to '../../../../../../Users/larse/OneDrive/Documentos/Unreal Projects/Terraformer/Content/Free_Mushrooms/Enemigo/Mushroom_spike_Sprite_34.uasset'
[2026.09.24-06.04.51:237][350]LogSavePackage: Moving '../../../../../../Users/larse/OneDrive/Documentos/Unreal Projects/Terraformer/Saved/Mushroom_spike_Sprite_3593C7028D4A534A516D9087ADD6326BE7.tmp' to '../../../../../../Users/larse/OneDrive/Documentos/Unreal Projects/Terraformer/Content/Free_Mushrooms/Enemigo/Mushroom_spike_Sprite_35.uasset'
[2026.09.24-06.04.51:244][350]LogSavePackage: Moving '../../../../../../Users/larse/OneDrive/Documentos/Unreal Projects/Terraformer/Saved/Mushroom_spike_Sprite_36E1DB587E4F415C2DFF087784AF94478D.tmp' to '../../../../../../Users/larse/OneDrive/Documentos/Unreal Projects/Terraformer/Content/Free_Mushrooms/Enemigo/Mushroom_spike_Sprite_36.uasset'
[2026.09.24-06.04.51:251][350]LogSavePackage: Moving '../../../../../../Users/larse/OneDrive/Documentos/Unreal Projects/Terraformer/Saved/Mushroom_spike_Sprite_37C23F87B44D662DC269BEF98C7267946A.tmp' to '../../../../../../Users/larse/OneDrive/Documentos/Unreal Projects/Terraformer/Content/Free_Mushrooms/Enemigo/Mushroom_spike_Sprite_37.uasset'
[2026.09.24-06.04.51:260][350]LogSavePackage: Moving '../../../../../../Users/larse/OneDrive/Documentos/Unreal Projects/Terraformer/Saved/Mushroom_spike_Sprite_380F8904C3457FC54C0A13B19ED3FB6DB6.tmp' to '../../../../../../Users/larse/OneDrive/Documentos/Unreal Projects/Terraformer/Content/Free_Mushrooms/Enemigo/Mushroom_spike_Sprite_38.uasset'
[2026.09.24-06.04.51:267][350]LogSavePackage: Moving '../../../../../../Users/larse/OneDrive/Documentos/Unreal Projects/Terraformer/Saved/Mushroom_spike_Sprite_39C2EEC042471EF41AC90278903F8D74D0.tmp' to '../../../../../../Users/larse/OneDrive/Documentos/Unreal Projects/Terraformer/Content/Free_Mushrooms/Enemigo/Mushroom_spike_Sprite_39.uasset'
[2026.09.24-06.04.51:275][350]LogSavePackage: Moving '../../../../../../Users/larse/OneDrive/Documentos/Unreal Projects/Terraformer/Saved/Mushroom_spike_Sprite_40BE7B5E9A495E90A36FCA3F9CD0FD2AE7.tmp' to '../../../../../../Users/larse/OneDrive/Documentos/Unreal Projects/Terraformer/Content/Free_Mushrooms/Enemigo/Mushroom_spike_Sprite_40.uasset'
[2026.09.24-06.04.51:283][350]LogSavePackage: Moving '../../../../../../Users/larse/OneDrive/Documentos/Unreal Projects/Terraformer/Saved/Mushroom_spike_Sprite_41BA30D24F413FECD013BF76B159B22FE7.tmp' to '../../../../../../Users/larse/OneDrive/Documentos/Unreal Projects/Terraformer/Content/Free_Mushrooms/Enemigo/Mushroom_spike_Sprite_41.uasset'
[2026.09.24-06.04.51:290][350]LogSavePackage: Moving '../../../../../../Users/larse/OneDrive/Documentos/Unreal Projects/Terraformer/Saved/Mushroom_spike_Sprite_42D0A7FDE2432A0D7133E54CB6F4AEEF4D.tmp' to '../../../../../../Users/larse/OneDrive/Documentos/Unreal Projects/Terraformer/Content/Free_Mushrooms/Enemigo/Mushroom_spike_Sprite_42.uasset'
[2026.09.24-06.04.51:299][350]LogSavePackage: Moving '../../../../../../Users/larse/OneDrive/Documentos/Unreal Projects/Terraformer/Saved/Mushroom_spike_Sprite_43A55BB2E84D781DDCE1EB1F8C2D411A17.tmp' to '../../../../../../Users/larse/OneDrive/Documentos/Unreal Projects/Terraformer/Content/Free_Mushrooms/Enemigo/Mushroom_spike_Sprite_43.uasset'
[2026.09.24-06.04.51:305][350]LogSavePackage: Moving '../../../../../../Users/larse/OneDrive/Documentos/Unreal Projects/Terraformer/Saved/Mushroom_spike_Sprite_44D80FADB9414A53AFA00737A6C66A79CD.tmp' to '../../../../../../Users/larse/OneDrive/Documentos/Unreal Projects/Terraformer/Content/Free_Mushrooms/Enemigo/Mushroom_spike_Sprite_44.uasset'
[2026.09.24-06.04.51:312][350]LogSavePackage: Moving '../../../../../../Users/larse/OneDrive/Documentos/Unreal Projects/Terraformer/Saved/Mushroom_spike_Sprite_45D1468B024B8B9F889CD1C5A6DA80F44F.tmp' to '../../../../../../Users/larse/OneDrive/Documentos/Unreal Projects/Terraformer/Content/Free_Mushrooms/Enemigo/Mushroom_spike_Sprite_45.uasset'
[2026.09.24-06.04.51:318][350]LogSavePackage: Moving '../../../../../../Users/larse/OneDrive/Documentos/Unreal Projects/Terraformer/Saved/Mushroom_spike_Sprite_4674297380412D3D669B0F599B0A9C49D1.tmp' to '../../../../../../Users/larse/OneDrive/Documentos/Unreal Projects/Terraformer/Content/Free_Mushrooms/Enemigo/Mushroom_spike_Sprite_46.uasset'
[2026.09.24-06.04.51:325][350]LogSavePackage: Moving '../../../../../../Users/larse/OneDrive/Documentos/Unreal Projects/Terraformer/Saved/Mushroom_spike_Sprite_474B2A82554475F5B2EFC20FB629C3DB63.tmp' to '../../../../../../Users/larse/OneDrive/Documentos/Unreal Projects/Terraformer/Content/Free_Mushrooms/Enemigo/Mushroom_spike_Sprite_47.uasset'
[2026.09.24-06.04.51:332][350]LogSavePackage: Moving '../../../../../../Users/larse/OneDrive/Documentos/Unreal Projects/Terraformer/Saved/Mushroom_spike_Sprite_4893E20BC94D3B87233ECF009E683339DB.tmp' to '../../../../../../Users/larse/OneDrive/Documentos/Unreal Projects/Terraformer/Content/Free_Mushrooms/Enemigo/Mushroom_spike_Sprite_48.uasset'
[2026.09.24-06.04.51:607][350]LogSavePackage: Moving '../../../../../../Users/larse/OneDrive/Documentos/Unreal Projects/Terraformer/Saved/vecteezy_game-coin-pixelated_5492775036947E718613537A7BDA9C8A944.tmp' to '../../../../../../Users/larse/OneDrive/Documentos/Unreal Projects/Terraformer/Content/Elements/vecteezy_game-coin-pixelated_54978935.uasset'
[2026.09.24-06.04.51:615][350]LogSavePackage: Moving '../../../../../../Users/larse/OneDrive/Documentos/Unreal Projects/Terraformer/Saved/vecteezy_game-coin-pixelated_5491FC223A44F9937C87812938D45335D37.tmp' to '../../../../../../Users/larse/OneDrive/Documentos/Unreal Projects/Terraformer/Content/Elements/vecteezy_game-coin-pixelated_54978935_Sprite.uasset'
[2026.09.24-06.04.51:657][350]AssetCheck: New page: Asset Save: multiple assets
[2026.09.24-06.04.51:657][350]LogContentValidation: Display: Validating Texture2D /Game/Free_Mushrooms/Mush_Poison.Mush_Poison
[2026.09.24-06.04.51:657][350]LogContentValidation: Display: Validating Texture2D /Game/Free_Mushrooms/Mushroom_Spotted.Mushroom_Spotted
[2026.09.24-06.04.51:657][350]LogContentValidation: Display: Validating Texture2D /Game/Free_Mushrooms/Mushroom_Reg.Mushroom_Reg
[2026.09.24-06.04.51:658][350]LogContentValidation: Display: Validating PaperSprite /Game/Elements/vecteezy_game-coin-pixelated_54978935_Sprite.vecteezy_game-coin-pixelated_54978935_Sprite
[2026.09.24-06.04.51:658][350]LogContentValidation: Display: Validating Texture2D /Game/Elements/vecteezy_game-coin-pixelated_54978935.vecteezy_game-coin-pixelated_54978935
[2026.09.24-06.04.51:658][350]LogContentValidation: Display: Validating PaperSprite /Game/Free_Mushrooms/Enemigo/Mushroom_spike_Sprite_48.Mushroom_spike_Sprite_48
[2026.09.24-06.04.51:658][350]LogContentValidation: Display: Validating PaperSprite /Game/Free_Mushrooms/Enemigo/Mushroom_spike_Sprite_47.Mushroom_spike_Sprite_47
[2026.09.24-06.04.51:658][350]LogContentValidation: Display: Validating PaperSprite /Game/Free_Mushrooms/Enemigo/Mushroom_spike_Sprite_46.Mushroom_spike_Sprite_46
[2026.09.24-06.04.51:658][350]LogContentValidation: Display: Validating PaperSprite /Game/Free_Mushrooms/Enemigo/Mushroom_spike_Sprite_45.Mushroom_spike_Sprite_45
[2026.09.24-06.04.51:658][350]LogContentValidation: Display: Validating PaperSprite /Game/Free_Mushrooms/Enemigo/Mushroom_spike_Sprite_44.Mushroom_spike_Sprite_44
[2026.09.24-06.04.51:658][350]LogContentValidation: Display: Validating PaperSprite /Game/Free_Mushrooms/Enemigo/Mushroom_spike_Sprite_43.Mushroom_spike_Sprite_43
[2026.09.24-06.04.51:658][350]LogContentValidation: Display: Validating PaperSprite /Game/Free_Mushrooms/Enemigo/Mushroom_spike_Sprite_42.Mushroom_spike_Sprite_42
[2026.09.24-06.04.51:658][350]LogContentValidation: Display: Validating PaperSprite /Game/Free_Mushrooms/Enemigo/Mushroom_spike_Sprite_41.Mushroom_spike_Sprite_41
[2026.09.24-06.04.51:658][350]LogContentValidation: Display: Validating PaperSprite /Game/Free_Mushrooms/Enemigo/Mushroom_spike_Sprite_40.Mushroom_spike_Sprite_40
[2026.09.24-06.04.51:658][350]LogContentValidation: Display: Validating PaperSprite /Game/Free_Mushrooms/Enemigo/Mushroom_spike_Sprite_39.Mushroom_spike_Sprite_39
[2026.09.24-06.04.51:658][350]LogContentValidation: Display: Validating PaperSprite /Game/Free_Mushrooms/Enemigo/Mushroom_spike_Sprite_38.Mushroom_spike_Sprite_38
[2026.09.24-06.04.51:658][350]LogContentValidation: Display: Validating PaperSprite /Game/Free_Mushrooms/Enemigo/Mushroom_spike_Sprite_37.Mushroom_spike_Sprite_37
[2026.09.24-06.04.51:658][350]LogContentValidation: Display: Validating PaperSprite /Game/Free_Mushrooms/Enemigo/Mushroom_spike_Sprite_36.Mushroom_spike_Sprite_36
[2026.09.24-06.04.51:658][350]LogContentValidation: Display: Validating PaperSprite /Game/Free_Mushrooms/Enemigo/Mushroom_spike_Sprite_35.Mushroom_spike_Sprite_35
[2026.09.24-06.04.51:658][350]LogContentValidation: Display: Validating PaperSprite /Game/Free_Mushrooms/Enemigo/Mushroom_spike_Sprite_34.Mushroom_spike_Sprite_34
[2026.09.24-06.04.51:658][350]LogContentValidation: Display: Validating PaperSprite /Game/Free_Mushrooms/Enemigo/Mushroom_spike_Sprite_33.Mushroom_spike_Sprite_33
[2026.09.24-06.04.51:658][350]LogContentValidation: Display: Validating PaperSprite /Game/Free_Mushrooms/Enemigo/Mushroom_spike_Sprite_32.Mushroom_spike_Sprite_32
[2026.09.24-06.04.51:658][350]LogContentValidation: Display: Validating PaperSprite /Game/Free_Mushrooms/Enemigo/Mushroom_spike_Sprite_31.Mushroom_spike_Sprite_31
[2026.09.24-06.04.51:658][350]LogContentValidation: Display: Validating PaperSprite /Game/Free_Mushrooms/Enemigo/Mushroom_spike_Sprite_30.Mushroom_spike_Sprite_30
[2026.09.24-06.04.51:658][350]LogContentValidation: Display: Validating PaperSprite /Game/Free_Mushrooms/Enemigo/Mushroom_spike_Sprite_29.Mushroom_spike_Sprite_29
[2026.09.24-06.04.51:658][350]LogContentValidation: Display: Validating PaperSprite /Game/Free_Mushrooms/Enemigo/Mushroom_spike_Sprite_28.Mushroom_spike_Sprite_28
[2026.09.24-06.04.51:658][350]LogContentValidation: Display: Validating PaperSprite /Game/Free_Mushrooms/Enemigo/Mushroom_spike_Sprite_27.Mushroom_spike_Sprite_27
[2026.09.24-06.04.51:658][350]LogContentValidation: Display: Validating PaperSprite /Game/Free_Mushrooms/Enemigo/Mushroom_spike_Sprite_26.Mushroom_spike_Sprite_26
[2026.09.24-06.04.51:658][350]LogContentValidation: Display: Validating PaperSprite /Game/Free_Mushrooms/Enemigo/Mushroom_spike_Sprite_25.Mushroom_spike_Sprite_25
[2026.09.24-06.04.51:658][350]LogContentValidation: Display: Validating PaperSprite /Game/Free_Mushrooms/Enemigo/Mushroom_spike_Sprite_24.Mushroom_spike_Sprite_24
[2026.09.24-06.04.51:658][350]LogContentValidation: Display: Validating PaperSprite /Game/Free_Mushrooms/Enemigo/Mushroom_spike_Sprite_23.Mushroom_spike_Sprite_23
[2026.09.24-06.04.51:658][350]LogContentValidation: Display: Validating PaperSprite /Game/Free_Mushrooms/Enemigo/Mushroom_spike_Sprite_22.Mushroom_spike_Sprite_22
[2026.09.24-06.04.51:658][350]LogContentValidation: Display: Validating PaperSprite /Game/Free_Mushrooms/Enemigo/Mushroom_spike_Sprite_21.Mushroom_spike_Sprite_21
[2026.09.24-06.04.51:658][350]LogContentValidation: Display: Validating PaperSprite /Game/Free_Mushrooms/Enemigo/Mushroom_spike_Sprite_20.Mushroom_spike_Sprite_20
[2026.09.24-06.04.51:658][350]LogContentValidation: Display: Validating PaperSprite /Game/Free_Mushrooms/Enemigo/Mushroom_spike_Sprite_19.Mushroom_spike_Sprite_19
[2026.09.24-06.04.51:658][350]LogContentValidation: Display: Validating PaperSprite /Game/Free_Mushrooms/Enemigo/Mushroom_spike_Sprite_18.Mushroom_spike_Sprite_18
[2026.09.24-06.04.51:658][350]LogContentValidation: Display: Validating PaperSprite /Game/Free_Mushrooms/Enemigo/Mushroom_spike_Sprite_17.Mushroom_spike_Sprite_17
[2026.09.24-06.04.51:658][350]LogContentValidation: Display: Validating PaperSprite /Game/Free_Mushrooms/Enemigo/Mushroom_spike_Sprite_16.Mushroom_spike_Sprite_16
[2026.09.24-06.04.51:658][350]LogContentValidation: Display: Validating PaperSprite /Game/Free_Mushrooms/Enemigo/Mushroom_spike_Sprite_15.Mushroom_spike_Sprite_15
[2026.09.24-06.04.51:658][350]LogContentValidation: Display: Validating PaperSprite /Game/Free_Mushrooms/Enemigo/Mushroom_spike_Sprite_14.Mushroom_spike_Sprite_14
[2026.09.24-06.04.51:658][350]LogContentValidation: Display: Validating PaperSprite /Game/Free_Mushrooms/Enemigo/Mushroom_spike_Sprite_13.Mushroom_spike_Sprite_13
[2026.09.24-06.04.51:659][350]LogContentValidation: Display: Validating PaperSprite /Game/Free_Mushrooms/Enemigo/Mushroom_spike_Sprite_12.Mushroom_spike_Sprite_12
[2026.09.24-06.04.51:659][350]LogContentValidation: Display: Validating PaperSprite /Game/Free_Mushrooms/Enemigo/Mushroom_spike_Sprite_11.Mushroom_spike_Sprite_11
[2026.09.24-06.04.51:659][350]LogContentValidation: Display: Validating PaperSprite /Game/Free_Mushrooms/Enemigo/Mushroom_spike_Sprite_10.Mushroom_spike_Sprite_10
[2026.09.24-06.04.51:659][350]LogContentValidation: Display: Validating PaperSprite /Game/Free_Mushrooms/Enemigo/Mushroom_spike_Sprite_9.Mushroom_spike_Sprite_9
[2026.09.24-06.04.51:659][350]LogContentValidation: Display: Validating PaperSprite /Game/Free_Mushrooms/Enemigo/Mushroom_spike_Sprite_8.Mushroom_spike_Sprite_8
[2026.09.24-06.04.51:659][350]LogContentValidation: Display: Validating PaperSprite /Game/Free_Mushrooms/Enemigo/Mushroom_spike_Sprite_7.Mushroom_spike_Sprite_7
[2026.09.24-06.04.51:659][350]LogContentValidation: Display: Validating PaperSprite /Game/Free_Mushrooms/Enemigo/Mushroom_spike_Sprite_6.Mushroom_spike_Sprite_6
[2026.09.24-06.04.51:659][350]LogContentValidation: Display: Validating PaperSprite /Game/Free_Mushrooms/Enemigo/Mushroom_spike_Sprite_5.Mushroom_spike_Sprite_5
[2026.09.24-06.04.51:659][350]LogContentValidation: Display: Validating PaperSprite /Game/Free_Mushrooms/Enemigo/Mushroom_spike_Sprite_4.Mushroom_spike_Sprite_4
[2026.09.24-06.04.51:659][350]LogContentValidation: Display: Validating PaperSprite /Game/Free_Mushrooms/Enemigo/Mushroom_spike_Sprite_3.Mushroom_spike_Sprite_3
[2026.09.24-06.04.51:659][350]LogContentValidation: Display: Validating PaperSprite /Game/Free_Mushrooms/Enemigo/Mushroom_spike_Sprite_2.Mushroom_spike_Sprite_2
[2026.09.24-06.04.51:659][350]LogContentValidation: Display: Validating PaperSprite /Game/Free_Mushrooms/Enemigo/Mushroom_spike_Sprite_1.Mushroom_spike_Sprite_1
[2026.09.24-06.04.51:659][350]LogContentValidation: Display: Validating PaperSprite /Game/Free_Mushrooms/Enemigo/Mushroom_spike_Sprite_0.Mushroom_spike_Sprite_0
[2026.09.24-06.04.57:258][681]LogUObjectHash: Compacting FUObjectHashTables data took   0.90ms
[2026.09.24-06.04.58:503][754]LogUObjectHash: Compacting FUObjectHashTables data took   2.10ms
[2026.09.24-06.04.58:517][754]LogSlate: Window 'Terraformer - Unreal Editor' being destroyed
[2026.09.24-06.04.58:891][755]Cmd: QUIT_EDITOR
[2026.09.24-06.04.58:892][755]LogCore: Engine exit requested (reason: UUnrealEdEngine::CloseEditor())
[2026.09.24-06.04.58:908][755]LogCore: Engine exit requested (reason: EngineExit() was called; note: exit was already requested)
[2026.09.24-06.04.59:813][755]LogAudio: Display: Beginning Audio Device Manager Shutdown (Module: AudioMixerXAudio2)...
[2026.09.24-06.04.59:813][755]LogAudio: Display: Destroying 1 Remaining Audio Device(s)...
[2026.09.24-06.04.59:813][755]LogAudio: Display: Audio Device unregistered from world 'Mapa01'.
[2026.09.24-06.04.59:813][755]LogAudioMixer: FMixerPlatformXAudio2::StopAudioStream() called
[2026.09.24-06.04.59:822][755]LogAudioMixer: FMixerPlatformXAudio2::StopAudioStream() called
[2026.09.24-06.04.59:868][755]LogAudio: Display: Audio Device Manager Shutdown
[2026.09.24-06.04.59:870][755]LogWindowsTextInputMethodSystem: Display: IME system deactivated.
[2026.09.24-06.04.59:906][755]LogExit: Preparing to exit.
[2026.09.24-06.04.59:968][755]LogUObjectHash: Compacting FUObjectHashTables data took   2.96ms
[2026.09.24-06.05.01:115][755]LogWorld: UWorld::CleanupWorld for World_1, bSessionEnded=true, bCleanupResources=true
[2026.09.24-06.05.01:476][755]LogDemo: Cleaned up 0 splitscreen connections with owner deletion
[2026.09.24-06.05.01:518][755]LogWorld: UWorld::CleanupWorld for None, bSessionEnded=true, bCleanupResources=true
[2026.09.24-06.05.01:520][755]LogExit: Editor shut down
[2026.09.24-06.05.01:526][755]LogExit: Transaction tracking system shut down
[2026.09.24-06.05.02:930][755]LogExit: Object subsystem successfully closed.
[2026.09.24-06.05.03:018][755]LogShaderCompilers: Display: === FShaderJobCache stats ===
[2026.09.24-06.05.03:018][755]LogShaderCompilers: Display: Total job queries 0, among them cache hits 0 (0.00%)
[2026.09.24-06.05.03:019][755]LogShaderCompilers: Display: Tracking 0 distinct input hashes that result in 0 distinct outputs (0.00%)
[2026.09.24-06.05.03:019][755]LogShaderCompilers: Display: RAM used: 0.00 MB (0.00 GB) of 819.20 MB (0.80 GB) budget. Usage: 0.00%
[2026.09.24-06.05.03:019][755]LogShaderCompilers: Display: ================================================
[2026.09.24-06.05.03:079][755]LogShaderCompilers: Display: Shaders left to compile 0
[2026.09.24-06.05.03:454][755]LogModuleManager: Shutting down and abandoning module BlueprintGraph (878)
[2026.09.24-06.05.03:455][755]LogModuleManager: Shutting down and abandoning module TextureEditor (876)
[2026.09.24-06.05.03:457][755]LogModuleManager: Shutting down and abandoning module MovieSceneCapture (874)
[2026.09.24-06.05.03:457][755]LogModuleManager: Shutting down and abandoning module Voice (872)
[2026.09.24-06.05.03:457][755]LogModuleManager: Shutting down and abandoning module HierarchicalLODOutliner (870)
[2026.09.24-06.05.03:457][755]LogModuleManager: Shutting down and abandoning module SceneOutliner (868)
[2026.09.24-06.05.03:457][755]LogModuleManager: Shutting down and abandoning module AddContentDialog (866)
[2026.09.24-06.05.03:487][755]LogModuleManager: Shutting down and abandoning module WidgetCarousel (865)
[2026.09.24-06.05.03:487][755]LogModuleManager: Shutting down and abandoning module EditorWidgets (862)
[2026.09.24-06.05.03:487][755]LogModuleManager: Shutting down and abandoning module StatsViewer (860)
[2026.09.24-06.05.03:488][755]LogModuleManager: Shutting down and abandoning module PIEPreviewDeviceProfileSelector (858)
[2026.09.24-06.05.03:489][755]LogModuleManager: Shutting down and abandoning module SequenceRecorderSections (856)
[2026.09.24-06.05.03:489][755]LogModuleManager: Shutting down and abandoning module AutomationWorker (854)
[2026.09.24-06.05.03:490][755]LogModuleManager: Shutting down and abandoning module SteamVREditor (852)
[2026.09.24-06.05.03:490][755]LogModuleManager: Shutting down and abandoning module OculusMR (850)
[2026.09.24-06.05.03:490][755]LogModuleManager: Shutting down and abandoning module TakeRecorderSources (848)
[2026.09.24-06.05.03:494][755]LogModuleManager: Shutting down and abandoning module TakeRecorder (847)
[2026.09.24-06.05.03:496][755]LogModuleManager: Shutting down and abandoning module TakeTrackRecorders (844)
[2026.09.24-06.05.03:497][755]LogModuleManager: Shutting down and abandoning module TakesCore (842)
[2026.09.24-06.05.03:497][755]LogModuleManager: Shutting down and abandoning module OpenXRInput (840)
[2026.09.24-06.05.03:498][755]LogModuleManager: Shutting down and abandoning module GooglePADEditor (838)
[2026.09.24-06.05.03:498][755]LogModuleManager: Shutting down and abandoning module AudioCaptureEditor (836)
[2026.09.24-06.05.03:498][755]LogModuleManager: Shutting down and abandoning module TemplateSequenceEditor (834)
[2026.09.24-06.05.03:501][755]LogModuleManager: Shutting down and abandoning module MatineeToLevelSequence (832)
[2026.09.24-06.05.03:502][755]LogModuleManager: Shutting down and abandoning module LevelSequenceEditor (830)
[2026.09.24-06.05.03:504][755]LogModuleManager: Shutting down and abandoning module ActorSequenceEditor (828)
[2026.09.24-06.05.03:505][755]LogModuleManager: Shutting down and abandoning module PlanarCut (826)
[2026.09.24-06.05.03:506][755]LogModuleManager: Shutting down and abandoning module CharacterAI (824)
[2026.09.24-06.05.03:506][755]LogModuleManager: Shutting down and abandoning module MagicLeapMediaCodecFactory (822)
[2026.09.24-06.05.03:506][755]LogModuleManager: Shutting down and abandoning module MagicLeapMediaFactory (820)
[2026.09.24-06.05.03:506][755]LogModuleManager: Shutting down and abandoning module MagicLeapMediaEditor (818)
[2026.09.24-06.05.03:506][755]LogModuleManager: Shutting down and abandoning module WebMMediaFactory (816)
[2026.09.24-06.05.03:506][755]LogModuleManager: Shutting down and abandoning module WebMMediaEditor (814)
[2026.09.24-06.05.03:506][755]LogModuleManager: Shutting down and abandoning module WebMMedia (812)
[2026.09.24-06.05.03:506][755]LogModuleManager: Shutting down and abandoning module WmfMediaFactory (810)
[2026.09.24-06.05.03:506][755]LogModuleManager: Shutting down and abandoning module WmfMediaEditor (808)
[2026.09.24-06.05.03:506][755]LogModuleManager: Shutting down and abandoning module MediaPlayerEditor (806)
[2026.09.24-06.05.03:507][755]LogModuleManager: Shutting down and abandoning module MediaCompositingEditor (804)
[2026.09.24-06.05.03:508][755]LogModuleManager: Shutting down and abandoning module SequenceRecorder (803)
[2026.09.24-06.05.03:509][755]LogModuleManager: Shutting down and abandoning module OpenExrWrapper (800)
[2026.09.24-06.05.03:509][755]LogModuleManager: Shutting down and abandoning module ImgMediaFactory (798)
[2026.09.24-06.05.03:509][755]LogModuleManager: Shutting down and abandoning module ImgMediaEditor (796)
[2026.09.24-06.05.03:509][755]LogModuleManager: Shutting down and abandoning module AvfMediaFactory (794)
[2026.09.24-06.05.03:509][755]LogModuleManager: Shutting down and abandoning module AvfMediaEditor (792)
[2026.09.24-06.05.03:509][755]LogModuleManager: Shutting down and abandoning module AndroidMediaFactory (790)
[2026.09.24-06.05.03:509][755]LogModuleManager: Shutting down and abandoning module AndroidMediaEditor (788)
[2026.09.24-06.05.03:509][755]LogModuleManager: Shutting down and abandoning module TextureAlignMode (786)
[2026.09.24-06.05.03:509][755]LogModuleManager: Shutting down and abandoning module BspMode (784)
[2026.09.24-06.05.03:510][755]LogModuleManager: Shutting down and abandoning module GeometryMode (782)
[2026.09.24-06.05.03:510][755]LogModuleManager: Shutting down and abandoning module CameraShakePreviewer (780)
[2026.09.24-06.05.03:511][755]LogModuleManager: Shutting down and abandoning module SmartSnapping (778)
[2026.09.24-06.05.03:511][755]LogModuleManager: Shutting down and abandoning module SessionServices (776)
[2026.09.24-06.05.03:511][755]LogModuleManager: Shutting down and abandoning module MeshPaint (774)
[2026.09.24-06.05.03:512][755]LogModuleManager: Shutting down and abandoning module VirtualTexturingEditor (772)
[2026.09.24-06.05.03:512][755]LogModuleManager: Shutting down and abandoning module FoliageEdit (770)
[2026.09.24-06.05.03:513][755]LogModuleManager: Shutting down and abandoning module LandscapeEditor (768)
[2026.09.24-06.05.03:516][755]LogModuleManager: Shutting down and abandoning module MeshPaintMode (766)
[2026.09.24-06.05.03:517][755]LogModuleManager: Shutting down and abandoning module SceneDepthPickerMode (764)
[2026.09.24-06.05.03:517][755]LogModuleManager: Shutting down and abandoning module ActorPickerMode (762)
[2026.09.24-06.05.03:517][755]LogModuleManager: Shutting down and abandoning module PlacementMode (760)
[2026.09.24-06.05.03:517][755]LogModuleManager: Shutting down and abandoning module ViewportSnapping (758)
[2026.09.24-06.05.03:517][755]LogModuleManager: Shutting down and abandoning module ViewportInteraction (756)
[2026.09.24-06.05.03:517][755]LogModuleManager: Shutting down and abandoning module ClothPainter (754)
[2026.09.24-06.05.03:518][755]LogModuleManager: Shutting down and abandoning module SkeletalMeshEditor (753)
[2026.09.24-06.05.03:519][755]LogModuleManager: Shutting down and abandoning module LogVisualizer (750)
[2026.09.24-06.05.03:521][755]LogModuleManager: Shutting down and abandoning module IntroTutorials (748)
[2026.09.24-06.05.03:525][755]LogModuleManager: Shutting down and abandoning module GameProjectGeneration (747)
[2026.09.24-06.05.03:525][755]LogModuleManager: Shutting down and abandoning module LuminPlatformEditor (744)
[2026.09.24-06.05.03:525][755]LogModuleManager: Shutting down and abandoning module IOSPlatformEditor (742)
[2026.09.24-06.05.03:526][755]LogModuleManager: Shutting down and abandoning module AndroidPlatformEditor (740)
[2026.09.24-06.05.03:526][755]LogModuleManager: Shutting down and abandoning module AndroidDeviceDetection (739)
[2026.09.24-06.05.05:035][755]LogModuleManager: Shutting down and abandoning module WindowsPlatformEditor (736)
[2026.09.24-06.05.05:035][755]LogModuleManager: Shutting down and abandoning module LuminRuntimeSettings (734)
[2026.09.24-06.05.05:035][755]LogModuleManager: Shutting down and abandoning module IOSRuntimeSettings (732)
[2026.09.24-06.05.05:035][755]LogModuleManager: Shutting down and abandoning module AndroidRuntimeSettings (730)
[2026.09.24-06.05.05:035][755]LogModuleManager: Shutting down and abandoning module TraceInsights (728)
[2026.09.24-06.05.05:039][755]MemoryProfiler: Shutdown
[2026.09.24-06.05.05:039][755]NetworkingProfiler: Shutdown
[2026.09.24-06.05.05:039][755]LoadingProfiler: Shutdown
[2026.09.24-06.05.05:040][755]TimingProfiler: Shutdown
[2026.09.24-06.05.05:042][755]LogModuleManager: Shutting down and abandoning module TraceServices (727)
[2026.09.24-06.05.05:043][755]LogModuleManager: Shutting down and abandoning module EditorInteractiveToolsFramework (724)
[2026.09.24-06.05.05:043][755]LogModuleManager: Shutting down and abandoning module TimeManagementEditor (722)
[2026.09.24-06.05.05:043][755]LogModuleManager: Shutting down and abandoning module InputBindingEditor (720)
[2026.09.24-06.05.05:044][755]LogModuleManager: Shutting down and abandoning module MergeActors (718)
[2026.09.24-06.05.05:044][755]LogModuleManager: Shutting down and abandoning module LocalizationDashboard (716)
[2026.09.24-06.05.05:045][755]LogModuleManager: Shutting down and abandoning module LocalizationService (715)
[2026.09.24-06.05.05:046][755]LogModuleManager: Shutting down and abandoning module HardwareTargeting (712)
[2026.09.24-06.05.05:046][755]LogModuleManager: Shutting down and abandoning module DeviceProfileEditor (710)
[2026.09.24-06.05.05:047][755]LogModuleManager: Shutting down and abandoning module UndoHistory (708)
[2026.09.24-06.05.05:048][755]LogModuleManager: Shutting down and abandoning module XmlParser (706)
[2026.09.24-06.05.05:048][755]LogModuleManager: Shutting down and abandoning module Blutility (704)
[2026.09.24-06.05.05:048][755]LogModuleManager: Shutting down and abandoning module ProjectSettingsViewer (702)
[2026.09.24-06.05.05:049][755]LogModuleManager: Shutting down and abandoning module ProjectTargetPlatformEditor (701)
[2026.09.24-06.05.05:053][755]LogModuleManager: Shutting down and abandoning module EditorSettingsViewer (698)
[2026.09.24-06.05.05:054][755]LogModuleManager: Shutting down and abandoning module InternationalizationSettings (697)
[2026.09.24-06.05.05:054][755]LogModuleManager: Shutting down and abandoning module SettingsEditor (694)
[2026.09.24-06.05.05:055][755]LogModuleManager: Shutting down and abandoning module ProjectLauncher (692)
[2026.09.24-06.05.05:056][755]LogModuleManager: Shutting down and abandoning module SessionFrontend (690)
[2026.09.24-06.05.05:056][755]LogModuleManager: Shutting down and abandoning module ProfilerClient (688)
[2026.09.24-06.05.05:057][755]LogModuleManager: Shutting down and abandoning module DeviceManager (686)
[2026.09.24-06.05.05:058][755]LogModuleManager: Shutting down and abandoning module TargetDeviceServices (685)
[2026.09.24-06.05.05:093][755]LogModuleManager: Shutting down and abandoning module AutomationController (682)
[2026.09.24-06.05.05:094][755]LogModuleManager: Shutting down and abandoning module AutomationWindow (680)
[2026.09.24-06.05.05:094][755]LogModuleManager: Shutting down and abandoning module Layers (678)
[2026.09.24-06.05.05:097][755]LogModuleManager: Shutting down and abandoning module ComponentVisualizers (676)
[2026.09.24-06.05.05:097][755]LogModuleManager: Shutting down and abandoning module DetailCustomizations (674)
[2026.09.24-06.05.05:097][755]LogModuleManager: Shutting down and abandoning module PackagesDialog (672)
[2026.09.24-06.05.05:097][755]LogModuleManager: Shutting down and abandoning module AnimationBlueprintEditor (670)
[2026.09.24-06.05.05:098][755]LogModuleManager: Shutting down and abandoning module Persona (668)
[2026.09.24-06.05.05:100][755]LogModuleManager: Shutting down and abandoning module AdvancedPreviewScene (667)
[2026.09.24-06.05.05:100][755]LogModuleManager: Shutting down and abandoning module AnimGraph (665)
[2026.09.24-06.05.05:100][755]LogModuleManager: Shutting down and abandoning module Kismet (662)
[2026.09.24-06.05.05:158][755]LogModuleManager: Shutting down and abandoning module KismetWidgets (661)
[2026.09.24-06.05.05:158][755]LogModuleManager: Shutting down and abandoning module GraphEditor (658)
[2026.09.24-06.05.05:159][755]LogModuleManager: Shutting down and abandoning module StructViewer (656)
[2026.09.24-06.05.05:160][755]LogModuleManager: Shutting down and abandoning module ClassViewer (654)
[2026.09.24-06.05.05:164][755]LogModuleManager: Shutting down and abandoning module Toolbox (652)
[2026.09.24-06.05.05:165][755]LogModuleManager: Shutting down and abandoning module ModuleUI (650)
[2026.09.24-06.05.05:165][755]LogModuleManager: Shutting down and abandoning module OutputLog (648)
[2026.09.24-06.05.05:173][755]LogModuleManager: Shutting down and abandoning module GammaUI (646)
[2026.09.24-06.05.05:173][755]LogModuleManager: Shutting down and abandoning module Documentation (644)
[2026.09.24-06.05.05:189][755]LogModuleManager: Shutting down and abandoning module LiveCoding (642)
[2026.09.24-06.05.05:190][755]LogModuleManager: Shutting down and abandoning module LevelSequence (640)
[2026.09.24-06.05.05:191][755]LogModuleManager: Shutting down and abandoning module MovieSceneTracks (638)
[2026.09.24-06.05.05:191][755]LogModuleManager: Shutting down and abandoning module MovieScene (636)
[2026.09.24-06.05.05:193][755]LogModuleManager: Shutting down and abandoning module StreamingPauseRendering (634)
[2026.09.24-06.05.05:193][755]LogModuleManager: Shutting down and abandoning module LauncherPlatform (632)
[2026.09.24-06.05.05:193][755]LogModuleManager: Shutting down and abandoning module AnalyticsET (630)
[2026.09.24-06.05.05:193][755]LogModuleManager: Shutting down and abandoning module PortalServices (628)
[2026.09.24-06.05.05:194][755]LogModuleManager: Shutting down and abandoning module PortalRpc (626)
[2026.09.24-06.05.05:194][755]LogModuleManager: Shutting down and abandoning module MessagingRpc (624)
[2026.09.24-06.05.05:194][755]LogModuleManager: Shutting down and abandoning module AudioMixerXAudio2 (622)
[2026.09.24-06.05.05:194][755]LogModuleManager: Shutting down and abandoning module AudioMixerCore (621)
[2026.09.24-06.05.05:194][755]LogModuleManager: Shutting down and abandoning module AIModule (618)
[2026.09.24-06.05.05:194][755]LogModuleManager: Shutting down and abandoning module GameplayDebugger (617)
[2026.09.24-06.05.05:194][755]LogModuleManager: Shutting down and abandoning module AITestSuite (615)
[2026.09.24-06.05.05:195][755]LogModuleManager: Shutting down and abandoning module NavigationSystem (613)
[2026.09.24-06.05.05:195][755]LogModuleManager: Shutting down and abandoning module ImageWriteQueue (610)
[2026.09.24-06.05.05:210][755]LogModuleManager: Shutting down and abandoning module ProfilerService (608)
[2026.09.24-06.05.05:299][755]LogModuleManager: Shutting down and abandoning module TaskGraph (606)
[2026.09.24-06.05.05:300][755]LogModuleManager: Shutting down and abandoning module AudioSynesthesiaEditor (604)
[2026.09.24-06.05.05:300][755]LogModuleManager: Shutting down and abandoning module OculusEditor (602)
[2026.09.24-06.05.05:306][755]LogModuleManager: Shutting down and abandoning module OculusInput (600)
[2026.09.24-06.05.05:306][755]LogModuleManager: Shutting down and abandoning module ContentBrowserAssetDataSource (598)
[2026.09.24-06.05.05:306][755]LogModuleManager: Shutting down and abandoning module ContentBrowserFileDataSource (596)
[2026.09.24-06.05.05:306][755]LogModuleManager: Shutting down and abandoning module ContentBrowserClassDataSource (594)
[2026.09.24-06.05.05:306][755]LogModuleManager: Shutting down and abandoning module CollectionManager (593)
[2026.09.24-06.05.05:309][755]LogModuleManager: Shutting down and abandoning module SynthesisEditor (590)
[2026.09.24-06.05.05:309][755]LogModuleManager: Shutting down and abandoning module Synthesis (588)
[2026.09.24-06.05.05:310][755]LogModuleManager: Shutting down and abandoning module ProceduralMeshComponentEditor (586)
[2026.09.24-06.05.05:310][755]LogModuleManager: Shutting down and abandoning module ProceduralMeshComponent (584)
[2026.09.24-06.05.05:310][755]LogModuleManager: Shutting down and abandoning module TakeSequencer (582)
[2026.09.24-06.05.05:310][755]LogModuleManager: Shutting down and abandoning module TakeMovieScene (580)
[2026.09.24-06.05.05:310][755]LogModuleManager: Shutting down and abandoning module OpenXREditor (578)
[2026.09.24-06.05.05:311][755]LogModuleManager: Shutting down and abandoning module MobilePatchingUtils (576)
[2026.09.24-06.05.05:311][755]LogModuleManager: Shutting down and abandoning module GooglePAD (574)
[2026.09.24-06.05.05:311][755]LogModuleManager: Shutting down and abandoning module ScreenshotTools (572)
[2026.09.24-06.05.05:311][755]LogModuleManager: Shutting down and abandoning module EditableMesh (570)
[2026.09.24-06.05.05:311][755]LogModuleManager: Shutting down and abandoning module CustomMeshComponent (568)
[2026.09.24-06.05.05:311][755]LogModuleManager: Shutting down and abandoning module CableComponent (566)
[2026.09.24-06.05.05:311][755]LogModuleManager: Shutting down and abandoning module AudioCapture (564)
[2026.09.24-06.05.05:311][755]LogModuleManager: Shutting down and abandoning module AudioCaptureRtAudio (563)
[2026.09.24-06.05.05:312][755]LogModuleManager: Shutting down and abandoning module ArchVisCharacter (560)
[2026.09.24-06.05.05:312][755]LogModuleManager: Shutting down and abandoning module AssetTags (558)
[2026.09.24-06.05.05:312][755]LogModuleManager: Shutting down and abandoning module AndroidPermission (556)
[2026.09.24-06.05.05:312][755]LogModuleManager: Shutting down and abandoning module AppleImageUtilsBlueprintSupport (554)
[2026.09.24-06.05.05:312][755]LogModuleManager: Shutting down and abandoning module AppleImageUtils (552)
[2026.09.24-06.05.05:312][755]LogModuleManager: Shutting down and abandoning module ActorLayerUtilitiesEditor (550)
[2026.09.24-06.05.05:313][755]LogModuleManager: Shutting down and abandoning module ActorLayerUtilities (548)
[2026.09.24-06.05.05:313][755]LogModuleManager: Shutting down and abandoning module TemplateSequence (546)
[2026.09.24-06.05.05:313][755]LogModuleManager: Shutting down and abandoning module OpenImageDenoise (544)
[2026.09.24-06.05.05:313][755]LogOpenImageDenoise: OIDN shutting down
[2026.09.24-06.05.05:313][755]LogModuleManager: Shutting down and abandoning module MotoSynthEditor (542)
[2026.09.24-06.05.05:313][755]LogModuleManager: Shutting down and abandoning module MotoSynth (540)
[2026.09.24-06.05.05:313][755]LogModuleManager: Shutting down and abandoning module MeshConversion (538)
[2026.09.24-06.05.05:314][755]LogModuleManager: Shutting down and abandoning module DynamicMesh (536)
[2026.09.24-06.05.05:314][755]LogModuleManager: Shutting down and abandoning module GeometryAlgorithms (534)
[2026.09.24-06.05.05:315][755]LogModuleManager: Shutting down and abandoning module GeometricObjects (532)
[2026.09.24-06.05.05:316][755]LogModuleManager: Shutting down and abandoning module GeometryCollectionTracks (530)
[2026.09.24-06.05.05:316][755]LogModuleManager: Shutting down and abandoning module GeometryCollectionSequencer (529)
[2026.09.24-06.05.05:316][755]LogModuleManager: Shutting down and abandoning module GeometryCollectionEditor (526)
[2026.09.24-06.05.05:316][755]LogModuleManager: Shutting down and abandoning module GeometryCacheTracks (524)
[2026.09.24-06.05.05:316][755]LogModuleManager: Shutting down and abandoning module GeometryCacheStreamer (522)
[2026.09.24-06.05.05:316][755]LogModuleManager: Shutting down and abandoning module GeometryCacheSequencer (520)
[2026.09.24-06.05.05:316][755]LogModuleManager: Shutting down and abandoning module FractureEditor (518)
[2026.09.24-06.05.05:317][755]LogModuleManager: Shutting down and abandoning module ChaosSolverEditor (516)
[2026.09.24-06.05.05:317][755]LogModuleManager: Shutting down and abandoning module ChaosNiagara (514)
[2026.09.24-06.05.05:317][755]LogModuleManager: Shutting down and abandoning module FieldSystemEngine (513)
[2026.09.24-06.05.05:317][755]LogModuleManager: Shutting down and abandoning module ChaosClothEditor (510)
[2026.09.24-06.05.05:317][755]LogModuleManager: Shutting down and abandoning module AutomationUtilsEditor (508)
[2026.09.24-06.05.05:317][755]LogModuleManager: Shutting down and abandoning module AutomationUtils (506)
[2026.09.24-06.05.05:317][755]LogModuleManager: Shutting down and abandoning module BackChannel (504)
[2026.09.24-06.05.05:317][755]LogModuleManager: Shutting down and abandoning module AlembicImporter (502)
[2026.09.24-06.05.05:317][755]LogModuleManager: Shutting down and abandoning module AlembicLibrary (501)
[2026.09.24-06.05.05:318][755]LogModuleManager: Shutting down and abandoning module GeometryCache (500)
[2026.09.24-06.05.05:318][755]LogModuleManager: Shutting down and abandoning module GeometryCacheEd (499)
[2026.09.24-06.05.05:318][755]LogModuleManager: Shutting down and abandoning module MagicLeapSharedWorld (494)
[2026.09.24-06.05.05:318][755]LogModuleManager: Shutting down and abandoning module MagicLeapLightEstimation (492)
[2026.09.24-06.05.05:318][755]LogModuleManager: Shutting down and abandoning module MagicLeapHelperVulkan (490)
[2026.09.24-06.05.05:319][755]LogModuleManager: Shutting down and abandoning module MagicLeapHelperOpenGL (488)
[2026.09.24-06.05.05:319][755]LogModuleManager: Shutting down and abandoning module MagicLeapAudio (486)
[2026.09.24-06.05.05:319][755]LogModuleManager: Shutting down and abandoning module MediaCompositing (484)
[2026.09.24-06.05.05:319][755]LogModuleManager: Shutting down and abandoning module ImgMedia (482)
[2026.09.24-06.05.05:319][755]LogModuleManager: Shutting down and abandoning module NiagaraEditorWidgets (480)
[2026.09.24-06.05.05:322][755]LogModuleManager: Shutting down and abandoning module PluginBrowser (478)
[2026.09.24-06.05.05:323][755]LogModuleManager: Shutting down and abandoning module OodleNetworkHandlerComponent (476)
[2026.09.24-06.05.05:323][755]LogModuleManager: Shutting down and abandoning module SpeedTreeImporter (474)
[2026.09.24-06.05.05:323][755]LogModuleManager: Shutting down and abandoning module MaterialAnalyzer (472)
[2026.09.24-06.05.05:324][755]LogModuleManager: Shutting down and abandoning module MobileLauncherProfileWizard (470)
[2026.09.24-06.05.05:325][755]LogModuleManager: Shutting down and abandoning module CryptoKeysOpenSSL (468)
[2026.09.24-06.05.05:325][755]LogModuleManager: Shutting down and abandoning module CryptoKeys (466)
[2026.09.24-06.05.05:325][755]LogModuleManager: Shutting down and abandoning module CurveEditorTools (464)
[2026.09.24-06.05.05:326][755]LogModuleManager: Shutting down and abandoning module VariantManagerContentEditor (462)
[2026.09.24-06.05.05:327][755]LogModuleManager: Shutting down and abandoning module DatasmithContentEditor (460)
[2026.09.24-06.05.05:327][755]LogModuleManager: Shutting down and abandoning module VisualStudioCodeSourceCodeAccess (458)
[2026.09.24-06.05.05:327][755]LogModuleManager: Shutting down and abandoning module VisualStudioSourceCodeAccess (456)
[2026.09.24-06.05.05:328][755]LogModuleManager: Shutting down and abandoning module UObjectPlugin (454)
[2026.09.24-06.05.05:328][755]LogModuleManager: Shutting down and abandoning module SubversionSourceControl (452)
[2026.09.24-06.05.05:329][755]LogModuleManager: Shutting down and abandoning module RiderSourceCodeAccess (450)
[2026.09.24-06.05.05:329][755]LogModuleManager: Shutting down and abandoning module PluginUtils (448)
[2026.09.24-06.05.05:330][755]LogModuleManager: Shutting down and abandoning module PlasticSourceControl (446)
[2026.09.24-06.05.05:331][755]LogModuleManager: Shutting down and abandoning module PerforceSourceControl (444)
[2026.09.24-06.05.05:332][755]LogModuleManager: Shutting down and abandoning module GitSourceControl (442)
[2026.09.24-06.05.05:334][755]LogModuleManager: Shutting down and abandoning module SourceControl (441)
[2026.09.24-06.05.05:335][755]LogModuleManager: Shutting down and abandoning module CLionSourceCodeAccess (438)
[2026.09.24-06.05.05:335][755]LogModuleManager: Shutting down and abandoning module AnimationSharingEd (436)
[2026.09.24-06.05.05:335][755]LogModuleManager: Shutting down and abandoning module LightPropagationVolumeEditor (434)
[2026.09.24-06.05.05:335][755]LogModuleManager: Shutting down and abandoning module LiveLinkSequencer (432)
[2026.09.24-06.05.05:335][755]LogModuleManager: Shutting down and abandoning module LiveLinkMovieScene (430)
[2026.09.24-06.05.05:335][755]LogModuleManager: Shutting down and abandoning module LiveLinkGraphNode (428)
[2026.09.24-06.05.05:335][755]LogModuleManager: Shutting down and abandoning module LiveLinkEditor (426)
[2026.09.24-06.05.05:336][755]LogModuleManager: Shutting down and abandoning module LiveLinkComponents (424)
[2026.09.24-06.05.05:336][755]LogModuleManager: Shutting down and abandoning module LiveLink (422)
[2026.09.24-06.05.05:990][755]LogModuleManager: Shutting down and abandoning module PaperTiledImporter (420)
[2026.09.24-06.05.05:990][755]LogModuleManager: Shutting down and abandoning module PaperSpriteSheetImporter (418)
[2026.09.24-06.05.05:990][755]LogModuleManager: Shutting down and abandoning module Paper2DEditor (416)
[2026.09.24-06.05.05:991][755]LogModuleManager: Shutting down and abandoning module MeshPaintingToolset (414)
[2026.09.24-06.05.05:992][755]LogModuleManager: Shutting down and abandoning module MeshPaintEditorMode (412)
[2026.09.24-06.05.05:992][755]LogModuleManager: Shutting down and abandoning module SoundFields (410)
[2026.09.24-06.05.05:993][755]LogModuleManager: Shutting down and abandoning module SignificanceManager (408)
[2026.09.24-06.05.05:993][755]LogModuleManager: Shutting down and abandoning module RuntimePhysXCooking (406)
[2026.09.24-06.05.05:993][755]LogModuleManager: Shutting down and abandoning module PropertyAccessEditor (404)
[2026.09.24-06.05.05:993][755]LogModuleManager: Shutting down and abandoning module PhysXVehiclesEditor (402)
[2026.09.24-06.05.05:993][755]LogModuleManager: Shutting down and abandoning module LocationServicesBPLibrary (398)
[2026.09.24-06.05.05:993][755]LogModuleManager: Shutting down and abandoning module AudioSynesthesia (396)
[2026.09.24-06.05.05:993][755]LogModuleManager: Shutting down and abandoning module AudioSynesthesiaCore (394)
[2026.09.24-06.05.05:993][755]LogModuleManager: Shutting down and abandoning module ActorSequence (392)
[2026.09.24-06.05.05:993][755]LogModuleManager: Shutting down and abandoning module PythonScriptPlugin (390)
[2026.09.24-06.05.05:995][755]LogModuleManager: Shutting down and abandoning module UdpMessaging (388)
[2026.09.24-06.05.06:096][755]LogModuleManager: Shutting down and abandoning module TcpMessaging (386)
[2026.09.24-06.05.06:197][755]LogModuleManager: Shutting down and abandoning module MagicLeapARPin (384)
[2026.09.24-06.05.06:197][755]LogModuleManager: Shutting down and abandoning module MagicLeapHandMeshing (382)
[2026.09.24-06.05.06:197][755]LogModuleManager: Shutting down and abandoning module MagicLeapSecureStorage (380)
[2026.09.24-06.05.06:197][755]LogModuleManager: Shutting down and abandoning module MagicLeapPrivileges (378)
[2026.09.24-06.05.06:198][755]LogModuleManager: Shutting down and abandoning module MagicLeapPlanes (376)
[2026.09.24-06.05.06:198][755]LogMagicLeapPlanes: Planes tracker already destroyed.
[2026.09.24-06.05.06:198][755]LogModuleManager: Shutting down and abandoning module MagicLeapImageTracker (374)
[2026.09.24-06.05.06:198][755]LogModuleManager: Shutting down and abandoning module MagicLeapIdentity (372)
[2026.09.24-06.05.06:198][755]LogModuleManager: Shutting down and abandoning module MagicLeapHandTracking (370)
[2026.09.24-06.05.06:199][755]LogModuleManager: Shutting down and abandoning module MagicLeapEyeTracker (368)
[2026.09.24-06.05.06:199][755]LogModuleManager: Shutting down and abandoning module MagicLeapController (366)
[2026.09.24-06.05.06:199][755]LogModuleManager: Shutting down and abandoning module MagicLeapARPinImpl (364)
[2026.09.24-06.05.06:199][755]LogModuleManager: Shutting down and abandoning module MagicLeapAR (362)
[2026.09.24-06.05.06:199][755]LogModuleManager: Shutting down and abandoning module ImgMediaEngine (360)
[2026.09.24-06.05.06:199][755]LogModuleManager: Shutting down and abandoning module NiagaraAnimNotifies (358)
[2026.09.24-06.05.06:199][755]LogModuleManager: Shutting down and abandoning module Niagara (356)
[2026.09.24-06.05.06:201][755]LogModuleManager: Shutting down and abandoning module SignalProcessing (355)
[2026.09.24-06.05.06:201][755]LogModuleManager: Shutting down and abandoning module NiagaraEditor (353)
[2026.09.24-06.05.06:205][755]LogModuleManager: Shutting down and abandoning module NiagaraCore (350)
[2026.09.24-06.05.06:205][755]LogModuleManager: Shutting down and abandoning module FacialAnimationEditor (348)
[2026.09.24-06.05.06:205][755]LogModuleManager: Shutting down and abandoning module FacialAnimation (346)
[2026.09.24-06.05.06:205][755]LogModuleManager: Shutting down and abandoning module GameplayTagsEditor (344)
[2026.09.24-06.05.06:205][755]LogModuleManager: Shutting down and abandoning module DataValidation (342)
[2026.09.24-06.05.06:205][755]LogModuleManager: Shutting down and abandoning module AssetManagerEditor (340)
[2026.09.24-06.05.06:206][755]LogModuleManager: Shutting down and abandoning module LevelEditor (339)
[2026.09.24-06.05.06:215][755]LogModuleManager: Shutting down and abandoning module PixelInspectorModule (338)
[2026.09.24-06.05.06:215][755]LogModuleManager: Shutting down and abandoning module CommonMenuExtensions (336)
[2026.09.24-06.05.06:217][755]LogModuleManager: Shutting down and abandoning module MainFrame (334)
[2026.09.24-06.05.06:217][755]LogModuleManager: Shutting down and abandoning module HotReload (333)
[2026.09.24-06.05.06:219][755]LogModuleManager: Shutting down and abandoning module ToolMenus (329)
[2026.09.24-06.05.06:219][755]LogModuleManager: Shutting down and abandoning module ContentBrowser (327)
[2026.09.24-06.05.06:219][755]LogModuleManager: Shutting down and abandoning module ContentBrowserData (326)
[2026.09.24-06.05.06:219][755]LogModuleManager: Shutting down and abandoning module TreeMap (323)
[2026.09.24-06.05.06:219][755]LogModuleManager: Shutting down and abandoning module PropertyAccessNode (320)
[2026.09.24-06.05.06:219][755]LogModuleManager: Shutting down and abandoning module AnimationSharing (318)
[2026.09.24-06.05.06:219][755]LogModuleManager: Shutting down and abandoning module GameplayCameras (316)
[2026.09.24-06.05.06:219][755]LogModuleManager: Shutting down and abandoning module LightPropagationVolumeRuntime (314)
[2026.09.24-06.05.06:219][755]LogModuleManager: Shutting down and abandoning module EnvironmentQueryEditor (312)
[2026.09.24-06.05.06:220][755]LogModuleManager: Shutting down and abandoning module Paper2D (310)
[2026.09.24-06.05.06:221][755]LogModuleManager: Shutting down and abandoning module WindowsMoviePlayer (308)
[2026.09.24-06.05.06:267][755]LogModuleManager: Shutting down and abandoning module WebMMoviePlayer (306)
[2026.09.24-06.05.06:267][755]LogModuleManager: Shutting down and abandoning module NetworkReplayStreaming (304)
[2026.09.24-06.05.06:267][755]LogModuleManager: Shutting down and abandoning module PacketHandler (302)
[2026.09.24-06.05.06:267][755]LogModuleManager: Shutting down and abandoning module ClothingSystemEditor (300)
[2026.09.24-06.05.06:267][755]LogModuleManager: Shutting down and abandoning module ClothingSystemRuntimeNv (298)
[2026.09.24-06.05.06:269][755]LogModuleManager: Shutting down and abandoning module MediaAssets (296)
[2026.09.24-06.05.06:269][755]LogModuleManager: Shutting down and abandoning module Overlay (294)
[2026.09.24-06.05.06:269][755]LogModuleManager: Shutting down and abandoning module OverlayEditor (293)
[2026.09.24-06.05.06:269][755]LogModuleManager: Shutting down and abandoning module VREditor (290)
[2026.09.24-06.05.06:269][755]LogModuleManager: Shutting down and abandoning module StringTableEditor (288)
[2026.09.24-06.05.06:270][755]LogModuleManager: Shutting down and abandoning module GameplayTasksEditor (286)
[2026.09.24-06.05.06:270][755]LogModuleManager: Shutting down and abandoning module BehaviorTreeEditor (284)
[2026.09.24-06.05.06:270][755]LogModuleManager: Shutting down and abandoning module FunctionalTesting (282)
[2026.09.24-06.05.06:270][755]LogModuleManager: Shutting down and abandoning module CollisionAnalyzer (280)
[2026.09.24-06.05.06:272][755]LogModuleManager: Shutting down and abandoning module WorkspaceMenuStructure (279)
[2026.09.24-06.05.06:273][755]LogModuleManager: Shutting down and abandoning module UMG (276)
[2026.09.24-06.05.06:274][755]LogModuleManager: Shutting down and abandoning module UMGEditor (275)
[2026.09.24-06.05.06:275][755]LogModuleManager: Shutting down and abandoning module MessageLog (273)
[2026.09.24-06.05.06:275][755]LogModuleManager: Shutting down and abandoning module SlateReflector (268)
[2026.09.24-06.05.06:278][755]LogModuleManager: Shutting down and abandoning module Slate (266)
[2026.09.24-06.05.06:278][755]LogModuleManager: Shutting down and abandoning module SlateCore (264)
[2026.09.24-06.05.06:279][755]LogModuleManager: Shutting down and abandoning module LandscapeEditorUtilities (262)
[2026.09.24-06.05.06:279][755]LogModuleManager: Shutting down and abandoning module UnrealEd (260)
[2026.09.24-06.05.06:280][755]LogModuleManager: Shutting down and abandoning module MRMesh (258)
[2026.09.24-06.05.06:280][755]LogModuleManager: Shutting down and abandoning module SourceCodeAccess (256)
[2026.09.24-06.05.06:280][755]LogModuleManager: Shutting down and abandoning module HeadMountedDisplay (254)
[2026.09.24-06.05.06:280][755]LogModuleManager: Shutting down and abandoning module XAudio2 (252)
[2026.09.24-06.05.06:280][755]LogModuleManager: Shutting down and abandoning module Networking (250)
[2026.09.24-06.05.06:280][755]LogModuleManager: Shutting down and abandoning module Core (248)
[2026.09.24-06.05.06:280][755]LogModuleManager: Shutting down and abandoning module MaterialEditor (246)
[2026.09.24-06.05.06:281][755]LogModuleManager: Shutting down and abandoning module MovieSceneTools (244)
[2026.09.24-06.05.06:284][755]LogModuleManager: Shutting down and abandoning module CurveEditor (243)
[2026.09.24-06.05.06:285][755]LogModuleManager: Shutting down and abandoning module Sequencer (241)
[2026.09.24-06.05.06:287][755]LogModuleManager: Shutting down and abandoning module EditorStyle (240)
[2026.09.24-06.05.06:296][755]LogModuleManager: Shutting down and abandoning module KismetCompiler (236)
[2026.09.24-06.05.06:296][755]LogModuleManager: Shutting down and abandoning module MeshBuilder (234)
[2026.09.24-06.05.06:296][755]LogModuleManager: Shutting down and abandoning module MeshUtilities (232)
[2026.09.24-06.05.06:297][755]LogModuleManager: Shutting down and abandoning module MeshMergeUtilities (231)
[2026.09.24-06.05.06:298][755]LogModuleManager: Shutting down and abandoning module MeshReductionInterface (230)
[2026.09.24-06.05.06:298][755]LogModuleManager: Shutting down and abandoning module MeshBoneReduction (229)
[2026.09.24-06.05.06:298][755]LogModuleManager: Shutting down and abandoning module SkeletalMeshReduction (227)
[2026.09.24-06.05.06:298][755]LogModuleManager: Shutting down and abandoning module ProxyLODMeshReduction (225)
[2026.09.24-06.05.06:300][755]LogModuleManager: Shutting down and abandoning module QuadricMeshReduction (223)
[2026.09.24-06.05.06:300][755]LogModuleManager: Shutting down and abandoning module MaterialBaking (219)
[2026.09.24-06.05.06:301][755]LogModuleManager: Shutting down and abandoning module NullInstallBundleManager (214)
[2026.09.24-06.05.06:301][755]LogModuleManager: Shutting down and abandoning module DerivedDataCache (212)
[2026.09.24-06.05.06:303][755]LogModuleManager: Shutting down and abandoning module TargetPlatform (210)
[2026.09.24-06.05.06:303][755]LogModuleManager: Shutting down and abandoning module VulkanShaderFormat (209)
[2026.09.24-06.05.06:307][755]LogModuleManager: Shutting down and abandoning module ShaderFormatVectorVM (207)
[2026.09.24-06.05.06:307][755]LogModuleManager: Shutting down and abandoning module ShaderFormatOpenGL (205)
[2026.09.24-06.05.06:308][755]LogModuleManager: Shutting down and abandoning module ShaderFormatD3D (203)
[2026.09.24-06.05.06:308][755]LogModuleManager: Shutting down and abandoning module MetalShaderFormat (201)
[2026.09.24-06.05.06:309][755]LogModuleManager: Shutting down and abandoning module TextureFormatOodle (199)
[2026.09.24-06.05.06:309][755]LogModuleManager: Shutting down and abandoning module TextureFormatUncompressed (197)
[2026.09.24-06.05.06:309][755]LogModuleManager: Shutting down and abandoning module TextureFormatPVR (195)
[2026.09.24-06.05.06:309][755]LogModuleManager: Shutting down and abandoning module TextureFormatETC2 (193)
[2026.09.24-06.05.06:309][755]LogModuleManager: Shutting down and abandoning module TextureFormatDXT (191)
[2026.09.24-06.05.06:310][755]LogModuleManager: Shutting down and abandoning module TextureFormatIntelISPCTexComp (189)
[2026.09.24-06.05.06:311][755]LogModuleManager: Shutting down and abandoning module TextureFormatASTC (187)
[2026.09.24-06.05.06:311][755]LogModuleManager: Shutting down and abandoning module ImageWrapper (186)
[2026.09.24-06.05.06:312][755]LogModuleManager: Shutting down and abandoning module AudioFormatOpus (183)
[2026.09.24-06.05.06:312][755]LogModuleManager: Shutting down and abandoning module AudioFormatOgg (181)
[2026.09.24-06.05.06:312][755]LogModuleManager: Shutting down and abandoning module AudioFormatADPCM (179)
[2026.09.24-06.05.06:312][755]LogModuleManager: Shutting down and abandoning module WindowsServerTargetPlatform (177)
[2026.09.24-06.05.06:312][755]LogModuleManager: Shutting down and abandoning module WindowsClientTargetPlatform (175)
[2026.09.24-06.05.06:312][755]LogModuleManager: Shutting down and abandoning module WindowsTargetPlatform (173)
[2026.09.24-06.05.06:312][755]LogModuleManager: Shutting down and abandoning module WindowsNoEditorTargetPlatform (171)
[2026.09.24-06.05.06:313][755]LogModuleManager: Shutting down and abandoning module TVOSTargetPlatform (169)
[2026.09.24-06.05.06:336][755]LogModuleManager: Shutting down and abandoning module MacServerTargetPlatform (167)
[2026.09.24-06.05.06:337][755]LogModuleManager: Shutting down and abandoning module MacClientTargetPlatform (165)
[2026.09.24-06.05.06:337][755]LogModuleManager: Shutting down and abandoning module MacTargetPlatform (163)
[2026.09.24-06.05.06:337][755]LogModuleManager: Shutting down and abandoning module MacNoEditorTargetPlatform (161)
[2026.09.24-06.05.06:337][755]LogModuleManager: Shutting down and abandoning module LuminTargetPlatform (159)
[2026.09.24-06.05.06:362][755]LogModuleManager: Shutting down and abandoning module LinuxAArch64ServerTargetPlatform (157)
[2026.09.24-06.05.06:362][755]LogModuleManager: Shutting down and abandoning module LinuxAArch64ClientTargetPlatform (155)
[2026.09.24-06.05.06:362][755]LogModuleManager: Shutting down and abandoning module LinuxAArch64NoEditorTargetPlatform (153)
[2026.09.24-06.05.06:362][755]LogModuleManager: Shutting down and abandoning module LinuxServerTargetPlatform (151)
[2026.09.24-06.05.06:363][755]LogModuleManager: Shutting down and abandoning module LinuxClientTargetPlatform (149)
[2026.09.24-06.05.06:363][755]LogModuleManager: Shutting down and abandoning module LinuxNoEditorTargetPlatform (147)
[2026.09.24-06.05.06:363][755]LogModuleManager: Shutting down and abandoning module LinuxTargetPlatform (145)
[2026.09.24-06.05.06:363][755]LogModuleManager: Shutting down and abandoning module Messaging (143)
[2026.09.24-06.05.06:363][755]LogModuleManager: Shutting down and abandoning module IOSTargetPlatform (141)
[2026.09.24-06.05.06:373][755]LogModuleManager: Shutting down and abandoning module AndroidTargetPlatform (139)
[2026.09.24-06.05.06:403][755]LogModuleManager: Shutting down and abandoning module AllDesktopTargetPlatform (137)
[2026.09.24-06.05.06:403][755]LogModuleManager: Shutting down and abandoning module D3D11RHI (134)
[2026.09.24-06.05.06:404][755]LogModuleManager: Shutting down and abandoning module InputCore (132)
[2026.09.24-06.05.06:404][755]LogModuleManager: Shutting down and abandoning module Settings (130)
[2026.09.24-06.05.06:404][755]LogModuleManager: Shutting down and abandoning module DirectoryWatcher (128)
[2026.09.24-06.05.06:409][755]LogModuleManager: Shutting down and abandoning module PhysXCooking (126)
[2026.09.24-06.05.06:409][755]LogModuleManager: Shutting down and abandoning module Chaos (124)
[2026.09.24-06.05.06:409][755]LogModuleManager: Shutting down and abandoning module WindowsPlatformFeatures (122)
[2026.09.24-06.05.06:409][755]LogModuleManager: Shutting down and abandoning module GameplayMediaEncoder (121)
[2026.09.24-06.05.06:410][755]LogModuleManager: Shutting down and abandoning module AVEncoder (120)
[2026.09.24-06.05.06:410][755]LogModuleManager: Shutting down and abandoning module SteamVRInputDevice (116)
[2026.09.24-06.05.06:411][755]LogModuleManager: Shutting down and abandoning module SteamVRInput (114)
[2026.09.24-06.05.06:411][755]LogModuleManager: Shutting down and abandoning module SteamVR (112)
[2026.09.24-06.05.06:411][755]LogHMD: Freeing OpenVRDLLHandle.
[2026.09.24-06.05.06:411][755]LogModuleManager: Shutting down and abandoning module OculusHMD (110)
[2026.09.24-06.05.06:411][755]LogModuleManager: Shutting down and abandoning module OpenXREyeTracker (108)
[2026.09.24-06.05.06:411][755]LogModuleManager: Shutting down and abandoning module OpenXRHandTracking (106)
[2026.09.24-06.05.06:412][755]LogSlate: Slate User Destroyed.  User Index 0, Is Virtual User: 0
[2026.09.24-06.05.06:413][755]LogModuleManager: Shutting down and abandoning module OpenXRAR (104)
[2026.09.24-06.05.06:413][755]LogModuleManager: Shutting down and abandoning module AugmentedReality (103)
[2026.09.24-06.05.06:413][755]LogModuleManager: Shutting down and abandoning module OpenXRHMD (100)
[2026.09.24-06.05.06:421][755]LogModuleManager: Shutting down and abandoning module ExampleDeviceProfileSelector (98)
[2026.09.24-06.05.06:421][755]LogModuleManager: Shutting down and abandoning module ChunkDownloader (96)
[2026.09.24-06.05.06:421][755]LogModuleManager: Shutting down and abandoning module ChaosCloth (94)
[2026.09.24-06.05.06:422][755]LogModuleManager: Shutting down and abandoning module LauncherChunkInstaller (92)
[2026.09.24-06.05.06:422][755]LogModuleManager: Shutting down and abandoning module OnlineBlueprintSupport (90)
[2026.09.24-06.05.06:422][755]LogModuleManager: Shutting down and abandoning module OnlineSubsystem (86)
[2026.09.24-06.05.06:426][755]LogModuleManager: Shutting down and abandoning module XMPP (81)
[2026.09.24-06.05.06:427][755]LogModuleManager: Shutting down and abandoning module WebSockets (80)
[2026.09.24-06.05.06:435][755]LogModuleManager: Shutting down and abandoning module HTTP (77)
[2026.09.24-06.05.06:436][755]LogHttp: Display: Http module shutting down, but needs to wait on 1 outstanding Http requests:
[2026.09.24-06.05.06:436][755]LogHttp: Display: 	verb=[POST] url=[https://datarouter.ol.epicgames.com/datarouter/api/v1/public/data?SessionID=%7BF7A586F8-4FE6-B90E-F743-A285C171F9BB%7D&AppID=UEEditor.Rocket.Release&AppVersion=4.27.2-18319896%2B%2B%2BUE4%2BRelease-4.27&UserID=087076ab49e7463a672f388b504bd352%7C76d20a4c82cf4939b3dc9b69c35827a3%7C205759ab-a0c1-4306-8389-295da35e3e04&AppEnvironment=datacollector-binary&UploadType=eteventstream] refs=[1] status=Processing
[2026.09.24-06.05.06:436][755]LogHttp: Display: cleaning up 1 outstanding Http requests.
[2026.09.24-06.05.06:445][755]LogModuleManager: Shutting down and abandoning module SSL (76)
[2026.09.24-06.05.06:457][755]LogModuleManager: Shutting down and abandoning module MLSDK (72)
[2026.09.24-06.05.06:457][755]LogModuleManager: Shutting down and abandoning module MagicLeap (70)
[2026.09.24-06.05.06:457][755]LogModuleManager: Shutting down and abandoning module WmfMedia (68)
[2026.09.24-06.05.06:462][755]LogModuleManager: Shutting down and abandoning module Media (67)
[2026.09.24-06.05.06:463][755]LogModuleManager: Shutting down and abandoning module MediaInfo (66)
[2026.09.24-06.05.06:463][755]LogModuleManager: Shutting down and abandoning module ExrReaderGpu (62)
[2026.09.24-06.05.06:463][755]LogModuleManager: Shutting down and abandoning module NiagaraVertexFactories (60)
[2026.09.24-06.05.06:463][755]LogModuleManager: Shutting down and abandoning module NiagaraShader (58)
[2026.09.24-06.05.06:463][755]LogModuleManager: Shutting down and abandoning module VariantManagerContent (56)
[2026.09.24-06.05.06:463][755]LogModuleManager: Shutting down and abandoning module DatasmithContent (54)
[2026.09.24-06.05.06:465][755]LogModuleManager: Shutting down and abandoning module PixWinPlugin (52)
[2026.09.24-06.05.06:465][755]LogModuleManager: Shutting down and abandoning module AISupportModule (50)
[2026.09.24-06.05.06:465][755]LogModuleManager: Shutting down and abandoning module DesktopPlatform (48)
[2026.09.24-06.05.06:466][755]LogModuleManager: Shutting down and abandoning module PlatformCryptoOpenSSL (46)
[2026.09.24-06.05.06:467][755]LogModuleManager: Shutting down and abandoning module PlatformCryptoTypes (44)
[2026.09.24-06.05.06:467][755]LogModuleManager: Shutting down and abandoning module PlatformCrypto (42)
[2026.09.24-06.05.06:467][755]LogModuleManager: Shutting down and abandoning module PythonScriptPluginPreload (40)
[2026.09.24-06.05.06:468][755]LogModuleManager: Shutting down and abandoning module OodleDataCompressionFormat (38)
[2026.09.24-06.05.06:468][755]LogModuleManager: Shutting down and abandoning module XGEController (36)
[2026.09.24-06.05.06:469][755]LogModuleManager: Shutting down and abandoning module AnimationModifiers (34)
[2026.09.24-06.05.06:469][755]LogModuleManager: Shutting down and abandoning module AudioEditor (32)
[2026.09.24-06.05.06:474][755]LogModuleManager: Shutting down and abandoning module PropertyEditor (31)
[2026.09.24-06.05.06:475][755]LogModuleManager: Shutting down and abandoning module TextureCompressor (28)
[2026.09.24-06.05.06:476][755]LogModuleManager: Shutting down and abandoning module RenderCore (26)
[2026.09.24-06.05.06:477][755]LogModuleManager: Shutting down and abandoning module Landscape (24)
[2026.09.24-06.05.06:477][755]LogModuleManager: Shutting down and abandoning module SlateRHIRenderer (22)
[2026.09.24-06.05.06:497][755]LogModuleManager: Shutting down and abandoning module AnimGraphRuntime (20)
[2026.09.24-06.05.06:497][755]LogModuleManager: Shutting down and abandoning module Renderer (18)
[2026.09.24-06.05.06:498][755]LogModuleManager: Shutting down and abandoning module Engine (16)
[2026.09.24-06.05.06:498][755]LogModuleManager: Shutting down and abandoning module CoreUObject (14)
[2026.09.24-06.05.06:498][755]LogModuleManager: Shutting down and abandoning module NetworkFile (12)
[2026.09.24-06.05.06:498][755]LogModuleManager: Shutting down and abandoning module CookedIterativeFile (10)
[2026.09.24-06.05.06:498][755]LogModuleManager: Shutting down and abandoning module StreamingFile (8)
[2026.09.24-06.05.06:499][755]LogModuleManager: Shutting down and abandoning module SandboxFile (6)
[2026.09.24-06.05.06:499][755]LogModuleManager: Shutting down and abandoning module PakFile (4)
[2026.09.24-06.05.06:500][755]LogModuleManager: Shutting down and abandoning module RSA (3)
[2026.09.24-06.05.06:501][755]LogContentStreaming: Display: There are 1 unreleased StreamingManagers
[2026.09.24-06.05.06:568][755]LogD3D11RHI: Shutdown
[2026.09.24-06.05.06:568][755]LogD3D11RHI: CleanupD3DDevice
[2026.09.24-06.05.06:623][755]LogExit: Exiting.
[2026.09.24-06.05.06:648][755]Log file closed, 09/24/26 00:05:06
