Log file open, 09/22/26 20:51:57
LogWindows: Failed to load 'aqProf.dll' (GetLastError=126)
LogWindows: File 'aqProf.dll' does not exist
LogWindows: Failed to load 'VtuneApi.dll' (GetLastError=126)
LogWindows: File 'VtuneApi.dll' does not exist
LogWindows: Failed to load 'VtuneApi32e.dll' (GetLastError=126)
LogWindows: File 'VtuneApi32e.dll' does not exist
LogConsoleResponse: Display: Failed to find resolution value strings in scalability ini. Falling back to default.
LogConsoleResponse: Display: Failed to find resolution value strings in scalability ini. Falling back to default.
LogInit: Display: Running engine for game: Terraformer
LogPlatformFile: Not using cached read wrapper
LogTaskGraph: Started task graph with 5 named threads and 59 total threads with 3 sets of task threads.
LogStats: Stats thread started at 0.266352
LogICUInternationalization: ICU TimeZone Detection - Raw Offset: -6:00, Platform Override: ''
LogInit: Display: Loading text-based GConfig....
LogPluginManager: Mounting plugin MeshPainting
LogPluginManager: Mounting plugin XGEController
LogPluginManager: Mounting plugin Paper2D
LogPluginManager: Mounting plugin LiveLink
LogPluginManager: Mounting plugin LightPropagationVolume
LogPluginManager: Mounting plugin EnvironmentQueryEditor
LogPluginManager: Mounting plugin CameraShakePreviewer
LogPluginManager: Mounting plugin AISupport
LogPluginManager: Mounting plugin GameplayCameras
LogPluginManager: Mounting plugin OodleData
LogPluginManager: Mounting plugin CLionSourceCodeAccess
LogPluginManager: Mounting plugin AnimationSharing
LogPluginManager: Mounting plugin CodeLiteSourceCodeAccess
LogPluginManager: Mounting plugin GitSourceControl
LogPluginManager: Mounting plugin PerforceSourceControl
LogPluginManager: Mounting plugin PlasticSourceControl
LogPluginManager: Mounting plugin PixWinPlugin
LogPluginManager: Mounting plugin KDevelopSourceCodeAccess
LogPluginManager: Mounting plugin PluginUtils
LogPluginManager: Mounting plugin OodleNetwork
LogPluginManager: Mounting plugin SubversionSourceControl
LogPluginManager: Mounting plugin VisualStudioCodeSourceCodeAccess
LogPluginManager: Mounting plugin NullSourceCodeAccess
LogPluginManager: Mounting plugin RiderSourceCodeAccess
LogPluginManager: Mounting plugin UObjectPlugin
LogPluginManager: Mounting plugin VisualStudioSourceCodeAccess
LogPluginManager: Mounting plugin Niagara
LogPluginManager: Mounting plugin AssetManagerEditor
LogPluginManager: Mounting plugin FacialAnimation
LogPluginManager: Mounting plugin CurveEditorTools
LogPluginManager: Mounting plugin TextureFormatOodle
LogPluginManager: Mounting plugin CryptoKeys
LogPluginManager: Mounting plugin GameplayTagsEditor
LogPluginManager: Mounting plugin GeometryMode
LogPluginManager: Mounting plugin PluginBrowser
LogPluginManager: Mounting plugin MobileLauncherProfileWizard
LogPluginManager: Mounting plugin SpeedTreeImporter
LogPluginManager: Mounting plugin MaterialAnalyzer
LogPluginManager: Mounting plugin DataValidation
LogPluginManager: Mounting plugin XCodeSourceCodeAccess
LogPluginManager: Mounting plugin MacGraphicsSwitching
LogPluginManager: Mounting plugin DatasmithContent
LogPluginManager: Mounting plugin AutomationUtils
LogPluginManager: Mounting plugin VariantManagerContent
LogPluginManager: Mounting plugin BackChannel
LogPluginManager: Mounting plugin ChaosClothEditor
LogPluginManager: Mounting plugin AlembicImporter
LogPluginManager: Mounting plugin ChaosEditor
LogPluginManager: Mounting plugin ChaosNiagara
LogPluginManager: Mounting plugin ChaosSolverPlugin
LogPluginManager: Mounting plugin CharacterAI
LogPluginManager: Mounting plugin ChaosCloth
LogPluginManager: Mounting plugin LuminPlatformFeatures
LogPluginManager: Mounting plugin MagicLeapLightEstimation
LogPluginManager: Mounting plugin MagicLeap
LogPluginManager: Mounting plugin GeometryCache
LogPluginManager: Mounting plugin MagicLeapMedia
LogPluginManager: Mounting plugin GeometryCollectionPlugin
LogPluginManager: Mounting plugin GeometryProcessing
LogPluginManager: Mounting plugin MagicLeapPassableWorld
LogPluginManager: Mounting plugin MotoSynth
LogPluginManager: Mounting plugin MLSDK
LogPluginManager: Mounting plugin OpenImageDenoise
LogPluginManager: Mounting plugin PlatformCrypto
LogPluginManager: Mounting plugin PythonScriptPlugin
LogPluginManager: Mounting plugin ProxyLODPlugin
LogPluginManager: Mounting plugin PlanarCut
LogPluginManager: Mounting plugin AndroidMedia
LogPluginManager: Mounting plugin AvfMedia
LogPluginManager: Mounting plugin MediaCompositing
LogPluginManager: Mounting plugin ImgMedia
LogPluginManager: Mounting plugin MediaPlayerEditor
LogPluginManager: Mounting plugin SkeletalReduction
LogPluginManager: Mounting plugin WmfMedia
LogPluginManager: Mounting plugin WebMMedia
LogPluginManager: Mounting plugin TcpMessaging
LogPluginManager: Mounting plugin UdpMessaging
LogPluginManager: Mounting plugin OnlineSubsystem
LogPluginManager: Mounting plugin OnlineSubsystemNull
LogPluginManager: Mounting plugin OnlineSubsystemUtils
LogPluginManager: Mounting plugin ActorSequence
LogPluginManager: Mounting plugin LevelSequenceEditor
LogPluginManager: Mounting plugin MatineeToLevelSequence
LogPluginManager: Mounting plugin TemplateSequence
LogPluginManager: Mounting plugin LauncherChunkInstaller
LogPluginManager: Mounting plugin ScreenshotTools
LogPluginManager: Mounting plugin ActorLayerUtilities
LogPluginManager: Mounting plugin AndroidMoviePlayer
LogPluginManager: Mounting plugin AndroidDeviceProfileSelector
LogPluginManager: Mounting plugin AndroidPermission
LogPluginManager: Mounting plugin AppleMoviePlayer
LogPluginManager: Mounting plugin AppleImageUtils
LogPluginManager: Mounting plugin ArchVisCharacter
LogPluginManager: Mounting plugin AssetTags
LogPluginManager: Mounting plugin AudioCapture
LogPluginManager: Mounting plugin AudioSynesthesia
LogPluginManager: Mounting plugin Takes
LogPluginManager: Mounting plugin CableComponent
LogPluginManager: Mounting plugin ChunkDownloader
LogPluginManager: Mounting plugin CustomMeshComponent
LogPluginManager: Mounting plugin EditableMesh
LogPluginManager: Mounting plugin GoogleCloudMessaging
LogPluginManager: Mounting plugin GooglePAD
LogPluginManager: Mounting plugin IOSDeviceProfileSelector
LogPluginManager: Mounting plugin ExampleDeviceProfileSelector
LogPluginManager: Mounting plugin LinuxDeviceProfileSelector
LogPluginManager: Mounting plugin LocationServicesBPLibrary
LogPluginManager: Mounting plugin MobilePatchingUtils
LogPluginManager: Mounting plugin OpenXR
LogPluginManager: Mounting plugin OpenXREyeTracker
LogPluginManager: Mounting plugin PostSplashScreen
LogPluginManager: Mounting plugin PropertyAccessEditor
LogPluginManager: Mounting plugin SignificanceManager
LogPluginManager: Mounting plugin PhysXVehicles
LogPluginManager: Mounting plugin RuntimePhysXCooking
LogPluginManager: Mounting plugin ProceduralMeshComponent
LogPluginManager: Mounting plugin OpenXRHandTracking
LogPluginManager: Mounting plugin SoundFields
LogPluginManager: Mounting plugin Synthesis
LogPluginManager: Mounting plugin WebMMoviePlayer
LogPluginManager: Mounting plugin WindowsMoviePlayer
LogPluginManager: Mounting plugin PropertyAccessNode
LogPluginManager: Mounting plugin ContentBrowserClassDataSource
LogPluginManager: Mounting plugin ContentBrowserFileDataSource
LogPluginManager: Mounting plugin ContentBrowserAssetDataSource
LogPluginManager: Mounting plugin OnlineSubsystemGooglePlay
LogPluginManager: Mounting plugin OnlineSubsystemIOS
LogPluginManager: Mounting plugin OculusVR
LogPluginManager: Mounting plugin SteamVR
PixWinPlugin: PIX capture plugin failed to initialize! Check that the process is launched from PIX.
LogInit: Using libcurl 7.55.1-DEV
LogInit:  - built for x86_64-pc-win32
LogInit:  - supports SSL with OpenSSL/1.1.1
LogInit:  - supports HTTP deflate (compression) using libz 1.2.8
LogInit:  - other features:
LogInit:      CURL_VERSION_SSL
LogInit:      CURL_VERSION_LIBZ
LogInit:      CURL_VERSION_IPV6
LogInit:      CURL_VERSION_ASYNCHDNS
LogInit:      CURL_VERSION_LARGEFILE
LogInit:      CURL_VERSION_IDN
LogInit:  CurlRequestOptions (configurable via config and command line):
LogInit:  - bVerifyPeer = true  - Libcurl will verify peer certificate
LogInit:  - bUseHttpProxy = false  - Libcurl will NOT use HTTP proxy
LogInit:  - bDontReuseConnections = false  - Libcurl will reuse connections
LogInit:  - MaxHostConnections = 16  - Libcurl will limit the number of connections to a host
LogInit:  - LocalHostAddr = Default
LogInit:  - BufferSize = 65536
LogOnline: OSS: Creating online subsystem instance for: NULL
LogInit: WinSock: version 1.1 (2.2), MaxSocks=32767, MaxUdp=65467
LogOnline: OSS: TryLoadSubsystemAndSetDefault: Loaded subsystem for module [NULL]
LogOculusPluginWrapper: OculusPlugin initialized successfully
LogHMD: Failed initializing OVRPlugin 1.59.0
LogInit: Build: ++UE4+Release-4.27-CL-18319896
LogInit: Engine Version: 4.27.2-18319896+++UE4+Release-4.27
LogInit: Compatible Engine Version: 4.27.0-17155196+++UE4+Release-4.27
LogInit: Net CL: 17155196
LogInit: OS: Windows 10 (Release 2009) (), CPU: 12th Gen Intel(R) Core(TM) i7-12700H, GPU: Intel(R) Iris(R) Xe Graphics
LogInit: Compiled (64-bit): Nov 30 2021 07:12:08
LogInit: Compiled with Visual C++: 19.24.28315.00
LogInit: Build Configuration: Development
LogInit: Branch Name: ++UE4+Release-4.27
LogInit: Command Line: 
LogInit: Base Directory: C:/Program Files/Epic Games/UE_4.27/Engine/Binaries/Win64/
LogInit: Allocator: TBB
LogInit: Installed Engine Build: 1
LogDevObjectVersion: Number of dev versions registered: 29
LogDevObjectVersion:   Dev-Blueprints (B0D832E4-1F89-4F0D-ACCF-7EB736FD4AA2): 10
LogDevObjectVersion:   Dev-Build (E1C64328-A22C-4D53-A36C-8E866417BD8C): 0
LogDevObjectVersion:   Dev-Core (375EC13C-06E4-48FB-B500-84F0262A717E): 4
LogDevObjectVersion:   Dev-Editor (E4B068ED-F494-42E9-A231-DA0B2E46BB41): 40
LogDevObjectVersion:   Dev-Framework (CFFC743F-43B0-4480-9391-14DF171D2073): 37
LogDevObjectVersion:   Dev-Mobile (B02B49B5-BB20-44E9-A304-32B752E40360): 3
LogDevObjectVersion:   Dev-Networking (A4E4105C-59A1-49B5-A7C5-40C4547EDFEE): 0
LogDevObjectVersion:   Dev-Online (39C831C9-5AE6-47DC-9A44-9C173E1C8E7C): 0
LogDevObjectVersion:   Dev-Physics (78F01B33-EBEA-4F98-B9B4-84EACCB95AA2): 14
LogDevObjectVersion:   Dev-Platform (6631380F-2D4D-43E0-8009-CF276956A95A): 0
LogDevObjectVersion:   Dev-Rendering (12F88B9F-8875-4AFC-A67C-D90C383ABD29): 45
LogDevObjectVersion:   Dev-Sequencer (7B5AE74C-D270-4C10-A958-57980B212A5A): 13
LogDevObjectVersion:   Dev-VR (D7296918-1DD6-4BDD-9DE2-64A83CC13884): 3
LogDevObjectVersion:   Dev-LoadTimes (C2A15278-BFE7-4AFE-6C17-90FF531DF755): 1
LogDevObjectVersion:   Private-Geometry (6EACA3D4-40EC-4CC1-B786-8BED09428FC5): 3
LogDevObjectVersion:   Dev-AnimPhys (29E575DD-E0A3-4627-9D10-D276232CDCEA): 17
LogDevObjectVersion:   Dev-Anim (AF43A65D-7FD3-4947-9873-3E8ED9C1BB05): 15
LogDevObjectVersion:   Dev-ReflectionCapture (6B266CEC-1EC7-4B8F-A30B-E4D90942FC07): 1
LogDevObjectVersion:   Dev-Automation (0DF73D61-A23F-47EA-B727-89E90C41499A): 1
LogDevObjectVersion:   FortniteMain (601D1886-AC64-4F84-AA16-D3DE0DEAC7D6): 47
LogDevObjectVersion:   FortniteRelease (E7086368-6B23-4C58-8439-1B7016265E91): 1
LogDevObjectVersion:   Dev-Enterprise (9DFFBCD6-494F-0158-E221-12823C92A888): 10
LogDevObjectVersion:   Dev-Niagara (F2AED0AC-9AFE-416F-8664-AA7FFA26D6FC): 1
LogDevObjectVersion:   Dev-Destruction (174F1F0B-B4C6-45A5-B13F-2EE8D0FB917D): 10
LogDevObjectVersion:   Dev-Physics-Ext (35F94A83-E258-406C-A318-09F59610247C): 41
LogDevObjectVersion:   Dev-PhysicsMaterial-Chaos (B68FC16E-8B1B-42E2-B453-215C058844FE): 1
LogDevObjectVersion:   Dev-CineCamera (B2E18506-4273-CFC2-A54E-F4BB758BBA07): 1
LogDevObjectVersion:   Dev-VirtualProduction (64F58936-FD1B-42BA-BA96-7289D5D0FA4E): 1
LogDevObjectVersion:   Dev-MediaFramework (6F0ED827-A609-4895-9C91-998D90180EA4): 2
LogInit: Presizing for max 25165824 objects, including 0 objects not considered by GC, pre-allocating 0 bytes for permanent pool.
LogConfig: Applying CVar settings from Section [/Script/Engine.StreamingSettings] File [C:/Users/larse/OneDrive/Documentos/Unreal Projects/Terraformer/Saved/Config/Windows/Engine.ini]
LogConfig: Setting CVar [[s.MinBulkDataSizeForAsyncLoading:131072]]
LogConfig: Setting CVar [[s.AsyncLoadingThreadEnabled:0]]
LogConfig: Setting CVar [[s.EventDrivenLoaderEnabled:1]]
LogConfig: Setting CVar [[s.WarnIfTimeLimitExceeded:0]]
LogConfig: Setting CVar [[s.TimeLimitExceededMultiplier:1.5]]
LogConfig: Setting CVar [[s.TimeLimitExceededMinTime:0.005]]
LogConfig: Setting CVar [[s.UseBackgroundLevelStreaming:1]]
LogConfig: Setting CVar [[s.PriorityAsyncLoadingExtraTime:15.0]]
LogConfig: Setting CVar [[s.LevelStreamingActorsUpdateTimeLimit:5.0]]
LogConfig: Setting CVar [[s.PriorityLevelStreamingActorsUpdateExtraTime:5.0]]
LogConfig: Setting CVar [[s.LevelStreamingComponentsRegistrationGranularity:10]]
LogConfig: Setting CVar [[s.UnregisterComponentsTimeLimit:1.0]]
LogConfig: Setting CVar [[s.LevelStreamingComponentsUnregistrationGranularity:5]]
LogConfig: Setting CVar [[s.FlushStreamingOnExit:1]]
LogInit: Object subsystem initialized
LogConfig: Setting CVar [[con.DebugEarlyDefault:1]]
LogConfig: Setting CVar [[r.setres:1280x720]]
[2026.09.23-02.51.57:762][  0]LogConfig: Setting CVar [[r.VSync:0]]
[2026.09.23-02.51.57:762][  0]LogConfig: Setting CVar [[r.RHICmdBypass:0]]
[2026.09.23-02.51.57:762][  0]LogConfig: Applying CVar settings from Section [/Script/Engine.RendererSettings] File [C:/Users/larse/OneDrive/Documentos/Unreal Projects/Terraformer/Saved/Config/Windows/Engine.ini]
[2026.09.23-02.51.57:762][  0]LogConfig: Setting CVar [[r.GPUCrashDebugging:0]]
[2026.09.23-02.51.57:762][  0]LogConfig: Applying CVar settings from Section [/Script/Engine.RendererOverrideSettings] File [C:/Users/larse/OneDrive/Documentos/Unreal Projects/Terraformer/Saved/Config/Windows/Engine.ini]
[2026.09.23-02.51.57:762][  0]LogConfig: Applying CVar settings from Section [/Script/Engine.StreamingSettings] File [C:/Users/larse/OneDrive/Documentos/Unreal Projects/Terraformer/Saved/Config/Windows/Engine.ini]
[2026.09.23-02.51.57:762][  0]LogConfig: Setting CVar [[s.MinBulkDataSizeForAsyncLoading:131072]]
[2026.09.23-02.51.57:762][  0]LogConfig: Setting CVar [[s.AsyncLoadingThreadEnabled:0]]
[2026.09.23-02.51.57:762][  0]LogConfig: Setting CVar [[s.EventDrivenLoaderEnabled:1]]
[2026.09.23-02.51.57:762][  0]LogConfig: Setting CVar [[s.WarnIfTimeLimitExceeded:0]]
[2026.09.23-02.51.57:762][  0]LogConfig: Setting CVar [[s.TimeLimitExceededMultiplier:1.5]]
[2026.09.23-02.51.57:762][  0]LogConfig: Setting CVar [[s.TimeLimitExceededMinTime:0.005]]
[2026.09.23-02.51.57:762][  0]LogConfig: Setting CVar [[s.UseBackgroundLevelStreaming:1]]
[2026.09.23-02.51.57:762][  0]LogConfig: Setting CVar [[s.PriorityAsyncLoadingExtraTime:15.0]]
[2026.09.23-02.51.57:763][  0]LogConfig: Setting CVar [[s.LevelStreamingActorsUpdateTimeLimit:5.0]]
[2026.09.23-02.51.57:763][  0]LogConfig: Setting CVar [[s.PriorityLevelStreamingActorsUpdateExtraTime:5.0]]
[2026.09.23-02.51.57:763][  0]LogConfig: Setting CVar [[s.LevelStreamingComponentsRegistrationGranularity:10]]
[2026.09.23-02.51.57:763][  0]LogConfig: Setting CVar [[s.UnregisterComponentsTimeLimit:1.0]]
[2026.09.23-02.51.57:763][  0]LogConfig: Setting CVar [[s.LevelStreamingComponentsUnregistrationGranularity:5]]
[2026.09.23-02.51.57:763][  0]LogConfig: Setting CVar [[s.FlushStreamingOnExit:1]]
[2026.09.23-02.51.57:763][  0]LogConfig: Applying CVar settings from Section [/Script/Engine.GarbageCollectionSettings] File [C:/Users/larse/OneDrive/Documentos/Unreal Projects/Terraformer/Saved/Config/Windows/Engine.ini]
[2026.09.23-02.51.57:763][  0]LogConfig: Setting CVar [[gc.MaxObjectsNotConsideredByGC:1]]
[2026.09.23-02.51.57:763][  0]LogConfig: Setting CVar [[gc.SizeOfPermanentObjectPool:0]]
[2026.09.23-02.51.57:763][  0]LogConfig: Setting CVar [[gc.FlushStreamingOnGC:0]]
[2026.09.23-02.51.57:763][  0]LogConfig: Setting CVar [[gc.NumRetriesBeforeForcingGC:10]]
[2026.09.23-02.51.57:763][  0]LogConfig: Setting CVar [[gc.AllowParallelGC:1]]
[2026.09.23-02.51.57:763][  0]LogConfig: Setting CVar [[gc.TimeBetweenPurgingPendingKillObjects:61.1]]
[2026.09.23-02.51.57:763][  0]LogConfig: Setting CVar [[gc.MaxObjectsInEditor:25165824]]
[2026.09.23-02.51.57:763][  0]LogConfig: Setting CVar [[gc.IncrementalBeginDestroyEnabled:1]]
[2026.09.23-02.51.57:763][  0]LogConfig: Setting CVar [[gc.CreateGCClusters:1]]
[2026.09.23-02.51.57:763][  0]LogConfig: Setting CVar [[gc.MinGCClusterSize:5]]
[2026.09.23-02.51.57:763][  0]LogConfig: Setting CVar [[gc.ActorClusteringEnabled:0]]
[2026.09.23-02.51.57:763][  0]LogConfig: Setting CVar [[gc.BlueprintClusteringEnabled:0]]
[2026.09.23-02.51.57:763][  0]LogConfig: Setting CVar [[gc.UseDisregardForGCOnDedicatedServers:0]]
[2026.09.23-02.51.57:763][  0]LogConfig: Setting CVar [[gc.MultithreadedDestructionEnabled:1]]
[2026.09.23-02.51.57:763][  0]LogConfig: Applying CVar settings from Section [/Script/Engine.NetworkSettings] File [C:/Users/larse/OneDrive/Documentos/Unreal Projects/Terraformer/Saved/Config/Windows/Engine.ini]
[2026.09.23-02.51.57:763][  0]LogConfig: Applying CVar settings from Section [/Script/UnrealEd.CookerSettings] File [C:/Users/larse/OneDrive/Documentos/Unreal Projects/Terraformer/Saved/Config/Windows/Engine.ini]
[2026.09.23-02.51.57:770][  0]LogConfig: Applying CVar settings from Section [ViewDistanceQuality@3] File [C:/Users/larse/OneDrive/Documentos/Unreal Projects/Terraformer/Saved/Config/Windows/Scalability.ini]
[2026.09.23-02.51.57:770][  0]LogConfig: Setting CVar [[r.SkeletalMeshLODBias:0]]
[2026.09.23-02.51.57:770][  0]LogConfig: Setting CVar [[r.ViewDistanceScale:1.0]]
[2026.09.23-02.51.57:770][  0]LogConfig: Applying CVar settings from Section [AntiAliasingQuality@3] File [C:/Users/larse/OneDrive/Documentos/Unreal Projects/Terraformer/Saved/Config/Windows/Scalability.ini]
[2026.09.23-02.51.57:770][  0]LogConfig: Setting CVar [[r.PostProcessAAQuality:4]]
[2026.09.23-02.51.57:770][  0]LogConfig: Applying CVar settings from Section [ShadowQuality@3] File [C:/Users/larse/OneDrive/Documentos/Unreal Projects/Terraformer/Saved/Config/Windows/Scalability.ini]
[2026.09.23-02.51.57:770][  0]LogConfig: Setting CVar [[r.LightFunctionQuality:1]]
[2026.09.23-02.51.57:770][  0]LogConfig: Setting CVar [[r.ShadowQuality:5]]
[2026.09.23-02.51.57:770][  0]LogConfig: Setting CVar [[r.Shadow.CSM.MaxCascades:10]]
[2026.09.23-02.51.57:770][  0]LogConfig: Setting CVar [[r.Shadow.MaxResolution:2048]]
[2026.09.23-02.51.57:770][  0]LogConfig: Setting CVar [[r.Shadow.MaxCSMResolution:2048]]
[2026.09.23-02.51.57:770][  0]LogConfig: Setting CVar [[r.Shadow.RadiusThreshold:0.01]]
[2026.09.23-02.51.57:770][  0]LogConfig: Setting CVar [[r.Shadow.DistanceScale:1.0]]
[2026.09.23-02.51.57:770][  0]LogConfig: Setting CVar [[r.Shadow.CSM.TransitionScale:1.0]]
[2026.09.23-02.51.57:770][  0]LogConfig: Setting CVar [[r.Shadow.PreShadowResolutionFactor:1.0]]
[2026.09.23-02.51.57:770][  0]LogConfig: Setting CVar [[r.DistanceFieldShadowing:1]]
[2026.09.23-02.51.57:770][  0]LogConfig: Setting CVar [[r.DistanceFieldAO:1]]
[2026.09.23-02.51.57:770][  0]LogConfig: Setting CVar [[r.AOQuality:2]]
[2026.09.23-02.51.57:770][  0]LogConfig: Setting CVar [[r.VolumetricFog:1]]
[2026.09.23-02.51.57:770][  0]LogConfig: Setting CVar [[r.VolumetricFog.GridPixelSize:8]]
[2026.09.23-02.51.57:770][  0]LogConfig: Setting CVar [[r.VolumetricFog.GridSizeZ:128]]
[2026.09.23-02.51.57:770][  0]LogConfig: Setting CVar [[r.VolumetricFog.HistoryMissSupersampleCount:4]]
[2026.09.23-02.51.57:770][  0]LogConfig: Setting CVar [[r.LightMaxDrawDistanceScale:1]]
[2026.09.23-02.51.57:770][  0]LogConfig: Setting CVar [[r.CapsuleShadows:1]]
[2026.09.23-02.51.57:770][  0]LogConfig: Applying CVar settings from Section [PostProcessQuality@3] File [C:/Users/larse/OneDrive/Documentos/Unreal Projects/Terraformer/Saved/Config/Windows/Scalability.ini]
[2026.09.23-02.51.57:770][  0]LogConfig: Setting CVar [[r.MotionBlurQuality:4]]
[2026.09.23-02.51.57:770][  0]LogConfig: Setting CVar [[r.AmbientOcclusionMipLevelFactor:0.4]]
[2026.09.23-02.51.57:770][  0]LogConfig: Setting CVar [[r.AmbientOcclusionMaxQuality:100]]
[2026.09.23-02.51.57:770][  0]LogConfig: Setting CVar [[r.AmbientOcclusionLevels:-1]]
[2026.09.23-02.51.57:770][  0]LogConfig: Setting CVar [[r.AmbientOcclusionRadiusScale:1.0]]
[2026.09.23-02.51.57:771][  0]LogConfig: Setting CVar [[r.DepthOfFieldQuality:2]]
[2026.09.23-02.51.57:771][  0]LogConfig: Setting CVar [[r.RenderTargetPoolMin:400]]
[2026.09.23-02.51.57:771][  0]LogConfig: Setting CVar [[r.LensFlareQuality:2]]
[2026.09.23-02.51.57:771][  0]LogConfig: Setting CVar [[r.SceneColorFringeQuality:1]]
[2026.09.23-02.51.57:771][  0]LogConfig: Setting CVar [[r.EyeAdaptationQuality:2]]
[2026.09.23-02.51.57:771][  0]LogConfig: Setting CVar [[r.BloomQuality:5]]
[2026.09.23-02.51.57:771][  0]LogConfig: Setting CVar [[r.FastBlurThreshold:100]]
[2026.09.23-02.51.57:771][  0]LogConfig: Setting CVar [[r.Upscale.Quality:3]]
[2026.09.23-02.51.57:771][  0]LogConfig: Setting CVar [[r.Tonemapper.GrainQuantization:1]]
[2026.09.23-02.51.57:771][  0]LogConfig: Setting CVar [[r.LightShaftQuality:1]]
[2026.09.23-02.51.57:771][  0]LogConfig: Setting CVar [[r.Filter.SizeScale:1]]
[2026.09.23-02.51.57:771][  0]LogConfig: Setting CVar [[r.Tonemapper.Quality:5]]
[2026.09.23-02.51.57:771][  0]LogConfig: Setting CVar [[r.DOF.Gather.AccumulatorQuality:1        ; higher gathering accumulator quality]]
[2026.09.23-02.51.57:771][  0]LogConfig: Setting CVar [[r.DOF.Gather.PostfilterMethod:1          ; Median3x3 postfilering method]]
[2026.09.23-02.51.57:771][  0]LogConfig: Setting CVar [[r.DOF.Gather.EnableBokehSettings:0       ; no bokeh simulation when gathering]]
[2026.09.23-02.51.57:771][  0]LogConfig: Setting CVar [[r.DOF.Gather.RingCount:4                 ; medium number of samples when gathering]]
[2026.09.23-02.51.57:771][  0]LogConfig: Setting CVar [[r.DOF.Scatter.ForegroundCompositing:1    ; additive foreground scattering]]
[2026.09.23-02.51.57:771][  0]LogConfig: Setting CVar [[r.DOF.Scatter.BackgroundCompositing:2    ; additive background scattering]]
[2026.09.23-02.51.57:771][  0]LogConfig: Setting CVar [[r.DOF.Scatter.EnableBokehSettings:1      ; bokeh simulation when scattering]]
[2026.09.23-02.51.57:771][  0]LogConfig: Setting CVar [[r.DOF.Scatter.MaxSpriteRatio:0.1         ; only a maximum of 10% of scattered bokeh]]
[2026.09.23-02.51.57:771][  0]LogConfig: Setting CVar [[r.DOF.Recombine.Quality:1                ; cheap slight out of focus]]
[2026.09.23-02.51.57:771][  0]LogConfig: Setting CVar [[r.DOF.Recombine.EnableBokehSettings:0    ; no bokeh simulation on slight out of focus]]
[2026.09.23-02.51.57:771][  0]LogConfig: Setting CVar [[r.DOF.TemporalAAQuality:1                ; more stable temporal accumulation]]
[2026.09.23-02.51.57:771][  0]LogConfig: Setting CVar [[r.DOF.Kernel.MaxForegroundRadius:0.025]]
[2026.09.23-02.51.57:771][  0]LogConfig: Setting CVar [[r.DOF.Kernel.MaxBackgroundRadius:0.025]]
[2026.09.23-02.51.57:771][  0]LogConfig: Applying CVar settings from Section [TextureQuality@3] File [C:/Users/larse/OneDrive/Documentos/Unreal Projects/Terraformer/Saved/Config/Windows/Scalability.ini]
[2026.09.23-02.51.57:771][  0]LogConfig: Setting CVar [[r.Streaming.MipBias:0]]
[2026.09.23-02.51.57:771][  0]LogConfig: Setting CVar [[r.Streaming.AmortizeCPUToGPUCopy:0]]
[2026.09.23-02.51.57:771][  0]LogConfig: Setting CVar [[r.Streaming.MaxNumTexturesToStreamPerFrame:0]]
[2026.09.23-02.51.57:771][  0]LogConfig: Setting CVar [[r.Streaming.Boost:1]]
[2026.09.23-02.51.57:771][  0]LogConfig: Setting CVar [[r.MaxAnisotropy:8]]
[2026.09.23-02.51.57:771][  0]LogConfig: Setting CVar [[r.VT.MaxAnisotropy:8]]
[2026.09.23-02.51.57:771][  0]LogConfig: Setting CVar [[r.Streaming.LimitPoolSizeToVRAM:0]]
[2026.09.23-02.51.57:771][  0]LogConfig: Setting CVar [[r.Streaming.PoolSize:1000]]
[2026.09.23-02.51.57:771][  0]LogConfig: Setting CVar [[r.Streaming.MaxEffectiveScreenSize:0]]
[2026.09.23-02.51.57:771][  0]LogConfig: Applying CVar settings from Section [EffectsQuality@3] File [C:/Users/larse/OneDrive/Documentos/Unreal Projects/Terraformer/Saved/Config/Windows/Scalability.ini]
[2026.09.23-02.51.57:771][  0]LogConfig: Setting CVar [[r.TranslucencyLightingVolumeDim:64]]
[2026.09.23-02.51.57:771][  0]LogConfig: Setting CVar [[r.RefractionQuality:2]]
[2026.09.23-02.51.57:771][  0]LogConfig: Setting CVar [[r.SSR.Quality:3]]
[2026.09.23-02.51.57:771][  0]LogConfig: Setting CVar [[r.SSR.HalfResSceneColor:0]]
[2026.09.23-02.51.57:771][  0]LogConfig: Setting CVar [[r.SceneColorFormat:4]]
[2026.09.23-02.51.57:771][  0]LogConfig: Setting CVar [[r.DetailMode:2]]
[2026.09.23-02.51.57:771][  0]LogConfig: Setting CVar [[r.TranslucencyVolumeBlur:1]]
[2026.09.23-02.51.57:771][  0]LogConfig: Setting CVar [[r.MaterialQualityLevel:1 ; High quality]]
[2026.09.23-02.51.57:771][  0]LogConfig: Setting CVar [[r.AnisotropicMaterials:1]]
[2026.09.23-02.51.57:771][  0]LogConfig: Setting CVar [[r.SSS.Scale:1]]
[2026.09.23-02.51.57:771][  0]LogConfig: Setting CVar [[r.SSS.SampleSet:2]]
[2026.09.23-02.51.57:771][  0]LogConfig: Setting CVar [[r.SSS.Quality:1]]
[2026.09.23-02.51.57:771][  0]LogConfig: Setting CVar [[r.SSS.HalfRes:0]]
[2026.09.23-02.51.57:771][  0]LogConfig: Setting CVar [[r.SSGI.Quality:3]]
[2026.09.23-02.51.57:771][  0]LogConfig: Setting CVar [[r.EmitterSpawnRateScale:1.0]]
[2026.09.23-02.51.57:771][  0]LogConfig: Setting CVar [[r.ParticleLightQuality:2]]
[2026.09.23-02.51.57:771][  0]LogConfig: Setting CVar [[r.SkyAtmosphere.AerialPerspectiveLUT.FastApplyOnOpaque:1 ; Always have FastSkyLUT 1 in this case to avoid wrong sky]]
[2026.09.23-02.51.57:771][  0]LogConfig: Setting CVar [[r.SkyAtmosphere.AerialPerspectiveLUT.SampleCountMaxPerSlice:4]]
[2026.09.23-02.51.57:771][  0]LogConfig: Setting CVar [[r.SkyAtmosphere.AerialPerspectiveLUT.DepthResolution:16.0]]
[2026.09.23-02.51.57:771][  0]LogConfig: Setting CVar [[r.SkyAtmosphere.FastSkyLUT:1]]
[2026.09.23-02.51.57:771][  0]LogConfig: Setting CVar [[r.SkyAtmosphere.FastSkyLUT.SampleCountMin:4.0]]
[2026.09.23-02.51.57:771][  0]LogConfig: Setting CVar [[r.SkyAtmosphere.FastSkyLUT.SampleCountMax:128.0]]
[2026.09.23-02.51.57:771][  0]LogConfig: Setting CVar [[r.SkyAtmosphere.SampleCountMin:4.0]]
[2026.09.23-02.51.57:771][  0]LogConfig: Setting CVar [[r.SkyAtmosphere.SampleCountMax:128.0]]
[2026.09.23-02.51.57:771][  0]LogConfig: Setting CVar [[r.SkyAtmosphere.TransmittanceLUT.UseSmallFormat:0]]
[2026.09.23-02.51.57:771][  0]LogConfig: Setting CVar [[r.SkyAtmosphere.TransmittanceLUT.SampleCount:10.0]]
[2026.09.23-02.51.57:771][  0]LogConfig: Setting CVar [[r.SkyAtmosphere.MultiScatteringLUT.SampleCount:15.0]]
[2026.09.23-02.51.57:771][  0]LogConfig: Setting CVar [[r.SkyLight.RealTimeReflectionCapture:1]]
[2026.09.23-02.51.57:771][  0]LogConfig: Applying CVar settings from Section [FoliageQuality@3] File [C:/Users/larse/OneDrive/Documentos/Unreal Projects/Terraformer/Saved/Config/Windows/Scalability.ini]
[2026.09.23-02.51.57:771][  0]LogConfig: Setting CVar [[foliage.DensityScale:1.0]]
[2026.09.23-02.51.57:771][  0]LogConfig: Setting CVar [[grass.DensityScale:1.0]]
[2026.09.23-02.51.57:771][  0]LogConfig: Applying CVar settings from Section [ShadingQuality@3] File [C:/Users/larse/OneDrive/Documentos/Unreal Projects/Terraformer/Saved/Config/Windows/Scalability.ini]
[2026.09.23-02.51.57:771][  0]LogConfig: Setting CVar [[r.HairStrands.SkyLighting.IntegrationType:2]]
[2026.09.23-02.51.57:771][  0]LogConfig: Setting CVar [[r.HairStrands.SkyAO.SampleCount:4]]
[2026.09.23-02.51.57:771][  0]LogConfig: Setting CVar [[r.HairStrands.Visibility.MSAA.SamplePerPixel:4]]
[2026.09.23-02.51.57:771][  0]LogInit: Selected Device Profile: [Windows]
[2026.09.23-02.51.57:771][  0]LogInit: Applying CVar settings loaded from the selected device profile: [Windows]
[2026.09.23-02.51.57:771][  0]LogHAL: Display: Platform has ~ 16 GB [16828751872 / 17179869184 / 16], which maps to Larger [LargestMinGB=32, LargerMinGB=12, DefaultMinGB=8, SmallerMinGB=6, SmallestMinGB=0)
[2026.09.23-02.51.57:771][  0]LogInit: Going up to parent DeviceProfile []
[2026.09.23-02.51.57:771][  0]LogConfig: Applying CVar settings from Section [ViewDistanceQuality@3] File [C:/Users/larse/OneDrive/Documentos/Unreal Projects/Terraformer/Saved/Config/Windows/Scalability.ini]
[2026.09.23-02.51.57:771][  0]LogConfig: Setting CVar [[r.SkeletalMeshLODBias:0]]
[2026.09.23-02.51.57:771][  0]LogConfig: Setting CVar [[r.ViewDistanceScale:1.0]]
[2026.09.23-02.51.57:771][  0]LogConfig: Applying CVar settings from Section [AntiAliasingQuality@3] File [C:/Users/larse/OneDrive/Documentos/Unreal Projects/Terraformer/Saved/Config/Windows/Scalability.ini]
[2026.09.23-02.51.57:771][  0]LogConfig: Setting CVar [[r.PostProcessAAQuality:4]]
[2026.09.23-02.51.57:771][  0]LogConfig: Applying CVar settings from Section [ShadowQuality@3] File [C:/Users/larse/OneDrive/Documentos/Unreal Projects/Terraformer/Saved/Config/Windows/Scalability.ini]
[2026.09.23-02.51.57:771][  0]LogConfig: Setting CVar [[r.LightFunctionQuality:1]]
[2026.09.23-02.51.57:771][  0]LogConfig: Setting CVar [[r.ShadowQuality:5]]
[2026.09.23-02.51.57:771][  0]LogConfig: Setting CVar [[r.Shadow.CSM.MaxCascades:10]]
[2026.09.23-02.51.57:771][  0]LogConfig: Setting CVar [[r.Shadow.MaxResolution:2048]]
[2026.09.23-02.51.57:772][  0]LogConfig: Setting CVar [[r.Shadow.MaxCSMResolution:2048]]
[2026.09.23-02.51.57:772][  0]LogConfig: Setting CVar [[r.Shadow.RadiusThreshold:0.01]]
[2026.09.23-02.51.57:772][  0]LogConfig: Setting CVar [[r.Shadow.DistanceScale:1.0]]
[2026.09.23-02.51.57:772][  0]LogConfig: Setting CVar [[r.Shadow.CSM.TransitionScale:1.0]]
[2026.09.23-02.51.57:772][  0]LogConfig: Setting CVar [[r.Shadow.PreShadowResolutionFactor:1.0]]
[2026.09.23-02.51.57:772][  0]LogConfig: Setting CVar [[r.DistanceFieldShadowing:1]]
[2026.09.23-02.51.57:772][  0]LogConfig: Setting CVar [[r.DistanceFieldAO:1]]
[2026.09.23-02.51.57:772][  0]LogConfig: Setting CVar [[r.AOQuality:2]]
[2026.09.23-02.51.57:772][  0]LogConfig: Setting CVar [[r.VolumetricFog:1]]
[2026.09.23-02.51.57:772][  0]LogConfig: Setting CVar [[r.VolumetricFog.GridPixelSize:8]]
[2026.09.23-02.51.57:772][  0]LogConfig: Setting CVar [[r.VolumetricFog.GridSizeZ:128]]
[2026.09.23-02.51.57:772][  0]LogConfig: Setting CVar [[r.VolumetricFog.HistoryMissSupersampleCount:4]]
[2026.09.23-02.51.57:772][  0]LogConfig: Setting CVar [[r.LightMaxDrawDistanceScale:1]]
[2026.09.23-02.51.57:772][  0]LogConfig: Setting CVar [[r.CapsuleShadows:1]]
[2026.09.23-02.51.57:772][  0]LogConfig: Applying CVar settings from Section [PostProcessQuality@3] File [C:/Users/larse/OneDrive/Documentos/Unreal Projects/Terraformer/Saved/Config/Windows/Scalability.ini]
[2026.09.23-02.51.57:772][  0]LogConfig: Setting CVar [[r.MotionBlurQuality:4]]
[2026.09.23-02.51.57:772][  0]LogConfig: Setting CVar [[r.AmbientOcclusionMipLevelFactor:0.4]]
[2026.09.23-02.51.57:772][  0]LogConfig: Setting CVar [[r.AmbientOcclusionMaxQuality:100]]
[2026.09.23-02.51.57:772][  0]LogConfig: Setting CVar [[r.AmbientOcclusionLevels:-1]]
[2026.09.23-02.51.57:772][  0]LogConfig: Setting CVar [[r.AmbientOcclusionRadiusScale:1.0]]
[2026.09.23-02.51.57:772][  0]LogConfig: Setting CVar [[r.DepthOfFieldQuality:2]]
[2026.09.23-02.51.57:772][  0]LogConfig: Setting CVar [[r.RenderTargetPoolMin:400]]
[2026.09.23-02.51.57:772][  0]LogConfig: Setting CVar [[r.LensFlareQuality:2]]
[2026.09.23-02.51.57:772][  0]LogConfig: Setting CVar [[r.SceneColorFringeQuality:1]]
[2026.09.23-02.51.57:772][  0]LogConfig: Setting CVar [[r.EyeAdaptationQuality:2]]
[2026.09.23-02.51.57:772][  0]LogConfig: Setting CVar [[r.BloomQuality:5]]
[2026.09.23-02.51.57:772][  0]LogConfig: Setting CVar [[r.FastBlurThreshold:100]]
[2026.09.23-02.51.57:772][  0]LogConfig: Setting CVar [[r.Upscale.Quality:3]]
[2026.09.23-02.51.57:772][  0]LogConfig: Setting CVar [[r.Tonemapper.GrainQuantization:1]]
[2026.09.23-02.51.57:772][  0]LogConfig: Setting CVar [[r.LightShaftQuality:1]]
[2026.09.23-02.51.57:772][  0]LogConfig: Setting CVar [[r.Filter.SizeScale:1]]
[2026.09.23-02.51.57:772][  0]LogConfig: Setting CVar [[r.Tonemapper.Quality:5]]
[2026.09.23-02.51.57:772][  0]LogConfig: Setting CVar [[r.DOF.Gather.AccumulatorQuality:1        ; higher gathering accumulator quality]]
[2026.09.23-02.51.57:772][  0]LogConfig: Setting CVar [[r.DOF.Gather.PostfilterMethod:1          ; Median3x3 postfilering method]]
[2026.09.23-02.51.57:772][  0]LogConfig: Setting CVar [[r.DOF.Gather.EnableBokehSettings:0       ; no bokeh simulation when gathering]]
[2026.09.23-02.51.57:772][  0]LogConfig: Setting CVar [[r.DOF.Gather.RingCount:4                 ; medium number of samples when gathering]]
[2026.09.23-02.51.57:772][  0]LogConfig: Setting CVar [[r.DOF.Scatter.ForegroundCompositing:1    ; additive foreground scattering]]
[2026.09.23-02.51.57:772][  0]LogConfig: Setting CVar [[r.DOF.Scatter.BackgroundCompositing:2    ; additive background scattering]]
[2026.09.23-02.51.57:772][  0]LogConfig: Setting CVar [[r.DOF.Scatter.EnableBokehSettings:1      ; bokeh simulation when scattering]]
[2026.09.23-02.51.57:772][  0]LogConfig: Setting CVar [[r.DOF.Scatter.MaxSpriteRatio:0.1         ; only a maximum of 10% of scattered bokeh]]
[2026.09.23-02.51.57:772][  0]LogConfig: Setting CVar [[r.DOF.Recombine.Quality:1                ; cheap slight out of focus]]
[2026.09.23-02.51.57:772][  0]LogConfig: Setting CVar [[r.DOF.Recombine.EnableBokehSettings:0    ; no bokeh simulation on slight out of focus]]
[2026.09.23-02.51.57:772][  0]LogConfig: Setting CVar [[r.DOF.TemporalAAQuality:1                ; more stable temporal accumulation]]
[2026.09.23-02.51.57:772][  0]LogConfig: Setting CVar [[r.DOF.Kernel.MaxForegroundRadius:0.025]]
[2026.09.23-02.51.57:772][  0]LogConfig: Setting CVar [[r.DOF.Kernel.MaxBackgroundRadius:0.025]]
[2026.09.23-02.51.57:772][  0]LogConfig: Applying CVar settings from Section [TextureQuality@3] File [C:/Users/larse/OneDrive/Documentos/Unreal Projects/Terraformer/Saved/Config/Windows/Scalability.ini]
[2026.09.23-02.51.57:772][  0]LogConfig: Setting CVar [[r.Streaming.MipBias:0]]
[2026.09.23-02.51.57:772][  0]LogConfig: Setting CVar [[r.Streaming.AmortizeCPUToGPUCopy:0]]
[2026.09.23-02.51.57:772][  0]LogConfig: Setting CVar [[r.Streaming.MaxNumTexturesToStreamPerFrame:0]]
[2026.09.23-02.51.57:772][  0]LogConfig: Setting CVar [[r.Streaming.Boost:1]]
[2026.09.23-02.51.57:772][  0]LogConfig: Setting CVar [[r.MaxAnisotropy:8]]
[2026.09.23-02.51.57:772][  0]LogConfig: Setting CVar [[r.VT.MaxAnisotropy:8]]
[2026.09.23-02.51.57:772][  0]LogConfig: Setting CVar [[r.Streaming.LimitPoolSizeToVRAM:0]]
[2026.09.23-02.51.57:772][  0]LogConfig: Setting CVar [[r.Streaming.PoolSize:1000]]
[2026.09.23-02.51.57:772][  0]LogConfig: Setting CVar [[r.Streaming.MaxEffectiveScreenSize:0]]
[2026.09.23-02.51.57:772][  0]LogConfig: Applying CVar settings from Section [EffectsQuality@3] File [C:/Users/larse/OneDrive/Documentos/Unreal Projects/Terraformer/Saved/Config/Windows/Scalability.ini]
[2026.09.23-02.51.57:772][  0]LogConfig: Setting CVar [[r.TranslucencyLightingVolumeDim:64]]
[2026.09.23-02.51.57:772][  0]LogConfig: Setting CVar [[r.RefractionQuality:2]]
[2026.09.23-02.51.57:772][  0]LogConfig: Setting CVar [[r.SSR.Quality:3]]
[2026.09.23-02.51.57:772][  0]LogConfig: Setting CVar [[r.SSR.HalfResSceneColor:0]]
[2026.09.23-02.51.57:772][  0]LogConfig: Setting CVar [[r.SceneColorFormat:4]]
[2026.09.23-02.51.57:772][  0]LogConfig: Setting CVar [[r.DetailMode:2]]
[2026.09.23-02.51.57:772][  0]LogConfig: Setting CVar [[r.TranslucencyVolumeBlur:1]]
[2026.09.23-02.51.57:772][  0]LogConfig: Setting CVar [[r.MaterialQualityLevel:1 ; High quality]]
[2026.09.23-02.51.57:772][  0]LogConfig: Setting CVar [[r.AnisotropicMaterials:1]]
[2026.09.23-02.51.57:772][  0]LogConfig: Setting CVar [[r.SSS.Scale:1]]
[2026.09.23-02.51.57:772][  0]LogConfig: Setting CVar [[r.SSS.SampleSet:2]]
[2026.09.23-02.51.57:772][  0]LogConfig: Setting CVar [[r.SSS.Quality:1]]
[2026.09.23-02.51.57:772][  0]LogConfig: Setting CVar [[r.SSS.HalfRes:0]]
[2026.09.23-02.51.57:772][  0]LogConfig: Setting CVar [[r.SSGI.Quality:3]]
[2026.09.23-02.51.57:772][  0]LogConfig: Setting CVar [[r.EmitterSpawnRateScale:1.0]]
[2026.09.23-02.51.57:772][  0]LogConfig: Setting CVar [[r.ParticleLightQuality:2]]
[2026.09.23-02.51.57:772][  0]LogConfig: Setting CVar [[r.SkyAtmosphere.AerialPerspectiveLUT.FastApplyOnOpaque:1 ; Always have FastSkyLUT 1 in this case to avoid wrong sky]]
[2026.09.23-02.51.57:772][  0]LogConfig: Setting CVar [[r.SkyAtmosphere.AerialPerspectiveLUT.SampleCountMaxPerSlice:4]]
[2026.09.23-02.51.57:772][  0]LogConfig: Setting CVar [[r.SkyAtmosphere.AerialPerspectiveLUT.DepthResolution:16.0]]
[2026.09.23-02.51.57:772][  0]LogConfig: Setting CVar [[r.SkyAtmosphere.FastSkyLUT:1]]
[2026.09.23-02.51.57:772][  0]LogConfig: Setting CVar [[r.SkyAtmosphere.FastSkyLUT.SampleCountMin:4.0]]
[2026.09.23-02.51.57:772][  0]LogConfig: Setting CVar [[r.SkyAtmosphere.FastSkyLUT.SampleCountMax:128.0]]
[2026.09.23-02.51.57:772][  0]LogConfig: Setting CVar [[r.SkyAtmosphere.SampleCountMin:4.0]]
[2026.09.23-02.51.57:772][  0]LogConfig: Setting CVar [[r.SkyAtmosphere.SampleCountMax:128.0]]
[2026.09.23-02.51.57:772][  0]LogConfig: Setting CVar [[r.SkyAtmosphere.TransmittanceLUT.UseSmallFormat:0]]
[2026.09.23-02.51.57:772][  0]LogConfig: Setting CVar [[r.SkyAtmosphere.TransmittanceLUT.SampleCount:10.0]]
[2026.09.23-02.51.57:772][  0]LogConfig: Setting CVar [[r.SkyAtmosphere.MultiScatteringLUT.SampleCount:15.0]]
[2026.09.23-02.51.57:772][  0]LogConfig: Setting CVar [[r.SkyLight.RealTimeReflectionCapture:1]]
[2026.09.23-02.51.57:772][  0]LogConfig: Applying CVar settings from Section [FoliageQuality@3] File [C:/Users/larse/OneDrive/Documentos/Unreal Projects/Terraformer/Saved/Config/Windows/Scalability.ini]
[2026.09.23-02.51.57:772][  0]LogConfig: Setting CVar [[foliage.DensityScale:1.0]]
[2026.09.23-02.51.57:772][  0]LogConfig: Setting CVar [[grass.DensityScale:1.0]]
[2026.09.23-02.51.57:772][  0]LogConfig: Applying CVar settings from Section [ShadingQuality@3] File [C:/Users/larse/OneDrive/Documentos/Unreal Projects/Terraformer/Saved/Config/Windows/Scalability.ini]
[2026.09.23-02.51.57:772][  0]LogConfig: Setting CVar [[r.HairStrands.SkyLighting.IntegrationType:2]]
[2026.09.23-02.51.57:772][  0]LogConfig: Setting CVar [[r.HairStrands.SkyAO.SampleCount:4]]
[2026.09.23-02.51.57:772][  0]LogConfig: Setting CVar [[r.HairStrands.Visibility.MSAA.SamplePerPixel:4]]
[2026.09.23-02.51.57:772][  0]LogConfig: Applying CVar settings from Section [Startup] File [../../../Engine/Config/ConsoleVariables.ini]
[2026.09.23-02.51.57:773][  0]LogConfig: Setting CVar [[net.UseAdaptiveNetUpdateFrequency:0]]
[2026.09.23-02.51.57:773][  0]LogConfig: Setting CVar [[p.chaos.AllowCreatePhysxBodies:1]]
[2026.09.23-02.51.57:773][  0]LogConfig: Setting CVar [[fx.SkipVectorVMBackendOptimizations:1]]
[2026.09.23-02.51.57:773][  0]LogConfig: Applying CVar settings from Section [ConsoleVariables] File [C:/Users/larse/OneDrive/Documentos/Unreal Projects/Terraformer/Saved/Config/Windows/Engine.ini]
[2026.09.23-02.51.57:773][  0]LogConfig: Applying CVar settings from Section [ConsoleVariables] File [C:/Users/larse/OneDrive/Documentos/Unreal Projects/Terraformer/Saved/Config/Windows/Editor.ini]
[2026.09.23-02.51.57:773][  0]LogInit: Computer: LEWLAPTOP
[2026.09.23-02.51.57:773][  0]LogInit: User: larse
[2026.09.23-02.51.57:773][  0]LogInit: CPU Page size=4096, Cores=14
[2026.09.23-02.51.57:773][  0]LogInit: High frequency timer resolution =10.000000 MHz
[2026.09.23-02.51.57:773][  0]LogMemory: Memory total: Physical=15.7GB (16GB approx)
[2026.09.23-02.51.57:773][  0]LogMemory: Platform Memory Stats for Windows
[2026.09.23-02.51.57:773][  0]LogMemory: Process Physical Memory: 153.78 MB used, 153.78 MB peak
[2026.09.23-02.51.57:773][  0]LogMemory: Process Virtual Memory: 133.58 MB used, 133.58 MB peak
[2026.09.23-02.51.57:773][  0]LogMemory: Physical Memory: 14757.78 MB used,  1291.37 MB free, 16049.15 MB total
[2026.09.23-02.51.57:773][  0]LogMemory: Virtual Memory: 134206488.00 MB used,  11235.97 MB free, 134217728.00 MB total
[2026.09.23-02.51.57:779][  0]LogWindows: WindowsPlatformFeatures enabled
[2026.09.23-02.51.57:827][  0]LogInit: Physics initialised using underlying interface: PhysX
[2026.09.23-02.51.57:829][  0]LogInit: Using OS detected language (es-MX).
[2026.09.23-02.51.57:829][  0]LogInit: Using OS detected locale (es-MX).
[2026.09.23-02.51.57:835][  0]LogTextLocalizationResource: LocRes '../../../Engine/Content/Localization/Editor/es-MX/Editor.locres' could not be opened for reading!
[2026.09.23-02.51.57:835][  0]LogTextLocalizationResource: LocRes '../../../Engine/Content/Localization/EditorTutorials/es-MX/EditorTutorials.locres' could not be opened for reading!
[2026.09.23-02.51.57:835][  0]LogTextLocalizationResource: LocRes '../../../Engine/Content/Localization/Keywords/es-MX/Keywords.locres' could not be opened for reading!
[2026.09.23-02.51.57:835][  0]LogTextLocalizationResource: LocRes '../../../Engine/Content/Localization/Category/es-MX/Category.locres' could not be opened for reading!
[2026.09.23-02.51.57:835][  0]LogTextLocalizationResource: LocRes '../../../Engine/Content/Localization/ToolTips/es-MX/ToolTips.locres' could not be opened for reading!
[2026.09.23-02.51.57:835][  0]LogTextLocalizationResource: LocRes '../../../Engine/Content/Localization/PropertyNames/es-MX/PropertyNames.locres' could not be opened for reading!
[2026.09.23-02.51.57:835][  0]LogTextLocalizationResource: LocRes '../../../Engine/Content/Localization/Engine/es-MX/Engine.locres' could not be opened for reading!
[2026.09.23-02.51.57:836][  0]LogTextLocalizationResource: LocRes '../../../Engine/Plugins/Online/OnlineSubsystemUtils/Content/Localization/OnlineSubsystemUtils/es-MX/OnlineSubsystemUtils.locres' could not be opened for reading!
[2026.09.23-02.51.57:836][  0]LogTextLocalizationResource: LocRes '../../../Engine/Plugins/Online/Android/OnlineSubsystemGooglePlay/Content/Localization/OnlineSubsystemGooglePlay/es-MX/OnlineSubsystemGooglePlay.locres' could not be opened for reading!
[2026.09.23-02.51.57:836][  0]LogTextLocalizationResource: LocRes '../../../Engine/Plugins/Online/IOS/OnlineSubsystemIOS/Content/Localization/OnlineSubsystemIOS/es-MX/OnlineSubsystemIOS.locres' could not be opened for reading!
[2026.09.23-02.51.57:871][  0]LogInit: Setting process to per monitor DPI aware
[2026.09.23-02.51.57:886][  0]LogWindowsTextInputMethodSystem: Display: IME system deactivated.
[2026.09.23-02.51.57:906][  0]LogSlate: New Slate User Created.  User Index 0, Is Virtual User: 0
[2026.09.23-02.51.57:906][  0]LogSlate: Slate User Registered.  User Index 0, Is Virtual User: 0
[2026.09.23-02.51.58:139][  0]LogD3D11RHI: Loaded GFSDK_Aftermath_Lib.x64.dll
[2026.09.23-02.51.58:208][  0]LogHMD: Failed to initialize OpenVR with code 110
[2026.09.23-02.51.58:208][  0]LogD3D11RHI: D3D11 min allowed feature level: 11_0
[2026.09.23-02.51.58:208][  0]LogD3D11RHI: D3D11 max allowed feature level: 11_0
[2026.09.23-02.51.58:208][  0]LogD3D11RHI: D3D11 adapters:
[2026.09.23-02.51.58:355][  0]LogD3D11RHI:    0. 'NVIDIA GeForce RTX 3070 Ti Laptop GPU' (Feature Level 11_0)
[2026.09.23-02.51.58:355][  0]LogD3D11RHI:       8018/0/8024 MB DedicatedVideo/DedicatedSystem/SharedSystem, Outputs:1, VendorId:0x10de
[2026.09.23-02.51.58:401][  0]LogD3D11RHI:    1. 'Intel(R) Iris(R) Xe Graphics' (Feature Level 11_0)
[2026.09.23-02.51.58:401][  0]LogD3D11RHI:       128/0/8024 MB DedicatedVideo/DedicatedSystem/SharedSystem, Outputs:0, VendorId:0x8086
[2026.09.23-02.51.58:405][  0]LogD3D11RHI:    2. 'Microsoft Basic Render Driver' (Feature Level 11_0)
[2026.09.23-02.51.58:405][  0]LogD3D11RHI:       0/0/8024 MB DedicatedVideo/DedicatedSystem/SharedSystem, Outputs:0, VendorId:0x1414
[2026.09.23-02.51.58:405][  0]LogD3D11RHI: Chosen D3D11 Adapter:
[2026.09.23-02.51.58:405][  0]LogD3D11RHI:     Description : NVIDIA GeForce RTX 3070 Ti Laptop GPU
[2026.09.23-02.51.58:405][  0]LogD3D11RHI:     VendorId    : 10de
[2026.09.23-02.51.58:405][  0]LogD3D11RHI:     DeviceId    : 24a0
[2026.09.23-02.51.58:405][  0]LogD3D11RHI:     SubSysId    : 85e41458
[2026.09.23-02.51.58:405][  0]LogD3D11RHI:     Revision    : 00a1
[2026.09.23-02.51.58:405][  0]LogD3D11RHI:     DedicatedVideoMemory : 8407482368 bytes
[2026.09.23-02.51.58:405][  0]LogD3D11RHI:     DedicatedSystemMemory : 0 bytes
[2026.09.23-02.51.58:405][  0]LogD3D11RHI:     SharedSystemMemory : 8414375936 bytes
[2026.09.23-02.51.58:405][  0]LogD3D11RHI:     AdapterLuid : 0 72857
[2026.09.23-02.51.58:418][  0]LogD3D11RHI: Creating new Direct3DDevice
[2026.09.23-02.51.58:418][  0]LogD3D11RHI:     GPU DeviceId: 0x24a0 (for the marketing name, search the web for "GPU Device Id")
[2026.09.23-02.51.58:418][  0]LogWindows: EnumDisplayDevices:
[2026.09.23-02.51.58:418][  0]LogWindows:    0. 'Intel(R) Iris(R) Xe Graphics' (P:1 D:1)
[2026.09.23-02.51.58:418][  0]LogWindows:    1. 'Intel(R) Iris(R) Xe Graphics' (P:0 D:0)
[2026.09.23-02.51.58:419][  0]LogWindows:    2. 'Intel(R) Iris(R) Xe Graphics' (P:0 D:0)
[2026.09.23-02.51.58:419][  0]LogWindows:    3. 'Intel(R) Iris(R) Xe Graphics' (P:0 D:0)
[2026.09.23-02.51.58:419][  0]LogWindows:    4. 'NVIDIA GeForce RTX 3070 Ti Laptop GPU' (P:0 D:0)
[2026.09.23-02.51.58:419][  0]LogWindows:    5. 'NVIDIA GeForce RTX 3070 Ti Laptop GPU' (P:0 D:0)
[2026.09.23-02.51.58:419][  0]LogWindows:    6. 'NVIDIA GeForce RTX 3070 Ti Laptop GPU' (P:0 D:0)
[2026.09.23-02.51.58:419][  0]LogWindows:    7. 'NVIDIA GeForce RTX 3070 Ti Laptop GPU' (P:0 D:0)
[2026.09.23-02.51.58:419][  0]LogWindows: DebugString: PrimaryIsNotTheChoosenAdapter PrimaryIsNotTheChoosenAdapter PrimaryIsNotTheChoosenAdapter PrimaryIsNotTheChoosenAdapter FoundDriverCount:4 
[2026.09.23-02.51.58:419][  0]LogD3D11RHI:     Adapter Name: NVIDIA GeForce RTX 3070 Ti Laptop GPU
[2026.09.23-02.51.58:419][  0]LogD3D11RHI:   Driver Version: 566.03 (internal:32.0.15.6603, unified:566.03)
[2026.09.23-02.51.58:419][  0]LogD3D11RHI:      Driver Date: 10-15-2024
[2026.09.23-02.51.58:419][  0]LogRHI: Texture pool is 5612 MB (70% of 8018 MB)
[2026.09.23-02.51.58:419][  0]LogD3D11RHI: Creating D3DDevice using adapter:
[2026.09.23-02.51.58:420][  0]LogD3D11RHI:     Description : NVIDIA GeForce RTX 3070 Ti Laptop GPU
[2026.09.23-02.51.58:420][  0]LogD3D11RHI:     VendorId    : 10de
[2026.09.23-02.51.58:420][  0]LogD3D11RHI:     DeviceId    : 24a0
[2026.09.23-02.51.58:420][  0]LogD3D11RHI:     SubSysId    : 85e41458
[2026.09.23-02.51.58:420][  0]LogD3D11RHI:     Revision    : 00a1
[2026.09.23-02.51.58:420][  0]LogD3D11RHI:     DedicatedVideoMemory : 8407482368 bytes
[2026.09.23-02.51.58:420][  0]LogD3D11RHI:     DedicatedSystemMemory : 0 bytes
[2026.09.23-02.51.58:420][  0]LogD3D11RHI:     SharedSystemMemory : 8414375936 bytes
[2026.09.23-02.51.58:420][  0]LogD3D11RHI:     AdapterLuid : 0 72857
[2026.09.23-02.51.58:511][  0]LogD3D11RHI: RHI has support for 64 bit atomics
[2026.09.23-02.51.58:511][  0]LogD3D11RHI: Async texture creation enabled
[2026.09.23-02.51.58:511][  0]LogD3D11RHI: Array index from any shader is supported
[2026.09.23-02.51.58:527][  0]LogD3D11RHI: GPU Timing Frequency: 1000.000000 (Debug: 2 1)
[2026.09.23-02.51.58:569][  0]LogRHI: GeForceNow SDK initialized: 1
[2026.09.23-02.51.58:920][  0]LogTargetPlatformManager: Display: Loaded TargetPlatform 'AllDesktop'
[2026.09.23-02.51.58:939][  0]LogTargetPlatformManager: Display: Loaded TargetPlatform 'Android'
[2026.09.23-02.51.58:939][  0]LogTargetPlatformManager: Display: Loaded TargetPlatform 'Android_ASTC'
[2026.09.23-02.51.58:939][  0]LogTargetPlatformManager: Display: Loaded TargetPlatform 'Android_DXT'
[2026.09.23-02.51.58:939][  0]LogTargetPlatformManager: Display: Loaded TargetPlatform 'Android_ETC2'
[2026.09.23-02.51.58:939][  0]LogTargetPlatformManager: Display: Loaded TargetPlatform 'AndroidClient'
[2026.09.23-02.51.58:939][  0]LogTargetPlatformManager: Display: Loaded TargetPlatform 'Android_ASTCClient'
[2026.09.23-02.51.58:939][  0]LogTargetPlatformManager: Display: Loaded TargetPlatform 'Android_DXTClient'
[2026.09.23-02.51.58:939][  0]LogTargetPlatformManager: Display: Loaded TargetPlatform 'Android_ETC2Client'
[2026.09.23-02.51.58:939][  0]LogTargetPlatformManager: Display: Loaded TargetPlatform 'Android_Multi'
[2026.09.23-02.51.58:939][  0]LogTargetPlatformManager: Display: Loaded TargetPlatform 'Android_MultiClient'
[2026.09.23-02.51.58:959][  0]LogTargetPlatformManager: Display: Loaded TargetPlatform 'IOSClient'
[2026.09.23-02.51.58:959][  0]LogTargetPlatformManager: Display: Loaded TargetPlatform 'IOS'
[2026.09.23-02.51.58:968][  0]LogTargetPlatformManager: Display: Loaded TargetPlatform 'Linux'
[2026.09.23-02.51.58:972][  0]LogTargetPlatformManager: Display: Loaded TargetPlatform 'LinuxNoEditor'
[2026.09.23-02.51.58:977][  0]LogTargetPlatformManager: Display: Loaded TargetPlatform 'LinuxClient'
[2026.09.23-02.51.58:981][  0]LogTargetPlatformManager: Display: Loaded TargetPlatform 'LinuxServer'
[2026.09.23-02.51.58:991][  0]LogTargetPlatformManager: Display: Loaded TargetPlatform 'LinuxAArch64NoEditor'
[2026.09.23-02.51.58:997][  0]LogTargetPlatformManager: Display: Loaded TargetPlatform 'LinuxAArch64Client'
[2026.09.23-02.51.59:001][  0]LogTargetPlatformManager: Display: Loaded TargetPlatform 'LinuxAArch64Server'
[2026.09.23-02.51.59:018][  0]LogTargetPlatformManager: Display: Loaded TargetPlatform 'Lumin'
[2026.09.23-02.51.59:018][  0]LogTargetPlatformManager: Display: Loaded TargetPlatform 'LuminClient'
[2026.09.23-02.51.59:025][  0]LogTargetPlatformManager: Display: Loaded TargetPlatform 'MacNoEditor'
[2026.09.23-02.51.59:030][  0]LogTargetPlatformManager: Display: Loaded TargetPlatform 'Mac'
[2026.09.23-02.51.59:034][  0]LogTargetPlatformManager: Display: Loaded TargetPlatform 'MacClient'
[2026.09.23-02.51.59:039][  0]LogTargetPlatformManager: Display: Loaded TargetPlatform 'MacServer'
[2026.09.23-02.51.59:046][  0]LogTargetPlatformManager: Display: Loaded TargetPlatform 'TVOSClient'
[2026.09.23-02.51.59:046][  0]LogTargetPlatformManager: Display: Loaded TargetPlatform 'TVOS'
[2026.09.23-02.51.59:054][  0]LogTargetPlatformManager: Display: Loaded TargetPlatform 'WindowsNoEditor'
[2026.09.23-02.51.59:058][  0]LogTargetPlatformManager: Display: Loaded TargetPlatform 'Windows'
[2026.09.23-02.51.59:063][  0]LogTargetPlatformManager: Display: Loaded TargetPlatform 'WindowsClient'
[2026.09.23-02.51.59:068][  0]LogTargetPlatformManager: Display: Loaded TargetPlatform 'WindowsServer'
[2026.09.23-02.51.59:068][  0]LogTargetPlatformManager: Display: Building Assets For Windows
[2026.09.23-02.51.59:077][  0]LogAudioDebug: Display: Lib vorbis DLL was dynamically loaded.
[2026.09.23-02.51.59:117][  0]LogTextureFormatOodle: Display: Oodle Texture 2.9.0 init RDO Off
[2026.09.23-02.51.59:165][  0]LogRendererCore: Ray tracing is disabled. Reason: r.RayTracing=0.
[2026.09.23-02.51.59:165][  0]LogShaderCompilers: Guid format shader working directory is -32 characters bigger than the processId version (../../../../../../Users/larse/OneDrive/Documentos/Unreal Projects/Terraformer/Intermediate/Shaders/WorkingDirectory/27528/).
[2026.09.23-02.51.59:166][  0]LogShaderCompilers: Cleaned the shader compiler working directory 'C:/Users/larse/AppData/Local/Temp/UnrealShaderWorkingDir/69A57A8A4B6C7671F879978359098744/'.
[2026.09.23-02.51.59:166][  0]LogXGEController: Cannot use XGE Controller as Incredibuild is not installed on this machine.
[2026.09.23-02.51.59:166][  0]LogShaderCompilers: Cannot use XGE Shader Compiler as Incredibuild is not installed on this machine.
[2026.09.23-02.51.59:166][  0]LogShaderCompilers: Display: Using Local Shader Compiler.
[2026.09.23-02.51.59:838][  0]LogDerivedDataCache: Display: Max Cache Size: 512 MB
[2026.09.23-02.51.59:898][  0]LogDerivedDataCache: Loaded boot cache 0.06s 94MB C:/Users/larse/AppData/Local/UnrealEngine/4.27/DerivedDataCache/Boot.ddc.
[2026.09.23-02.51.59:898][  0]LogDerivedDataCache: Display: Loaded Boot cache: C:/Users/larse/AppData/Local/UnrealEngine/4.27/DerivedDataCache/Boot.ddc
[2026.09.23-02.51.59:899][  0]LogDerivedDataCache: FDerivedDataBackendGraph:  Pak pak cache file ../../../../../../Users/larse/OneDrive/Documentos/Unreal Projects/Terraformer/DerivedDataCache/DDC.ddp not found, will not use a pak cache.
[2026.09.23-02.51.59:899][  0]LogDerivedDataCache: Unable to find inner node Pak for hierarchical cache Hierarchy.
[2026.09.23-02.51.59:899][  0]LogDerivedDataCache: FDerivedDataBackendGraph:  CompressedPak pak cache file ../../../../../../Users/larse/OneDrive/Documentos/Unreal Projects/Terraformer/DerivedDataCache/Compressed.ddp not found, will not use a pak cache.
[2026.09.23-02.51.59:899][  0]LogDerivedDataCache: Unable to find inner node CompressedPak for hierarchical cache Hierarchy.
[2026.09.23-02.51.59:913][  0]LogDerivedDataCache: Display: Pak cache opened for reading ../../../Engine/DerivedDataCache/Compressed.ddp.
[2026.09.23-02.51.59:913][  0]LogDerivedDataCache: FDerivedDataBackendGraph:  EnterprisePak pak cache file ../../../Enterprise/DerivedDataCache/Compressed.ddp not found, will not use a pak cache.
[2026.09.23-02.51.59:913][  0]LogDerivedDataCache: Unable to find inner node EnterprisePak for hierarchical cache Hierarchy.
[2026.09.23-02.51.59:930][  0]LogDerivedDataCache: Speed tests for C:/Users/larse/AppData/Local/UnrealEngine/Common/DerivedDataCache took 0.02 seconds
[2026.09.23-02.51.59:930][  0]LogDerivedDataCache: Display: Performance to C:/Users/larse/AppData/Local/UnrealEngine/Common/DerivedDataCache: Latency=0.05ms. RandomReadSpeed=253.29MBs, RandomWriteSpeed=71.06MBs. Assigned SpeedClass 'Local'
[2026.09.23-02.51.59:931][  0]LogDerivedDataCache: Using Local data cache path C:/Users/larse/AppData/Local/UnrealEngine/Common/DerivedDataCache: Writable
[2026.09.23-02.51.59:931][  0]LogDerivedDataCache: Shared data cache path not found in *engine.ini, will not use an Shared cache.
[2026.09.23-02.51.59:931][  0]LogDerivedDataCache: Unable to find inner node Shared for hierarchical cache Hierarchy.
[2026.09.23-02.51.59:964][  0]LogSlate: Using FreeType 2.10.0
[2026.09.23-02.51.59:966][  0]LogSlate: SlateFontServices - WITH_FREETYPE: 1, WITH_HARFBUZZ: 1
[2026.09.23-02.51.59:989][  0]LogAssetRegistry: FAssetRegistry took 0.0026 seconds to start up
[2026.09.23-02.52.00:162][  0]LogInit: Selected Device Profile: [Windows]
[2026.09.23-02.52.00:162][  0]LogInit: Active device profile: [000001FE399D3600][000001FE37DBCC80 49] Windows
[2026.09.23-02.52.00:162][  0]LogInit: Profiles: [000001FE399D3600][000001FE37DBCC80 49] Windows, [000001FE39988C00][000001FE37DDCE00 49] WindowsNoEditor, [000001FE399D0C00][000001FE37DE8F80 49] WindowsServer, [000001FE3998AF00][000001FE37DED100 49] WindowsClient, [000001FE399D2E00][000001FE37DF1280 49] IOS, [000001FE39989400][000001FE37DF5400 49] iPadAir, [000001FE399D1300][000001FE37DF9580 49] iPadAir2, [000001FE397C7F00][000001FE2E675840 49] IPadPro, [000001FE397C7E00][000001FE37DFD880 49] iPadAir3, [000001FE399D2900][000001FE2E679A00 49] iPadAir4, [000001FE397C5100][000001FE2E67DB80 49] iPadMini2, [000001FE399D1700][000001FE2E680180 49] iPadMini3, [000001FE397C6900][000001FE2E684300 49] iPadMini4, [000001FE399D3700][000001FE2E688480 49] iPadMini5, [000001FE39983800][000001FE2E690740 49] iPhone6, [000001FE39983900][000001FE2E68C780 49] iPodTouch6, [000001FE397C5200][000001FE32636A00 49] iPhone7, [000001FE397C5300][000001FE2E694A40 49] iPodTouch7, [000001FE39981000][000001FE2E698B80 49] iPhone5S, [000001FE397C6C00][000001FE2E69CCC0 49] iPhone6Plus, [000001FE39982A00][000001FE2E6A4E40 49] iPhone6S, [000001FE397C4D00][000001FE2E6A8FC0 49] iPhone6SPlus, [000001FE39981700][000001FE2E6AD140 49] iPhone7Plus, [000001FE397C7D00][000001FE2E6B12C0 49] iPhoneSE, [000001FE39982300][000001FE2E6B5440 49] iPhone8, [000001FE397C7600][000001FE2E6B95C0 49] iPhone8Plus, [000001FE39980F00][000001FE2E6BD740 49] iPhoneX, [000001FE397C5A00][000001FE2E6C18C0 49] iPhoneXS, [000001FE39982C00][000001FE2E6C5A40 49] iPhoneXSMax, [000001FE397C6D00][000001FE2E6C9BC0 49] iPhoneXR, [000001FE39981400][000001FE2E6CC1C0 49] iPhone11, [000001FE397C4800][000001FE2E6D0340 49] iPhone11Pro, [000001FE39981900][000001FE2E6D44C0 49] iPhone11ProMax, [000001FE397C6500][000001FE2E6D8640 49] iPhoneSE2, [000001FE39981300][000001FE2E6DC7C0 49] iPhone12Mini, [000001FE397C7300][000001FE2E6E0940 49] iPhone12, [000001FE39982800][000001FE3227CAC0 49] iPhone12Pro, [000001FE397C7500][000001FE2E6A0C00 49] iPhone12ProMax, [000001FE39980D00][000001FE32280D40 49] iPadPro105, [000001FE397C7000][000001FE32284E80 49] iPadPro129, [000001FE39982200][000001FE32288FC0 49] iPadPro97, [000001FE397C7700][000001FE32291140 49] iPadPro2_129, [000001FE39983A00][000001FE322952C0 49] iPad5, [000001FE397C5500][000001FE32299440 49] iPad6, [000001FE39982700][000001FE3229D5C0 49] iPad7, [000001FE397C6000][000001FE322A1740 49] iPad8, [000001FE39981100][000001FE322A58C0 49] iPadPro11, [000001FE397C4300][000001FE322A9A40 49] iPadPro2_11, [000001FE39980800][000001FE322ADBC0 49] iPadPro3_129, [000001FE397C4F00][000001FE322B01C0 49] iPadPro4_129, [000001FE39982000][000001FE322B4340 49] AppleTV, [000001FE397C5400][000001FE322B84C0 49] AppleTV4K, [000001FE39981E00][000001FE322BC640 49] TVOS, [000001FE397C4200][000001FE322C07C0 49] Mac, [000001FE39982500][000001FE322C4940 49] MacClient, [000001FE397C5900][000001FE322C8AC0 49] MacNoEditor, [000001FE39980A00][000001FE322CCC40 49] MacServer, [000001FE397C4700][000001FE3228CD80 49] Linux, [000001FE39980200][000001FE322D0EC0 49] LinuxAArch64, [000001FE397C6200][000001FE322D5000 49] LinuxNoEditor, [000001FE39982100][000001FE322D9140 49] LinuxAArch64NoEditor, [000001FE39A20100][000001FE322E12C0 49] LinuxClient, [000001FE3998BF00][000001FE322E5440 49] LinuxAArch64Client, [000001FE39A21500][000001FE322E95C0 49] LinuxServer, [000001FE39988D00][000001FE322ED740 49] LinuxAArch64Server, [000001FE39A20300][000001FE322F18C0 49] Android, [000001FE3998B400][000001FE322F5A40 49] Android_Low, [000001FE39A20A00][000001FE322F9BC0 49] Android_Mid, [000001FE39989200][000001FE322FC1C0 49] Android_High, [000001FE39A20F00][000001FE32300340 49] Android_Default, [000001FE39988100][000001FE2EBC64C0 49] Android_Adreno4xx, [000001FE39A21E00][000001FE2EBCA640 49] Android_Adreno5xx_Low, [000001FE39989C00][000001FE2EBCE7C0 49] Android_Adreno5xx, [000001FE39A21300][000001FE2EBD2940 49] Android_Adreno6xx, [000001FE39988200][000001FE2EBD6AC0 49] Android_Adreno6xx_Vulkan, [000001FE39A22200][000001FE2EBDAC40 49] Android_Mali_T6xx, [000001FE3998AA00][000001FE2EBDEDC0 49] Android_Mali_T7xx, [000001FE39A20C00][000001FE2EBE2F40 49] Android_Mali_T8xx, [000001FE3998BE00][000001FE322DD080 49] Android_Mali_G71, [000001FE39A21F00][000001FE2EBE71C0 49] Android_Mali_G72, [000001FE3998A800][000001FE2EBEB300 49] Android_Mali_G72_Vulkan, [000001FE39A22000][000001FE2EBF3480 49] Android_Mali_G76, [000001FE39988A00][000001FE2EBF7600 49] Android_Mali_G76_Vulkan, [000001FE39981200][000001FE2EBFB780 49] Android_Mali_G77, [000001FE397C7200][000001FE2EBFF900 49] Android_Mali_G77_Vulkan, [000001FE39983F00][000001FE2EC03A80 49] Android_Mali_G78, [000001FE397C6B00][000001FE2EC07C00 49] Android_Mali_G78_Vulkan, [000001FE39981B00][000001FE2EC0A200 49] Android_Mali_G710, [000001FE397C7B00][000001FE2EC0E380 49] Android_Mali_G710_Vulkan, [000001FE39980600][000001FE2EC12500 49] Android_Vulkan_SM5, [000001FE397C7100][000001FE2EC16680 49] Android_PowerVR_G6xxx, [000001FE39983200][000001FE2EC1A800 49] Android_PowerVR_GT7xxx, [000001FE397C5C00][000001FE2EC1E980 49] Android_PowerVR_GE8xxx, [000001FE39980C00][000001FE2EC22B00 49] Android_PowerVR_GM9xxx, [000001FE397C7900][000001FE2EC26C80 49] Android_PowerVR_GM9xxx_Vulkan, [000001FE39A21D00][000001FE2EC2AE00 49] Android_TegraK1, [000001FE397C4900][000001FE2EC2EF80 49] Android_Unknown_Vulkan, [000001FE39A20400][000001FE2EC33100 49] Lumin, [000001FE397C6300][000001FE2EBEF240 49] Lumin_Desktop, [000001FE39A20200][000001FE2EC37380 49] HoloLens, 
[2026.09.23-02.52.00:293][  0]LogMeshReduction: Using QuadricMeshReduction for automatic static mesh reduction
[2026.09.23-02.52.00:293][  0]LogMeshReduction: Using SimplygonMeshReduction for automatic skeletal mesh reduction
[2026.09.23-02.52.00:293][  0]LogMeshReduction: Using ProxyLODMeshReduction for automatic mesh merging
[2026.09.23-02.52.00:293][  0]LogMeshReduction: No distributed automatic mesh merging module available
[2026.09.23-02.52.00:293][  0]LogMeshMerging: No distributed automatic mesh merging module available
[2026.09.23-02.52.00:310][  0]LogNetVersion: Terraformer 1.0.0, NetCL: 17155196, EngineNetVer: 17, GameNetVer: 0 (Checksum: 2084288229)
[2026.09.23-02.52.00:701][  0]LogTexture: Default maximum texture size for cubemaps generated from long-lat sources has been changed from 512 to unlimited. In order to preserve old behaiour for '/Engine/MapTemplates/Sky/DaylightAmbientCubemap.DaylightAmbientCubemap', its maximum texture size has been explicitly set to 512.
[2026.09.23-02.52.00:756][  0]LogHMD: PokeAHoleMaterial loaded successfully
[2026.09.23-02.52.00:761][  0]LogUObjectArray: 17178 objects as part of root set at end of initial load.
[2026.09.23-02.52.00:761][  0]LogUObjectAllocator: 4302048 out of 0 bytes used by permanent object pool.
[2026.09.23-02.52.00:761][  0]LogUObjectArray: CloseDisregardForGC: 0/0 objects in disregard for GC pool
[2026.09.23-02.52.00:975][  0]LogNiagaraDebuggerClient: Niagara Debugger Client Initialized | Session: 1B46A9FA416C6E144C5FD18FB081BC96 | Instance: C73FC21E4841B26DBB40D59700948EA7 (LEWLAPTOP-27528).
[2026.09.23-02.52.01:220][  0]LogPython: Using Python 3.7.7
[2026.09.23-02.52.01:564][  0]LogTcpMessaging: Initializing TcpMessaging bridge
[2026.09.23-02.52.01:570][  0]LogUdpMessaging: Initializing bridge on interface 0.0.0.0:0 to multicast group 230.0.0.1:6666.
[2026.09.23-02.52.01:710][  0]SourceControl: El control de código fuente está desactivado
[2026.09.23-02.52.01:710][  0]SourceControl: El control de código fuente está desactivado
[2026.09.23-02.52.01:712][  0]SourceControl: El control de código fuente está desactivado
[2026.09.23-02.52.01:715][  0]SourceControl: El control de código fuente está desactivado
[2026.09.23-02.52.01:724][  0]SourceControl: El control de código fuente está desactivado
[2026.09.23-02.52.01:726][  0]LogUProjectInfo: Found projects:
[2026.09.23-02.52.01:945][  0]LogOpenImageDenoise: OIDN starting up
[2026.09.23-02.52.01:977][  0]LogAndroidPermission: UAndroidPermissionCallbackProxy::GetInstance
[2026.09.23-02.52.02:001][  0]LogAudioCaptureCore: Display: No Audio Capture implementations found. Audio input will be silent.
[2026.09.23-02.52.02:001][  0]LogAudioCaptureCore: Display: No Audio Capture implementations found. Audio input will be silent.
[2026.09.23-02.52.02:104][  0]LogCollectionManager: Loaded 0 collections in 0.001379 seconds
[2026.09.23-02.52.02:126][  0]LogFileCache: Scanning file cache for directory 'C:/Users/larse/OneDrive/Documentos/Unreal Projects/Terraformer/Saved/Collections/' took 0.00s
[2026.09.23-02.52.02:126][  0]LogFileCache: Scanning file cache for directory 'C:/Users/larse/OneDrive/Documentos/Unreal Projects/Terraformer/Content/Developers/larse/Collections/' took 0.00s
[2026.09.23-02.52.02:126][  0]LogFileCache: Scanning file cache for directory 'C:/Users/larse/OneDrive/Documentos/Unreal Projects/Terraformer/Content/Collections/' took 0.00s
[2026.09.23-02.52.02:126][  0]LogOcInput: OculusInput pre-init called
[2026.09.23-02.52.02:321][  0]LogEngine: Initializing Engine...
[2026.09.23-02.52.02:333][  0]LogHMD: Failed to enumerate extensions. Please check that you have a valid OpenXR runtime installed.
[2026.09.23-02.52.02:334][  0]LogHMD: Failed to initialize OpenVR with code 110
[2026.09.23-02.52.02:334][  0]LogMagicLeap: Warning: VR disabled because ZI is not enabled.  To enable, in the editor, Edit -> Project Settings -> Plugins -> Magic Leap Plugin -> Enable Zero Iteration
[2026.09.23-02.52.02:335][  0]LogStats: UGameplayTagsManager::InitializeManager -  0.000 s
[2026.09.23-02.52.02:420][  0]LogInit: Initializing FReadOnlyCVARCache
[2026.09.23-02.52.02:429][  0]LogAIModule: Creating AISystem for world Untitled
[2026.09.23-02.52.02:432][  0]LogAudio: Display: Initializing Audio Device Manager...
[2026.09.23-02.52.02:436][  0]LogAudio: Display: Loading Default Audio Settings Objects...
[2026.09.23-02.52.02:436][  0]LogAudio: Display: No default SoundConcurrencyObject specified (or failed to load).
[2026.09.23-02.52.02:437][  0]LogAudio: Display: Audio Device Manager Initialized
[2026.09.23-02.52.02:437][  0]LogAudio: Display: Creating Audio Device:                 Id: 1, Scope: Shared, Realtime: True
[2026.09.23-02.52.02:437][  0]LogAudioMixer: Display: Audio Mixer Platform Settings:
[2026.09.23-02.52.02:437][  0]LogAudioMixer: Display: 	Sample Rate:						  48000
[2026.09.23-02.52.02:437][  0]LogAudioMixer: Display: 	Callback Buffer Frame Size Requested: 1024
[2026.09.23-02.52.02:437][  0]LogAudioMixer: Display: 	Callback Buffer Frame Size To Use:	  1024
[2026.09.23-02.52.02:437][  0]LogAudioMixer: Display: 	Number of buffers to queue:			  2
[2026.09.23-02.52.02:437][  0]LogAudioMixer: Display: 	Max Channels (voices):				  32
[2026.09.23-02.52.02:437][  0]LogAudioMixer: Display: 	Number of Async Source Workers:		  0
[2026.09.23-02.52.02:437][  0]LogAudio: Display: AudioDevice MaxSources: 32
[2026.09.23-02.52.02:437][  0]LogAudio: Display: Audio Spatialization Plugin: None (built-in).
[2026.09.23-02.52.02:437][  0]LogAudio: Display: Audio Reverb Plugin: None (built-in).
[2026.09.23-02.52.02:437][  0]LogAudio: Display: Audio Occlusion Plugin: None (built-in).
[2026.09.23-02.52.02:437][  0]LogAudioMixer: Display: Initializing audio mixer.
[2026.09.23-02.52.02:445][  0]LogAudioMixer: Display: 0: FrontLeft
[2026.09.23-02.52.02:445][  0]LogAudioMixer: Display: 1: FrontRight
[2026.09.23-02.52.02:517][  0]LogAudioMixer: Display: Using Audio Device Altavoces (Realtek(R) Audio)
[2026.09.23-02.52.02:519][  0]LogAudioMixer: Display: Initializing Sound Submixes...
[2026.09.23-02.52.02:519][  0]LogAudioMixer: Display: Creating Master Submix 'MasterSubmixDefault'
[2026.09.23-02.52.02:521][  0]LogAudioMixer: Display: Creating Master Submix 'MasterReverbSubmixDefault'
[2026.09.23-02.52.02:521][  0]LogAudioMixer: Display: Creating Master Submix 'MasterEQSubmixDefault'
[2026.09.23-02.52.02:521][  0]LogAudioMixer: FMixerPlatformXAudio2::StartAudioStream() called
[2026.09.23-02.52.02:521][  0]LogAudioMixer: Display: Output buffers initialized: Frames=1024, Channels=2, Samples=2048
[2026.09.23-02.52.02:521][  0]LogAudioMixer: Display: Starting AudioMixerPlatformInterface::RunInternal()
[2026.09.23-02.52.02:521][  0]LogAudioMixer: Display: FMixerPlatformXAudio2::SubmitBuffer() called for the first time
[2026.09.23-02.52.02:521][  0]LogInit: FAudioDevice initialized.
[2026.09.23-02.52.02:522][  0]LogAudio: Display: Audio Device (ID: 1) registered with world 'Untitled'.
[2026.09.23-02.52.02:522][  0]LogNetVersion: Set ProjectVersion to 1.0.0.0. Version Checksum will be recalculated on next use.
[2026.09.23-02.52.02:566][  0]LogDerivedDataCache: Saved boot cache 0.04s 94MB C:/Users/larse/AppData/Local/UnrealEngine/4.27/DerivedDataCache/Boot.ddc.
[2026.09.23-02.52.02:567][  0]LogInit: Texture streaming: Enabled
[2026.09.23-02.52.02:578][  0]LogAnalytics: Display: [UEEditor.Rocket.Release] APIServer = https://datarouter.ol.epicgames.com/. AppVersion = 4.27.2-18319896+++UE4+Release-4.27
[2026.09.23-02.52.02:585][  0]LogEngineSessionManager: EngineSessionManager initialized
[2026.09.23-02.52.02:585][  0]LogEditorSessionSummary: Verbose: Initializing EditorSessionSummaryWriter for editor session tracking
[2026.09.23-02.52.02:591][  0]LogEditorSessionSummary: EditorSessionSummaryWriter initialized
[2026.09.23-02.52.02:623][  0]LogInit: Transaction tracking system initialized
[2026.09.23-02.52.02:644][  0]BlueprintLog: New page: Cargar el editor
[2026.09.23-02.52.02:696][  0]LocalizationService: Localization service is disabled
[2026.09.23-02.52.02:719][  0]TimingProfiler: Initialize
[2026.09.23-02.52.02:719][  0]TimingProfiler: OnSessionChanged
[2026.09.23-02.52.02:719][  0]LoadingProfiler: Initialize
[2026.09.23-02.52.02:719][  0]LoadingProfiler: OnSessionChanged
[2026.09.23-02.52.02:719][  0]NetworkingProfiler: Initialize
[2026.09.23-02.52.02:719][  0]NetworkingProfiler: OnSessionChanged
[2026.09.23-02.52.02:719][  0]MemoryProfiler: Initialize
[2026.09.23-02.52.02:719][  0]MemoryProfiler: OnSessionChanged
[2026.09.23-02.52.02:848][  0]LogCook: Display: CookSettings for Memory: MemoryMaxUsedVirtual 0MiB, MemoryMaxUsedPhysical 16384MiB, MemoryMinFreeVirtual 0MiB, MemoryMinFreePhysical 1024MiB
[2026.09.23-02.52.02:848][  0]LogCook: Display: Mobile HDR setting 1
[2026.09.23-02.52.03:026][  0]LogFileCache: Scanning file cache for directory 'C:/Users/larse/OneDrive/Documentos/Unreal Projects/Terraformer/Content/' took 0.00s
[2026.09.23-02.52.03:166][  0]LogInit: Display: Engine is initialized. Leaving FEngineLoop::Init()
[2026.09.23-02.52.03:170][  0]SourceControl: El control de código fuente está desactivado
[2026.09.23-02.52.03:170][  0]LogUnrealEdMisc: Loading editor; pre map load, took 6.503
[2026.09.23-02.52.03:171][  0]Cmd: MAP LOAD FILE="../../../Engine/Content/Maps/Templates/Template_Default.umap" TEMPLATE=1 SHOWPROGRESS=1 FEATURELEVEL=3
[2026.09.23-02.52.03:171][  0]LightingResults: New page: Diseñar la iluminación
[2026.09.23-02.52.03:172][  0]LogWorld: UWorld::CleanupWorld for Untitled, bSessionEnded=true, bCleanupResources=true
[2026.09.23-02.52.03:172][  0]LogSlate: InvalidateAllWidgets triggered.  All widgets were invalidated
[2026.09.23-02.52.03:172][  0]MapCheck: New page: Revisión del mapa
[2026.09.23-02.52.03:172][  0]LightingResults: New page: Diseñar la iluminación
[2026.09.23-02.52.03:176][  0]LogAudio: Display: Audio Device unregistered from world 'None'.
[2026.09.23-02.52.03:179][  0]LogUObjectHash: Compacting FUObjectHashTables data took   0.50ms
[2026.09.23-02.52.03:211][  0]LogTexture: Display: Building textures: DeprecatedTextureEB9CBE3C423008B5E8E130901E171C89 (BGRA8, 128X128)
[2026.09.23-02.52.03:218][  0]LogAudio: Display: Audio Device (ID: 1) registered with world 'Untitled_1'.
[2026.09.23-02.52.03:218][  0]LogAIModule: Creating AISystem for world Untitled_1
[2026.09.23-02.52.03:227][  0]LogEditorServer: Finished looking for orphan Actors (0.000 secs)
[2026.09.23-02.52.03:247][  0]LogUObjectHash: Compacting FUObjectHashTables data took   0.56ms
[2026.09.23-02.52.03:247][  0]Cmd: MAP CHECKDEP NOCLEARLOG
[2026.09.23-02.52.03:247][  0]MapCheck: Map check complete: 0 Error(s), 0 Warning(s), took 0.13ms to complete.
[2026.09.23-02.52.03:247][  0]LogFileHelpers: Loading map 'Template_Default' took 0.076
[2026.09.23-02.52.03:248][  0]LogUnrealEdMisc: Total Editor Startup Time, took 6.581
[2026.09.23-02.52.03:396][  0]LogSlate: Updating window title bar state: overlay mode, drag disabled, window buttons hidden, title bar hidden
[2026.09.23-02.52.03:406][  0]LogSlate: Updating window title bar state: overlay mode, drag disabled, window buttons hidden, title bar hidden
[2026.09.23-02.52.03:411][  0]LogSlate: Updating window title bar state: overlay mode, drag disabled, window buttons hidden, title bar hidden
[2026.09.23-02.52.03:414][  0]LogSlate: Updating window title bar state: overlay mode, drag disabled, window buttons hidden, title bar hidden
[2026.09.23-02.52.03:445][  0]LogNativeClassHierarchy: Verbose: Native class hierarchy populated in 0.0085 seconds. Added 3822 classes and 928 folders.
[2026.09.23-02.52.03:452][  0]LogNativeClassHierarchy: Verbose: Native class hierarchy updated for 'WidgetCarousel' in 0.0002 seconds. Added 0 classes and 0 folders.
[2026.09.23-02.52.03:457][  0]LogPakFile: PakFile PrimaryIndexSize=187
[2026.09.23-02.52.03:457][  0]LogPakFile: PakFile PathHashIndexSize=101
[2026.09.23-02.52.03:457][  0]LogPakFile: PakFile FullDirectoryIndexSize=148
[2026.09.23-02.52.03:457][  0]LogShaderLibrary: Display: ShaderCodeLibraryPakFileMountedCallback: PakFile 'C:/Program Files/Epic Games/UE_4.27/FeaturePacks/FP_FirstPerson.upack' (chunk index -1, root 'root:/') mounted
[2026.09.23-02.52.03:457][  0]LogShaderLibrary: Display: ShaderCodeLibraryPakFileMountedCallback: pending pak file info (ChunkID:-1 Root:root:/ File:C:/Program Files/Epic Games/UE_4.27/FeaturePacks/FP_FirstPerson.upack)
[2026.09.23-02.52.03:457][  0]LogPakFile: OnPakFileMounted2Time == 0.000860
[2026.09.23-02.52.03:460][  0]LogPakFile: PakFile PrimaryIndexSize=189
[2026.09.23-02.52.03:460][  0]LogPakFile: PakFile PathHashIndexSize=101
[2026.09.23-02.52.03:460][  0]LogPakFile: PakFile FullDirectoryIndexSize=152
[2026.09.23-02.52.03:460][  0]LogShaderLibrary: Display: ShaderCodeLibraryPakFileMountedCallback: PakFile 'C:/Program Files/Epic Games/UE_4.27/FeaturePacks/FP_FirstPersonBP.upack' (chunk index -1, root 'root:/') mounted
[2026.09.23-02.52.03:460][  0]LogShaderLibrary: Display: ShaderCodeLibraryPakFileMountedCallback: pending pak file info (ChunkID:-1 Root:root:/ File:C:/Program Files/Epic Games/UE_4.27/FeaturePacks/FP_FirstPersonBP.upack)
[2026.09.23-02.52.03:460][  0]LogPakFile: OnPakFileMounted2Time == 0.000047
[2026.09.23-02.52.03:462][  0]LogPakFile: PakFile PrimaryIndexSize=191
[2026.09.23-02.52.03:462][  0]LogPakFile: PakFile PathHashIndexSize=101
[2026.09.23-02.52.03:462][  0]LogPakFile: PakFile FullDirectoryIndexSize=160
[2026.09.23-02.52.03:462][  0]LogShaderLibrary: Display: ShaderCodeLibraryPakFileMountedCallback: PakFile 'C:/Program Files/Epic Games/UE_4.27/FeaturePacks/MobileStarterContent.upack' (chunk index -1, root 'root:/') mounted
[2026.09.23-02.52.03:462][  0]LogShaderLibrary: Display: ShaderCodeLibraryPakFileMountedCallback: pending pak file info (ChunkID:-1 Root:root:/ File:C:/Program Files/Epic Games/UE_4.27/FeaturePacks/MobileStarterContent.upack)
[2026.09.23-02.52.03:462][  0]LogPakFile: OnPakFileMounted2Time == 0.000042
[2026.09.23-02.52.03:463][  0]LogPakFile: PakFile PrimaryIndexSize=185
[2026.09.23-02.52.03:463][  0]LogPakFile: PakFile PathHashIndexSize=101
[2026.09.23-02.52.03:463][  0]LogPakFile: PakFile FullDirectoryIndexSize=148
[2026.09.23-02.52.03:463][  0]LogShaderLibrary: Display: ShaderCodeLibraryPakFileMountedCallback: PakFile 'C:/Program Files/Epic Games/UE_4.27/FeaturePacks/StarterContent.upack' (chunk index -1, root 'root:/') mounted
[2026.09.23-02.52.03:463][  0]LogShaderLibrary: Display: ShaderCodeLibraryPakFileMountedCallback: pending pak file info (ChunkID:-1 Root:root:/ File:C:/Program Files/Epic Games/UE_4.27/FeaturePacks/StarterContent.upack)
[2026.09.23-02.52.03:463][  0]LogPakFile: OnPakFileMounted2Time == 0.000040
[2026.09.23-02.52.03:465][  0]LogPakFile: PakFile PrimaryIndexSize=190
[2026.09.23-02.52.03:465][  0]LogPakFile: PakFile PathHashIndexSize=101
[2026.09.23-02.52.03:465][  0]LogPakFile: PakFile FullDirectoryIndexSize=154
[2026.09.23-02.52.03:465][  0]LogShaderLibrary: Display: ShaderCodeLibraryPakFileMountedCallback: PakFile 'C:/Program Files/Epic Games/UE_4.27/FeaturePacks/TP_2DSideScroller.upack' (chunk index -1, root 'root:/') mounted
[2026.09.23-02.52.03:465][  0]LogShaderLibrary: Display: ShaderCodeLibraryPakFileMountedCallback: pending pak file info (ChunkID:-1 Root:root:/ File:C:/Program Files/Epic Games/UE_4.27/FeaturePacks/TP_2DSideScroller.upack)
[2026.09.23-02.52.03:465][  0]LogPakFile: OnPakFileMounted2Time == 0.000043
[2026.09.23-02.52.03:466][  0]LogPakFile: PakFile PrimaryIndexSize=192
[2026.09.23-02.52.03:467][  0]LogPakFile: PakFile PathHashIndexSize=101
[2026.09.23-02.52.03:467][  0]LogPakFile: PakFile FullDirectoryIndexSize=158
[2026.09.23-02.52.03:467][  0]LogShaderLibrary: Display: ShaderCodeLibraryPakFileMountedCallback: PakFile 'C:/Program Files/Epic Games/UE_4.27/FeaturePacks/TP_2DSideScrollerBP.upack' (chunk index -1, root 'root:/') mounted
[2026.09.23-02.52.03:467][  0]LogShaderLibrary: Display: ShaderCodeLibraryPakFileMountedCallback: pending pak file info (ChunkID:-1 Root:root:/ File:C:/Program Files/Epic Games/UE_4.27/FeaturePacks/TP_2DSideScrollerBP.upack)
[2026.09.23-02.52.03:467][  0]LogPakFile: OnPakFileMounted2Time == 0.000041
[2026.09.23-02.52.03:468][  0]LogPakFile: PakFile PrimaryIndexSize=182
[2026.09.23-02.52.03:468][  0]LogPakFile: PakFile PathHashIndexSize=101
[2026.09.23-02.52.03:468][  0]LogPakFile: PakFile FullDirectoryIndexSize=138
[2026.09.23-02.52.03:468][  0]LogShaderLibrary: Display: ShaderCodeLibraryPakFileMountedCallback: PakFile 'C:/Program Files/Epic Games/UE_4.27/FeaturePacks/TP_Flying.upack' (chunk index -1, root 'root:/') mounted
[2026.09.23-02.52.03:468][  0]LogShaderLibrary: Display: ShaderCodeLibraryPakFileMountedCallback: pending pak file info (ChunkID:-1 Root:root:/ File:C:/Program Files/Epic Games/UE_4.27/FeaturePacks/TP_Flying.upack)
[2026.09.23-02.52.03:468][  0]LogPakFile: OnPakFileMounted2Time == 0.000034
[2026.09.23-02.52.03:469][  0]LogPakFile: PakFile PrimaryIndexSize=184
[2026.09.23-02.52.03:469][  0]LogPakFile: PakFile PathHashIndexSize=101
[2026.09.23-02.52.03:469][  0]LogPakFile: PakFile FullDirectoryIndexSize=142
[2026.09.23-02.52.03:469][  0]LogShaderLibrary: Display: ShaderCodeLibraryPakFileMountedCallback: PakFile 'C:/Program Files/Epic Games/UE_4.27/FeaturePacks/TP_FlyingBP.upack' (chunk index -1, root 'root:/') mounted
[2026.09.23-02.52.03:469][  0]LogShaderLibrary: Display: ShaderCodeLibraryPakFileMountedCallback: pending pak file info (ChunkID:-1 Root:root:/ File:C:/Program Files/Epic Games/UE_4.27/FeaturePacks/TP_FlyingBP.upack)
[2026.09.23-02.52.03:469][  0]LogPakFile: OnPakFileMounted2Time == 0.000033
[2026.09.23-02.52.03:470][  0]LogPakFile: PakFile PrimaryIndexSize=188
[2026.09.23-02.52.03:470][  0]LogPakFile: PakFile PathHashIndexSize=101
[2026.09.23-02.52.03:470][  0]LogPakFile: PakFile FullDirectoryIndexSize=150
[2026.09.23-02.52.03:470][  0]LogShaderLibrary: Display: ShaderCodeLibraryPakFileMountedCallback: PakFile 'C:/Program Files/Epic Games/UE_4.27/FeaturePacks/TP_HandheldARBP.upack' (chunk index -1, root 'root:/') mounted
[2026.09.23-02.52.03:470][  0]LogShaderLibrary: Display: ShaderCodeLibraryPakFileMountedCallback: pending pak file info (ChunkID:-1 Root:root:/ File:C:/Program Files/Epic Games/UE_4.27/FeaturePacks/TP_HandheldARBP.upack)
[2026.09.23-02.52.03:470][  0]LogPakFile: OnPakFileMounted2Time == 0.000050
[2026.09.23-02.52.03:472][  0]LogPakFile: PakFile PrimaryIndexSize=182
[2026.09.23-02.52.03:472][  0]LogPakFile: PakFile PathHashIndexSize=101
[2026.09.23-02.52.03:472][  0]LogPakFile: PakFile FullDirectoryIndexSize=138
[2026.09.23-02.52.03:472][  0]LogShaderLibrary: Display: ShaderCodeLibraryPakFileMountedCallback: PakFile 'C:/Program Files/Epic Games/UE_4.27/FeaturePacks/TP_Puzzle.upack' (chunk index -1, root 'root:/') mounted
[2026.09.23-02.52.03:472][  0]LogShaderLibrary: Display: ShaderCodeLibraryPakFileMountedCallback: pending pak file info (ChunkID:-1 Root:root:/ File:C:/Program Files/Epic Games/UE_4.27/FeaturePacks/TP_Puzzle.upack)
[2026.09.23-02.52.03:472][  0]LogPakFile: OnPakFileMounted2Time == 0.000042
[2026.09.23-02.52.03:474][  0]LogPakFile: PakFile PrimaryIndexSize=184
[2026.09.23-02.52.03:474][  0]LogPakFile: PakFile PathHashIndexSize=101
[2026.09.23-02.52.03:474][  0]LogPakFile: PakFile FullDirectoryIndexSize=142
[2026.09.23-02.52.03:474][  0]LogShaderLibrary: Display: ShaderCodeLibraryPakFileMountedCallback: PakFile 'C:/Program Files/Epic Games/UE_4.27/FeaturePacks/TP_PuzzleBP.upack' (chunk index -1, root 'root:/') mounted
[2026.09.23-02.52.03:474][  0]LogShaderLibrary: Display: ShaderCodeLibraryPakFileMountedCallback: pending pak file info (ChunkID:-1 Root:root:/ File:C:/Program Files/Epic Games/UE_4.27/FeaturePacks/TP_PuzzleBP.upack)
[2026.09.23-02.52.03:474][  0]LogPakFile: OnPakFileMounted2Time == 0.000035
[2026.09.23-02.52.03:475][  0]LogPakFile: PakFile PrimaryIndexSize=183
[2026.09.23-02.52.03:475][  0]LogPakFile: PakFile PathHashIndexSize=101
[2026.09.23-02.52.03:475][  0]LogPakFile: PakFile FullDirectoryIndexSize=140
[2026.09.23-02.52.03:475][  0]LogShaderLibrary: Display: ShaderCodeLibraryPakFileMountedCallback: PakFile 'C:/Program Files/Epic Games/UE_4.27/FeaturePacks/TP_Rolling.upack' (chunk index -1, root 'root:/') mounted
[2026.09.23-02.52.03:475][  0]LogShaderLibrary: Display: ShaderCodeLibraryPakFileMountedCallback: pending pak file info (ChunkID:-1 Root:root:/ File:C:/Program Files/Epic Games/UE_4.27/FeaturePacks/TP_Rolling.upack)
[2026.09.23-02.52.03:475][  0]LogPakFile: OnPakFileMounted2Time == 0.000044
[2026.09.23-02.52.03:477][  0]LogPakFile: PakFile PrimaryIndexSize=185
[2026.09.23-02.52.03:477][  0]LogPakFile: PakFile PathHashIndexSize=101
[2026.09.23-02.52.03:477][  0]LogPakFile: PakFile FullDirectoryIndexSize=144
[2026.09.23-02.52.03:477][  0]LogShaderLibrary: Display: ShaderCodeLibraryPakFileMountedCallback: PakFile 'C:/Program Files/Epic Games/UE_4.27/FeaturePacks/TP_RollingBP.upack' (chunk index -1, root 'root:/') mounted
[2026.09.23-02.52.03:477][  0]LogShaderLibrary: Display: ShaderCodeLibraryPakFileMountedCallback: pending pak file info (ChunkID:-1 Root:root:/ File:C:/Program Files/Epic Games/UE_4.27/FeaturePacks/TP_RollingBP.upack)
[2026.09.23-02.52.03:477][  0]LogPakFile: OnPakFileMounted2Time == 0.000037
[2026.09.23-02.52.03:478][  0]LogPakFile: PakFile PrimaryIndexSize=188
[2026.09.23-02.52.03:478][  0]LogPakFile: PakFile PathHashIndexSize=101
[2026.09.23-02.52.03:478][  0]LogPakFile: PakFile FullDirectoryIndexSize=150
[2026.09.23-02.52.03:478][  0]LogShaderLibrary: Display: ShaderCodeLibraryPakFileMountedCallback: PakFile 'C:/Program Files/Epic Games/UE_4.27/FeaturePacks/TP_SideScroller.upack' (chunk index -1, root 'root:/') mounted
[2026.09.23-02.52.03:478][  0]LogShaderLibrary: Display: ShaderCodeLibraryPakFileMountedCallback: pending pak file info (ChunkID:-1 Root:root:/ File:C:/Program Files/Epic Games/UE_4.27/FeaturePacks/TP_SideScroller.upack)
[2026.09.23-02.52.03:478][  0]LogPakFile: OnPakFileMounted2Time == 0.000034
[2026.09.23-02.52.03:479][  0]LogPakFile: PakFile PrimaryIndexSize=190
[2026.09.23-02.52.03:479][  0]LogPakFile: PakFile PathHashIndexSize=101
[2026.09.23-02.52.03:479][  0]LogPakFile: PakFile FullDirectoryIndexSize=154
[2026.09.23-02.52.03:479][  0]LogShaderLibrary: Display: ShaderCodeLibraryPakFileMountedCallback: PakFile 'C:/Program Files/Epic Games/UE_4.27/FeaturePacks/TP_SideScrollerBP.upack' (chunk index -1, root 'root:/') mounted
[2026.09.23-02.52.03:479][  0]LogShaderLibrary: Display: ShaderCodeLibraryPakFileMountedCallback: pending pak file info (ChunkID:-1 Root:root:/ File:C:/Program Files/Epic Games/UE_4.27/FeaturePacks/TP_SideScrollerBP.upack)
[2026.09.23-02.52.03:480][  0]LogPakFile: OnPakFileMounted2Time == 0.000034
[2026.09.23-02.52.03:481][  0]LogPakFile: PakFile PrimaryIndexSize=187
[2026.09.23-02.52.03:481][  0]LogPakFile: PakFile PathHashIndexSize=101
[2026.09.23-02.52.03:481][  0]LogPakFile: PakFile FullDirectoryIndexSize=148
[2026.09.23-02.52.03:481][  0]LogShaderLibrary: Display: ShaderCodeLibraryPakFileMountedCallback: PakFile 'C:/Program Files/Epic Games/UE_4.27/FeaturePacks/TP_ThirdPerson.upack' (chunk index -1, root 'root:/') mounted
[2026.09.23-02.52.03:481][  0]LogShaderLibrary: Display: ShaderCodeLibraryPakFileMountedCallback: pending pak file info (ChunkID:-1 Root:root:/ File:C:/Program Files/Epic Games/UE_4.27/FeaturePacks/TP_ThirdPerson.upack)
[2026.09.23-02.52.03:481][  0]LogPakFile: OnPakFileMounted2Time == 0.000043
[2026.09.23-02.52.03:482][  0]LogPakFile: PakFile PrimaryIndexSize=189
[2026.09.23-02.52.03:482][  0]LogPakFile: PakFile PathHashIndexSize=101
[2026.09.23-02.52.03:482][  0]LogPakFile: PakFile FullDirectoryIndexSize=152
[2026.09.23-02.52.03:482][  0]LogShaderLibrary: Display: ShaderCodeLibraryPakFileMountedCallback: PakFile 'C:/Program Files/Epic Games/UE_4.27/FeaturePacks/TP_ThirdPersonBP.upack' (chunk index -1, root 'root:/') mounted
[2026.09.23-02.52.03:482][  0]LogShaderLibrary: Display: ShaderCodeLibraryPakFileMountedCallback: pending pak file info (ChunkID:-1 Root:root:/ File:C:/Program Files/Epic Games/UE_4.27/FeaturePacks/TP_ThirdPersonBP.upack)
[2026.09.23-02.52.03:482][  0]LogPakFile: OnPakFileMounted2Time == 0.000033
[2026.09.23-02.52.03:482][  0]LogPakFile: PakFile PrimaryIndexSize=183
[2026.09.23-02.52.03:482][  0]LogPakFile: PakFile PathHashIndexSize=101
[2026.09.23-02.52.03:482][  0]LogPakFile: PakFile FullDirectoryIndexSize=140
[2026.09.23-02.52.03:482][  0]LogShaderLibrary: Display: ShaderCodeLibraryPakFileMountedCallback: PakFile 'C:/Program Files/Epic Games/UE_4.27/FeaturePacks/TP_TopDown.upack' (chunk index -1, root 'root:/') mounted
[2026.09.23-02.52.03:482][  0]LogShaderLibrary: Display: ShaderCodeLibraryPakFileMountedCallback: pending pak file info (ChunkID:-1 Root:root:/ File:C:/Program Files/Epic Games/UE_4.27/FeaturePacks/TP_TopDown.upack)
[2026.09.23-02.52.03:482][  0]LogPakFile: OnPakFileMounted2Time == 0.000043
[2026.09.23-02.52.03:485][  0]LogPakFile: PakFile PrimaryIndexSize=185
[2026.09.23-02.52.03:485][  0]LogPakFile: PakFile PathHashIndexSize=101
[2026.09.23-02.52.03:485][  0]LogPakFile: PakFile FullDirectoryIndexSize=144
[2026.09.23-02.52.03:485][  0]LogShaderLibrary: Display: ShaderCodeLibraryPakFileMountedCallback: PakFile 'C:/Program Files/Epic Games/UE_4.27/FeaturePacks/TP_TopDownBP.upack' (chunk index -1, root 'root:/') mounted
[2026.09.23-02.52.03:485][  0]LogShaderLibrary: Display: ShaderCodeLibraryPakFileMountedCallback: pending pak file info (ChunkID:-1 Root:root:/ File:C:/Program Files/Epic Games/UE_4.27/FeaturePacks/TP_TopDownBP.upack)
[2026.09.23-02.52.03:485][  0]LogPakFile: OnPakFileMounted2Time == 0.000036
[2026.09.23-02.52.03:486][  0]LogPakFile: PakFile PrimaryIndexSize=185
[2026.09.23-02.52.03:486][  0]LogPakFile: PakFile PathHashIndexSize=101
[2026.09.23-02.52.03:486][  0]LogPakFile: PakFile FullDirectoryIndexSize=144
[2026.09.23-02.52.03:486][  0]LogShaderLibrary: Display: ShaderCodeLibraryPakFileMountedCallback: PakFile 'C:/Program Files/Epic Games/UE_4.27/FeaturePacks/TP_TwinStick.upack' (chunk index -1, root 'root:/') mounted
[2026.09.23-02.52.03:486][  0]LogShaderLibrary: Display: ShaderCodeLibraryPakFileMountedCallback: pending pak file info (ChunkID:-1 Root:root:/ File:C:/Program Files/Epic Games/UE_4.27/FeaturePacks/TP_TwinStick.upack)
[2026.09.23-02.52.03:486][  0]LogPakFile: OnPakFileMounted2Time == 0.000043
[2026.09.23-02.52.03:487][  0]LogPakFile: PakFile PrimaryIndexSize=187
[2026.09.23-02.52.03:487][  0]LogPakFile: PakFile PathHashIndexSize=101
[2026.09.23-02.52.03:488][  0]LogPakFile: PakFile FullDirectoryIndexSize=148
[2026.09.23-02.52.03:488][  0]LogShaderLibrary: Display: ShaderCodeLibraryPakFileMountedCallback: PakFile 'C:/Program Files/Epic Games/UE_4.27/FeaturePacks/TP_TwinStickBP.upack' (chunk index -1, root 'root:/') mounted
[2026.09.23-02.52.03:488][  0]LogShaderLibrary: Display: ShaderCodeLibraryPakFileMountedCallback: pending pak file info (ChunkID:-1 Root:root:/ File:C:/Program Files/Epic Games/UE_4.27/FeaturePacks/TP_TwinStickBP.upack)
[2026.09.23-02.52.03:488][  0]LogPakFile: OnPakFileMounted2Time == 0.000034
[2026.09.23-02.52.03:489][  0]LogPakFile: PakFile PrimaryIndexSize=183
[2026.09.23-02.52.03:489][  0]LogPakFile: PakFile PathHashIndexSize=101
[2026.09.23-02.52.03:489][  0]LogPakFile: PakFile FullDirectoryIndexSize=140
[2026.09.23-02.52.03:489][  0]LogShaderLibrary: Display: ShaderCodeLibraryPakFileMountedCallback: PakFile 'C:/Program Files/Epic Games/UE_4.27/FeaturePacks/TP_Vehicle.upack' (chunk index -1, root 'root:/') mounted
[2026.09.23-02.52.03:489][  0]LogShaderLibrary: Display: ShaderCodeLibraryPakFileMountedCallback: pending pak file info (ChunkID:-1 Root:root:/ File:C:/Program Files/Epic Games/UE_4.27/FeaturePacks/TP_Vehicle.upack)
[2026.09.23-02.52.03:489][  0]LogPakFile: OnPakFileMounted2Time == 0.000034
[2026.09.23-02.52.03:490][  0]LogPakFile: PakFile PrimaryIndexSize=186
[2026.09.23-02.52.03:490][  0]LogPakFile: PakFile PathHashIndexSize=101
[2026.09.23-02.52.03:490][  0]LogPakFile: PakFile FullDirectoryIndexSize=146
[2026.09.23-02.52.03:490][  0]LogShaderLibrary: Display: ShaderCodeLibraryPakFileMountedCallback: PakFile 'C:/Program Files/Epic Games/UE_4.27/FeaturePacks/TP_VehicleAdv.upack' (chunk index -1, root 'root:/') mounted
[2026.09.23-02.52.03:490][  0]LogShaderLibrary: Display: ShaderCodeLibraryPakFileMountedCallback: pending pak file info (ChunkID:-1 Root:root:/ File:C:/Program Files/Epic Games/UE_4.27/FeaturePacks/TP_VehicleAdv.upack)
[2026.09.23-02.52.03:490][  0]LogPakFile: OnPakFileMounted2Time == 0.000034
[2026.09.23-02.52.03:491][  0]LogPakFile: PakFile PrimaryIndexSize=188
[2026.09.23-02.52.03:491][  0]LogPakFile: PakFile PathHashIndexSize=101
[2026.09.23-02.52.03:491][  0]LogPakFile: PakFile FullDirectoryIndexSize=150
[2026.09.23-02.52.03:491][  0]LogShaderLibrary: Display: ShaderCodeLibraryPakFileMountedCallback: PakFile 'C:/Program Files/Epic Games/UE_4.27/FeaturePacks/TP_VehicleAdvBP.upack' (chunk index -1, root 'root:/') mounted
[2026.09.23-02.52.03:491][  0]LogShaderLibrary: Display: ShaderCodeLibraryPakFileMountedCallback: pending pak file info (ChunkID:-1 Root:root:/ File:C:/Program Files/Epic Games/UE_4.27/FeaturePacks/TP_VehicleAdvBP.upack)
[2026.09.23-02.52.03:491][  0]LogPakFile: OnPakFileMounted2Time == 0.000038
[2026.09.23-02.52.03:492][  0]LogPakFile: PakFile PrimaryIndexSize=185
[2026.09.23-02.52.03:492][  0]LogPakFile: PakFile PathHashIndexSize=101
[2026.09.23-02.52.03:492][  0]LogPakFile: PakFile FullDirectoryIndexSize=144
[2026.09.23-02.52.03:492][  0]LogShaderLibrary: Display: ShaderCodeLibraryPakFileMountedCallback: PakFile 'C:/Program Files/Epic Games/UE_4.27/FeaturePacks/TP_VehicleBP.upack' (chunk index -1, root 'root:/') mounted
[2026.09.23-02.52.03:492][  0]LogShaderLibrary: Display: ShaderCodeLibraryPakFileMountedCallback: pending pak file info (ChunkID:-1 Root:root:/ File:C:/Program Files/Epic Games/UE_4.27/FeaturePacks/TP_VehicleBP.upack)
[2026.09.23-02.52.03:492][  0]LogPakFile: OnPakFileMounted2Time == 0.000030
[2026.09.23-02.52.03:493][  0]LogPakFile: PakFile PrimaryIndexSize=192
[2026.09.23-02.52.03:493][  0]LogPakFile: PakFile PathHashIndexSize=101
[2026.09.23-02.52.03:493][  0]LogPakFile: PakFile FullDirectoryIndexSize=158
[2026.09.23-02.52.03:493][  0]LogShaderLibrary: Display: ShaderCodeLibraryPakFileMountedCallback: PakFile 'C:/Program Files/Epic Games/UE_4.27/FeaturePacks/TP_VirtualRealityBP.upack' (chunk index -1, root 'root:/') mounted
[2026.09.23-02.52.03:493][  0]LogShaderLibrary: Display: ShaderCodeLibraryPakFileMountedCallback: pending pak file info (ChunkID:-1 Root:root:/ File:C:/Program Files/Epic Games/UE_4.27/FeaturePacks/TP_VirtualRealityBP.upack)
[2026.09.23-02.52.03:493][  0]LogPakFile: OnPakFileMounted2Time == 0.000033
[2026.09.23-02.52.03:608][  0]LogNativeClassHierarchy: Verbose: Native class hierarchy updated for 'AddContentDialog' in 0.0002 seconds. Added 0 classes and 0 folders.
[2026.09.23-02.52.03:609][  0]LogNativeClassHierarchy: Verbose: Native class hierarchy updated for 'SceneOutliner' in 0.0002 seconds. Added 2 classes and 0 folders.
[2026.09.23-02.52.03:757][  0]LogSlate: Took 0.000196 seconds to synchronously load lazily loaded font '../../../Engine/Content/Slate/Fonts/Roboto-Regular.ttf' (155K)
[2026.09.23-02.52.03:759][  0]LogSlate: Took 0.000729 seconds to synchronously load lazily loaded font '../../../Engine/Content/Editor/Slate/Fonts/FontAwesome.ttf' (139K)
[2026.09.23-02.52.03:760][  0]LogSlate: Took 0.000252 seconds to synchronously load lazily loaded font '../../../Engine/Content/Slate/Fonts/Roboto-Bold.ttf' (160K)
[2026.09.23-02.52.03:855][  0]LogRenderer: Reallocating scene render targets to support 972x492 Format 10 NumSamples 1 (Frame:1).
[2026.09.23-02.52.04:029][  0]LogNativeClassHierarchy: Verbose: Native class hierarchy updated for 'HierarchicalLODOutliner' in 0.0002 seconds. Added 0 classes and 0 folders.
[2026.09.23-02.52.04:029][  0]LogLoad: (Engine Initialization) Total time: 7.36 seconds
[2026.09.23-02.52.04:029][  0]LogLoad: (Engine Initialization) Total Blueprint compile time: 0.00 seconds
[2026.09.23-02.52.04:072][  0]LogAssetRegistry: Asset discovery search completed in 4.0840 seconds
[2026.09.23-02.52.04:077][  0]LogCollectionManager: Fixed up redirectors for 0 collections in 0.000004 seconds (updated 0 objects)
[2026.09.23-02.52.04:078][  0]LogContentStreaming: Texture pool size now 1000 MB
[2026.09.23-03.28.11:852][351]LogUObjectHash: Compacting FUObjectHashTables data took   7.12ms
[2026.09.23-03.28.11:900][351]LogSlate: Took 0.001100 seconds to synchronously load lazily loaded font '../../../Engine/Content/Slate/Fonts/Roboto-Light.ttf' (167K)
[2026.09.23-03.28.11:957][351]LogAssetEditorSubsystem: Opening Asset editor for World /Game/Mapa01.Mapa01
[2026.09.23-03.28.11:958][351]Cmd: MAP LOAD FILE="../../../../../../Users/larse/OneDrive/Documentos/Unreal Projects/Terraformer/Content/Mapa01.umap" TEMPLATE=0 SHOWPROGRESS=1 FEATURELEVEL=3
[2026.09.23-03.28.11:959][351]LightingResults: New page: Diseñar la iluminación
[2026.09.23-03.28.11:959][351]LoadErrors: New page: Cargando mapa: Mapa01.umap
[2026.09.23-03.28.11:962][351]LogWorld: UWorld::CleanupWorld for Untitled_1, bSessionEnded=true, bCleanupResources=true
[2026.09.23-03.28.11:963][351]LogSlate: InvalidateAllWidgets triggered.  All widgets were invalidated
[2026.09.23-03.28.11:963][351]MapCheck: New page: Revisión del mapa
[2026.09.23-03.28.11:963][351]LightingResults: New page: Diseñar la iluminación
[2026.09.23-03.28.11:968][351]LogAudio: Display: Audio Device unregistered from world 'None'.
[2026.09.23-03.28.11:981][351]LogUObjectHash: Compacting FUObjectHashTables data took   0.48ms
[2026.09.23-03.28.11:983][351]LogAudio: Display: Audio Device (ID: 1) registered with world 'Mapa01'.
[2026.09.23-03.28.12:018][351]LogEditorServer: Finished looking for orphan Actors (0.000 secs)
[2026.09.23-03.28.12:018][351]LogAIModule: Creating AISystem for world Mapa01
[2026.09.23-03.28.12:025][351]LogUObjectHash: Compacting FUObjectHashTables data took   0.44ms
[2026.09.23-03.28.12:032][351]Cmd: MAP CHECKDEP NOCLEARLOG
[2026.09.23-03.28.12:032][351]MapCheck: Map check complete: 0 Error(s), 0 Warning(s), took 0.137ms to complete.
[2026.09.23-03.28.12:032][351]LogFileHelpers: Loading map 'Mapa01' took 0.075
[2026.09.23-03.28.21:209][895]LogContentBrowser: Deferred new asset folder creation: Carpeta nueva
[2026.09.23-03.28.21:219][895]LogContentBrowser: Creating deferred item: Carpeta nueva
[2026.09.23-03.28.25:306][141]LogContentBrowser: Attempting asset rename: Carpeta nueva -> Blueprints
[2026.09.23-03.28.25:307][141]LogContentBrowser: End creating deferred item Carpeta nueva
[2026.09.23-03.28.45:471][673]LogSlate: Window 'Seleccionador de color' being destroyed
[2026.09.23-03.39.22:701][  8]LogContentBrowser: Deferred new asset folder creation: Carpeta nueva
[2026.09.23-03.39.22:713][  8]LogContentBrowser: Creating deferred item: Carpeta nueva
[2026.09.23-03.39.33:165][261]LogContentBrowser: Attempting asset rename: Carpeta nueva -> Carpeta nueva
[2026.09.23-03.39.33:165][261]LogContentBrowser: End creating deferred item Carpeta nueva
[2026.09.23-03.39.36:525][310]LogContentBrowser: Deferred new asset folder creation: Carpeta nueva
[2026.09.23-03.39.36:536][310]LogContentBrowser: Creating deferred item: Carpeta nueva
[2026.09.23-03.39.41:773][625]LogContentBrowser: Attempting asset rename: Carpeta nueva -> Niveles
[2026.09.23-03.39.41:774][625]LogContentBrowser: End creating deferred item Carpeta nueva
[2026.09.23-03.39.47:010][929]LogContentBrowser: Attempting asset rename: Niveles -> Niveles
[2026.09.23-03.39.50:947][160]LogContentBrowser: Attempting asset rename: Niveles -> Niveles
[2026.09.23-03.39.54:340][360]LogContentBrowser: Attempting asset rename: Niveles -> Niveles
[2026.09.23-03.40.06:904][106]LogSlate: Window 'Seleccionador de color' being destroyed
[2026.09.23-03.40.14:783][567]LogUObjectHash: Compacting FUObjectHashTables data took   0.61ms
[2026.09.23-03.40.14:795][567]LogSavePackage: Moving '../../../../../../Users/larse/OneDrive/Documentos/Unreal Projects/Terraformer/Saved/Mapa01E7CA2A58472E6BD81E15F5BEB6C8C242.tmp' to '../../../../../../Users/larse/OneDrive/Documentos/Unreal Projects/Terraformer/Content/Niveles/Mapa01.umap'
[2026.09.23-03.40.14:800][567]LogFileHelpers: Saving map 'Mapa01' took 0.024
[2026.09.23-03.40.14:873][567]LogUObjectHash: Compacting FUObjectHashTables data took   0.25ms
[2026.09.23-03.40.14:889][567]LogUObjectHash: Compacting FUObjectHashTables data took   0.44ms
[2026.09.23-03.40.14:893][567]LogUObjectHash: Compacting FUObjectHashTables data took   0.23ms
[2026.09.23-03.40.14:952][567]AssetCheck: New page: Asset Save: Mapa01
[2026.09.23-03.40.14:952][567]LogContentValidation: Display: Validating World /Game/Niveles/Mapa01.Mapa01
[2026.09.23-03.40.38:472][957]LogEditorClassViewer: Warning: Class /Engine/Tutorial/InWorldBlueprintEditing/TutorialAssets/IWBE_Blutility.IWBE_Blutility_C has parent /Script/Blutility.PlacedEditorUtilityBase, but this parent is not found. The Class will not be shown in ClassViewer.
[2026.09.23-03.40.40:690][957]LogSlate: Window 'Escoger clase padre' being destroyed
[2026.09.23-03.40.40:704][957]LogContentBrowser: Deferred new asset file creation: NewBlueprint
[2026.09.23-03.40.40:712][957]LogContentBrowser: Creating deferred item: NewBlueprint
[2026.09.23-03.40.54:175][ 57]LogContentBrowser: Attempting asset rename: NewBlueprint -> NewBlueprint
[2026.09.23-03.40.54:185][ 57]LogContentBrowser: End creating deferred item NewBlueprint
[2026.09.23-03.41.04:299][639]LogContentBrowser: Attempting asset rename: NewBlueprint -> GameMode2D
[2026.09.23-03.41.04:319][639]LogMetaData: Removing '/Game/Blueprints/GameMode2D.GameMode2D:UserConstructionScript.K2Node_FunctionEntry_0' ref from Metadata '/Game/Blueprints/NewBlueprint.PackageMetaData'
[2026.09.23-03.41.04:319][639]LogMetaData: Removing '/Game/Blueprints/GameMode2D.SKEL_GameMode2D_C:UserConstructionScript' ref from Metadata '/Game/Blueprints/NewBlueprint.PackageMetaData'
[2026.09.23-03.41.04:319][639]LogMetaData: Removing '/Game/Blueprints/GameMode2D.SKEL_GameMode2D_C' ref from Metadata '/Game/Blueprints/NewBlueprint.PackageMetaData'
[2026.09.23-03.41.04:319][639]LogMetaData: Removing '/Game/Blueprints/GameMode2D.GameMode2D_C' ref from Metadata '/Game/Blueprints/NewBlueprint.PackageMetaData'
[2026.09.23-03.41.04:319][639]LogMetaData: Removing '/Game/Blueprints/GameMode2D.GameMode2D:EventGraph.K2Node_Event_0' ref from Metadata '/Game/Blueprints/NewBlueprint.PackageMetaData'
[2026.09.23-03.41.04:319][639]LogMetaData: Removing '/Game/Blueprints/GameMode2D.GameMode2D:EventGraph.K2Node_Event_1' ref from Metadata '/Game/Blueprints/NewBlueprint.PackageMetaData'
[2026.09.23-03.41.04:349][639]Cmd: OBJ SAVEPACKAGE PACKAGE="/Game/Blueprints/GameMode2D" FILE="../../../../../../Users/larse/OneDrive/Documentos/Unreal Projects/Terraformer/Content/Blueprints/GameMode2D.uasset" SILENT=true
[2026.09.23-03.41.04:359][639]LogSavePackage: Moving '../../../../../../Users/larse/OneDrive/Documentos/Unreal Projects/Terraformer/Saved/GameMode2D45382FA445CCC16287ABB89DB0A547CC.tmp' to '../../../../../../Users/larse/OneDrive/Documentos/Unreal Projects/Terraformer/Content/Blueprints/GameMode2D.uasset'
[2026.09.23-03.41.04:430][639]LogUObjectHash: Compacting FUObjectHashTables data took   0.43ms
[2026.09.23-03.41.04:446][639]LogUObjectHash: Compacting FUObjectHashTables data took   0.52ms
[2026.09.23-03.41.04:450][639]LogUObjectHash: Compacting FUObjectHashTables data took   0.20ms
[2026.09.23-03.41.04:465][639]AssetCheck: New page: Asset Save: GameMode2D
[2026.09.23-03.41.04:465][639]LogContentValidation: Display: Validating Blueprint /Game/Blueprints/GameMode2D.GameMode2D
[2026.09.23-03.41.41:951][842]LogSlate: Window 'Escoger clase padre' being destroyed
[2026.09.23-03.41.41:964][842]LogContentBrowser: Deferred new asset file creation: NewBlueprint
[2026.09.23-03.41.41:970][842]LogContentBrowser: Creating deferred item: NewBlueprint
[2026.09.23-03.41.51:520][950]LogContentBrowser: Attempting asset rename: NewBlueprint -> NewBlueprint
[2026.09.23-03.41.51:524][950]LogContentBrowser: End creating deferred item NewBlueprint
[2026.09.23-03.42.00:572][474]LogContentBrowser: Attempting asset rename: NewBlueprint -> PlayerController2D
[2026.09.23-03.42.00:594][474]LogMetaData: Removing '/Game/Blueprints/PlayerController2D.PlayerController2D:UserConstructionScript.K2Node_FunctionEntry_0' ref from Metadata '/Game/Blueprints/NewBlueprint.PackageMetaData'
[2026.09.23-03.42.00:594][474]LogMetaData: Removing '/Game/Blueprints/PlayerController2D.SKEL_PlayerController2D_C:UserConstructionScript' ref from Metadata '/Game/Blueprints/NewBlueprint.PackageMetaData'
[2026.09.23-03.42.00:594][474]LogMetaData: Removing '/Game/Blueprints/PlayerController2D.SKEL_PlayerController2D_C' ref from Metadata '/Game/Blueprints/NewBlueprint.PackageMetaData'
[2026.09.23-03.42.00:594][474]LogMetaData: Removing '/Game/Blueprints/PlayerController2D.PlayerController2D_C' ref from Metadata '/Game/Blueprints/NewBlueprint.PackageMetaData'
[2026.09.23-03.42.00:594][474]LogMetaData: Removing '/Game/Blueprints/PlayerController2D.PlayerController2D:EventGraph.K2Node_Event_0' ref from Metadata '/Game/Blueprints/NewBlueprint.PackageMetaData'
[2026.09.23-03.42.00:594][474]LogMetaData: Removing '/Game/Blueprints/PlayerController2D.PlayerController2D:EventGraph.K2Node_Event_1' ref from Metadata '/Game/Blueprints/NewBlueprint.PackageMetaData'
[2026.09.23-03.42.00:621][474]LogSavePackage: Moving '../../../../../../Users/larse/OneDrive/Documentos/Unreal Projects/Terraformer/Saved/PlayerController2DE80649DA46F54E77507AE2A6702626A2.tmp' to '../../../../../../Users/larse/OneDrive/Documentos/Unreal Projects/Terraformer/Content/Blueprints/PlayerController2D.uasset'
[2026.09.23-03.42.00:682][474]LogUObjectHash: Compacting FUObjectHashTables data took   0.46ms
[2026.09.23-03.42.00:694][474]LogUObjectHash: Compacting FUObjectHashTables data took   0.35ms
[2026.09.23-03.42.00:698][474]LogUObjectHash: Compacting FUObjectHashTables data took   0.19ms
[2026.09.23-03.42.00:710][474]AssetCheck: New page: Asset Save: PlayerController2D
[2026.09.23-03.42.00:710][474]LogContentValidation: Display: Validating Blueprint /Game/Blueprints/PlayerController2D.PlayerController2D
[2026.09.23-03.42.09:641][644]LogAssetEditorSubsystem: Opening Asset editor for Blueprint /Game/Blueprints/PlayerController2D.PlayerController2D
[2026.09.23-03.42.09:881][644]LogNativeClassHierarchy: Verbose: Native class hierarchy updated for 'BlueprintGraph' in 0.0035 seconds. Added 126 classes and 0 folders.
[2026.09.23-03.42.10:652][645]LogRenderer: Reallocating scene render targets to support 1008x592 Format 10 NumSamples 1 (Frame:1).
[2026.09.23-03.42.11:903][717]LogSlate: Took 0.000966 seconds to synchronously load lazily loaded font '../../../Engine/Content/Slate/Fonts/Roboto-Italic.ttf' (157K)
[2026.09.23-03.42.13:731][823]LogSavePackage: Moving '../../../../../../Users/larse/OneDrive/Documentos/Unreal Projects/Terraformer/Saved/PlayerController2D7CEE3DAE4D3A29FF8D123982883274F8.tmp' to '../../../../../../Users/larse/OneDrive/Documentos/Unreal Projects/Terraformer/Content/Blueprints/PlayerController2D.uasset'
[2026.09.23-03.42.13:748][823]AssetCheck: New page: Asset Save: PlayerController2D
[2026.09.23-03.42.13:748][823]LogContentValidation: Display: Validating Blueprint /Game/Blueprints/PlayerController2D.PlayerController2D
[2026.09.23-03.42.14:887][890]LogSavePackage: Moving '../../../../../../Users/larse/OneDrive/Documentos/Unreal Projects/Terraformer/Saved/PlayerController2D9E36DF9C40C91D1AD4DD3D9FECE5DAAD.tmp' to '../../../../../../Users/larse/OneDrive/Documentos/Unreal Projects/Terraformer/Content/Blueprints/PlayerController2D.uasset'
[2026.09.23-03.42.14:904][890]AssetCheck: New page: Asset Save: PlayerController2D
[2026.09.23-03.42.14:904][890]LogContentValidation: Display: Validating Blueprint /Game/Blueprints/PlayerController2D.PlayerController2D
[2026.09.23-03.42.27:452][ 32]LogSlate: Window 'PlayerController2D' being destroyed
[2026.09.23-03.42.27:468][ 32]LogSlate: Window 'PlayerController2D' being destroyed
[2026.09.23-03.42.27:473][ 32]LogWorld: UWorld::CleanupWorld for World_0, bSessionEnded=true, bCleanupResources=true
[2026.09.23-03.42.27:474][ 32]LogSlate: InvalidateAllWidgets triggered.  All widgets were invalidated
[2026.09.23-03.42.28:791][107]LogAssetEditorSubsystem: Opening Asset editor for Blueprint /Game/Blueprints/GameMode2D.GameMode2D
[2026.09.23-03.42.30:657][198]Cmd: OBJ SAVEPACKAGE PACKAGE="/Game/Blueprints/GameMode2D" FILE="../../../../../../Users/larse/OneDrive/Documentos/Unreal Projects/Terraformer/Content/Blueprints/GameMode2D.uasset" SILENT=true
[2026.09.23-03.42.30:660][198]LogSavePackage: Moving '../../../../../../Users/larse/OneDrive/Documentos/Unreal Projects/Terraformer/Saved/GameMode2D77094DFF4585D1292CD6E580B1590B3B.tmp' to '../../../../../../Users/larse/OneDrive/Documentos/Unreal Projects/Terraformer/Content/Blueprints/GameMode2D.uasset'
[2026.09.23-03.42.30:684][198]AssetCheck: New page: Asset Save: GameMode2D
[2026.09.23-03.42.30:684][198]LogContentValidation: Display: Validating Blueprint /Game/Blueprints/GameMode2D.GameMode2D
[2026.09.23-03.42.54:353][471]LogSlate: Prevented a slow task dialog from being summoned while a context menu was open
[2026.09.23-03.42.54:368][471]LogEditorClassViewer: Warning: Class /Engine/Tutorial/InWorldBlueprintEditing/TutorialAssets/IWBE_Blutility.IWBE_Blutility_C has parent /Script/Blutility.PlacedEditorUtilityBase, but this parent is not found. The Class will not be shown in ClassViewer.
[2026.09.23-03.43.14:895][800]LogSlate: Window 'GameMode2D' being destroyed
[2026.09.23-03.43.14:909][800]LogSlate: Window 'GameMode2D' being destroyed
[2026.09.23-03.43.14:911][800]LogWorld: UWorld::CleanupWorld for World_1, bSessionEnded=true, bCleanupResources=true
[2026.09.23-03.43.14:911][800]LogSlate: InvalidateAllWidgets triggered.  All widgets were invalidated
[2026.09.23-03.44.11:152][310]LogSlate: Window 'Escoger clase padre' being destroyed
[2026.09.23-03.44.11:160][310]LogContentBrowser: Deferred new asset file creation: NewBlueprint
[2026.09.23-03.44.11:171][310]LogContentBrowser: Creating deferred item: NewBlueprint
[2026.09.23-03.44.20:660][880]LogContentBrowser: Attempting asset rename: NewBlueprint -> BP_PaperCharacter2D
[2026.09.23-03.44.20:664][880]LogContentBrowser: End creating deferred item NewBlueprint
[2026.09.23-03.44.51:102][401]LogUObjectHash: Compacting FUObjectHashTables data took   2.06ms
[2026.09.23-03.44.51:126][401]Cmd: OBJ SAVEPACKAGE PACKAGE="/Game/Blueprints/GameMode2D" FILE="../../../../../../Users/larse/OneDrive/Documentos/Unreal Projects/Terraformer/Content/Blueprints/GameMode2D.uasset" SILENT=true
[2026.09.23-03.44.51:131][401]LogSavePackage: Moving '../../../../../../Users/larse/OneDrive/Documentos/Unreal Projects/Terraformer/Saved/GameMode2DF382BF784E43BBC28F8929B2FB23DAE6.tmp' to '../../../../../../Users/larse/OneDrive/Documentos/Unreal Projects/Terraformer/Content/Blueprints/GameMode2D.uasset'
[2026.09.23-03.44.51:135][401]LogSavePackage: Moving '../../../../../../Users/larse/OneDrive/Documentos/Unreal Projects/Terraformer/Saved/BP_PaperCharacter2DEB0A8C3E454FEEC1930A6B86C2574C92.tmp' to '../../../../../../Users/larse/OneDrive/Documentos/Unreal Projects/Terraformer/Content/Blueprints/BP_PaperCharacter2D.uasset'
[2026.09.23-03.44.51:161][401]AssetCheck: New page: Asset Save: multiple assets
[2026.09.23-03.44.51:161][401]LogContentValidation: Display: Validating Blueprint /Game/Blueprints/GameMode2D.GameMode2D
[2026.09.23-03.44.51:161][401]LogContentValidation: Display: Validating Blueprint /Game/Blueprints/BP_PaperCharacter2D.BP_PaperCharacter2D
[2026.09.23-03.44.55:867][490]LogAssetEditorSubsystem: Opening Asset editor for Blueprint /Game/Blueprints/GameMode2D.GameMode2D
[2026.09.23-03.45.05:519][819]LogSlate: Prevented a slow task dialog from being summoned while a context menu was open
[2026.09.23-03.45.05:535][819]LogEditorClassViewer: Warning: Class /Engine/Tutorial/InWorldBlueprintEditing/TutorialAssets/IWBE_Blutility.IWBE_Blutility_C has parent /Script/Blutility.PlacedEditorUtilityBase, but this parent is not found. The Class will not be shown in ClassViewer.
[2026.09.23-03.45.24:777][114]LogSlate: Window 'GameMode2D' being destroyed
[2026.09.23-03.45.24:793][114]LogSlate: Window 'GameMode2D' being destroyed
[2026.09.23-03.45.24:800][114]LogWorld: UWorld::CleanupWorld for World_2, bSessionEnded=true, bCleanupResources=true
[2026.09.23-03.45.24:800][114]LogSlate: InvalidateAllWidgets triggered.  All widgets were invalidated
[2026.09.23-03.45.28:735][324]LogSlate: Only BGRA pngs, bmps or icos are supported in by External Image Picker
[2026.09.23-03.45.45:741][879]LogSlate: Prevented a slow task dialog from being summoned while a context menu was open
[2026.09.23-03.45.45:756][879]LogEditorClassViewer: Warning: Class /Engine/Tutorial/InWorldBlueprintEditing/TutorialAssets/IWBE_Blutility.IWBE_Blutility_C has parent /Script/Blutility.PlacedEditorUtilityBase, but this parent is not found. The Class will not be shown in ClassViewer.
[2026.09.23-03.50.15:153][905]LogUObjectHash: Compacting FUObjectHashTables data took   3.61ms
[2026.09.23-03.50.15:157][905]LogFileHelpers: Editor autosave (incl. external actors) for '/Game/Niveles/Mapa01' took 0.065
[2026.09.23-03.50.15:159][905]OBJ SavePackage: Generating thumbnails for [0] asset(s) in package [/Game/Blueprints/GameMode2D] ([2] browsable assets)...
[2026.09.23-03.50.15:159][905]OBJ SavePackage: Finished generating thumbnails for package [/Game/Blueprints/GameMode2D]
[2026.09.23-03.50.15:164][905]LogSavePackage: Moving '../../../../../../Users/larse/OneDrive/Documentos/Unreal Projects/Terraformer/Saved/GameMode2D_Auto1A6150E184DCFEEC8A8B96B9752C700E3.tmp' to '../../../../../../Users/larse/OneDrive/Documentos/Unreal Projects/Terraformer/Saved/Autosaves/Game/Blueprints/GameMode2D_Auto1.uasset'
[2026.09.23-03.50.15:166][905]LogFileHelpers: Auto-saving content packages took 0.008
[2026.09.23-04.06.52:332][ 60]LogSlate: Window 'Ajustes del proyecto' being destroyed
[2026.09.23-04.06.52:344][ 60]LogSlate: Window 'Ajustes del proyecto' being destroyed
[2026.09.23-04.08.50:204][499]LogUObjectHash: Compacting FUObjectHashTables data took   6.17ms
[2026.09.23-04.08.50:210][499]LogFileHelpers: Editor autosave (incl. external actors) for '/Game/Niveles/Mapa01' took 0.065
[2026.09.23-04.08.50:211][499]OBJ SavePackage: Generating thumbnails for [1] asset(s) in package [/Game/Platformer_assets_pack/Background/Background] ([1] browsable assets)...
[2026.09.23-04.08.50:224][499]OBJ SavePackage:     Rendered thumbnail for [Texture2D /Game/Platformer_assets_pack/Background/Background.Background]
[2026.09.23-04.08.50:224][499]OBJ SavePackage: Finished generating thumbnails for package [/Game/Platformer_assets_pack/Background/Background]
[2026.09.23-04.08.50:230][499]LogSavePackage: Moving '../../../../../../Users/larse/OneDrive/Documentos/Unreal Projects/Terraformer/Saved/Background_Auto24C02B90E4CE0CAC652515A85C0ACE3AB.tmp' to '../../../../../../Users/larse/OneDrive/Documentos/Unreal Projects/Terraformer/Saved/Autosaves/Game/Platformer_assets_pack/Background/Background_Auto2.uasset'
[2026.09.23-04.08.50:231][499]OBJ SavePackage: Generating thumbnails for [1] asset(s) in package [/Game/Platformer_assets_pack/Player/Player_climb] ([1] browsable assets)...
[2026.09.23-04.08.50:232][499]OBJ SavePackage:     Rendered thumbnail for [Texture2D /Game/Platformer_assets_pack/Player/Player_climb.Player_climb]
[2026.09.23-04.08.50:232][499]OBJ SavePackage: Finished generating thumbnails for package [/Game/Platformer_assets_pack/Player/Player_climb]
[2026.09.23-04.08.50:235][499]LogSavePackage: Moving '../../../../../../Users/larse/OneDrive/Documentos/Unreal Projects/Terraformer/Saved/Player_climb_Auto28D34495B43A52ED7A8931EAF0FD1646E.tmp' to '../../../../../../Users/larse/OneDrive/Documentos/Unreal Projects/Terraformer/Saved/Autosaves/Game/Platformer_assets_pack/Player/Player_climb_Auto2.uasset'
[2026.09.23-04.08.50:236][499]OBJ SavePackage: Generating thumbnails for [1] asset(s) in package [/Game/Platformer_assets_pack/Player/Player_Idle] ([1] browsable assets)...
[2026.09.23-04.08.50:237][499]OBJ SavePackage:     Rendered thumbnail for [Texture2D /Game/Platformer_assets_pack/Player/Player_Idle.Player_Idle]
[2026.09.23-04.08.50:237][499]OBJ SavePackage: Finished generating thumbnails for package [/Game/Platformer_assets_pack/Player/Player_Idle]
[2026.09.23-04.08.50:239][499]LogSavePackage: Moving '../../../../../../Users/larse/OneDrive/Documentos/Unreal Projects/Terraformer/Saved/Player_Idle_Auto2536472E44733FFF2690F59BE6542FFE5.tmp' to '../../../../../../Users/larse/OneDrive/Documentos/Unreal Projects/Terraformer/Saved/Autosaves/Game/Platformer_assets_pack/Player/Player_Idle_Auto2.uasset'
[2026.09.23-04.08.50:240][499]OBJ SavePackage: Generating thumbnails for [1] asset(s) in package [/Game/Platformer_assets_pack/Player/Player_jump] ([1] browsable assets)...
[2026.09.23-04.08.50:241][499]OBJ SavePackage:     Rendered thumbnail for [Texture2D /Game/Platformer_assets_pack/Player/Player_jump.Player_jump]
[2026.09.23-04.08.50:241][499]OBJ SavePackage: Finished generating thumbnails for package [/Game/Platformer_assets_pack/Player/Player_jump]
[2026.09.23-04.08.50:242][499]LogSavePackage: Moving '../../../../../../Users/larse/OneDrive/Documentos/Unreal Projects/Terraformer/Saved/Player_jump_Auto2D22951E143727EAADA33319992A2E219.tmp' to '../../../../../../Users/larse/OneDrive/Documentos/Unreal Projects/Terraformer/Saved/Autosaves/Game/Platformer_assets_pack/Player/Player_jump_Auto2.uasset'
[2026.09.23-04.08.50:243][499]OBJ SavePackage: Generating thumbnails for [1] asset(s) in package [/Game/Platformer_assets_pack/Player/Player_NoAnimation] ([1] browsable assets)...
[2026.09.23-04.08.50:244][499]OBJ SavePackage:     Rendered thumbnail for [Texture2D /Game/Platformer_assets_pack/Player/Player_NoAnimation.Player_NoAnimation]
[2026.09.23-04.08.50:244][499]OBJ SavePackage: Finished generating thumbnails for package [/Game/Platformer_assets_pack/Player/Player_NoAnimation]
[2026.09.23-04.08.50:247][499]LogSavePackage: Moving '../../../../../../Users/larse/OneDrive/Documentos/Unreal Projects/Terraformer/Saved/Player_NoAnimation_Auto2346A2B7E40D8F97306580CB49287C80D.tmp' to '../../../../../../Users/larse/OneDrive/Documentos/Unreal Projects/Terraformer/Saved/Autosaves/Game/Platformer_assets_pack/Player/Player_NoAnimation_Auto2.uasset'
[2026.09.23-04.08.50:247][499]OBJ SavePackage: Generating thumbnails for [1] asset(s) in package [/Game/Platformer_assets_pack/Player/Player_run] ([1] browsable assets)...
[2026.09.23-04.08.50:249][499]OBJ SavePackage:     Rendered thumbnail for [Texture2D /Game/Platformer_assets_pack/Player/Player_run.Player_run]
[2026.09.23-04.08.50:249][499]OBJ SavePackage: Finished generating thumbnails for package [/Game/Platformer_assets_pack/Player/Player_run]
[2026.09.23-04.08.50:251][499]LogSavePackage: Moving '../../../../../../Users/larse/OneDrive/Documentos/Unreal Projects/Terraformer/Saved/Player_run_Auto252328707492F061A839D6CA35ABD2DD9.tmp' to '../../../../../../Users/larse/OneDrive/Documentos/Unreal Projects/Terraformer/Saved/Autosaves/Game/Platformer_assets_pack/Player/Player_run_Auto2.uasset'
[2026.09.23-04.08.50:252][499]OBJ SavePackage: Generating thumbnails for [1] asset(s) in package [/Game/Platformer_assets_pack/Player/Player_walk] ([1] browsable assets)...
[2026.09.23-04.08.50:253][499]OBJ SavePackage:     Rendered thumbnail for [Texture2D /Game/Platformer_assets_pack/Player/Player_walk.Player_walk]
[2026.09.23-04.08.50:253][499]OBJ SavePackage: Finished generating thumbnails for package [/Game/Platformer_assets_pack/Player/Player_walk]
[2026.09.23-04.08.50:255][499]LogSavePackage: Moving '../../../../../../Users/larse/OneDrive/Documentos/Unreal Projects/Terraformer/Saved/Player_walk_Auto29E8BF563465F7944A5C74CAA9FA5D2AF.tmp' to '../../../../../../Users/larse/OneDrive/Documentos/Unreal Projects/Terraformer/Saved/Autosaves/Game/Platformer_assets_pack/Player/Player_walk_Auto2.uasset'
[2026.09.23-04.08.50:256][499]LogFileHelpers: Auto-saving content packages took 0.046
[2026.09.23-04.09.48:586][547]LogUObjectHash: Compacting FUObjectHashTables data took   0.98ms
[2026.09.23-04.09.50:201][547]LogSlate: Window 'Guardar contenido' being destroyed
[2026.09.23-04.09.50:242][547]LogSavePackage: Moving '../../../../../../Users/larse/OneDrive/Documentos/Unreal Projects/Terraformer/Saved/16_x16_decorationsA893A9E44ECE1A63F5B25B8728C7DD1D.tmp' to '../../../../../../Users/larse/OneDrive/Documentos/Unreal Projects/Terraformer/Content/Platformer_assets_pack/16x16_decorations/16_x16_decorations.uasset'
[2026.09.23-04.09.50:246][547]LogSavePackage: Moving '../../../../../../Users/larse/OneDrive/Documentos/Unreal Projects/Terraformer/Saved/Background50F9967849D312D35C8D8D87F7A2F28F.tmp' to '../../../../../../Users/larse/OneDrive/Documentos/Unreal Projects/Terraformer/Content/Platformer_assets_pack/Background/Background.uasset'
[2026.09.23-04.09.50:247][547]Cmd: OBJ SAVEPACKAGE PACKAGE="/Game/Blueprints/GameMode2D" FILE="../../../../../../Users/larse/OneDrive/Documentos/Unreal Projects/Terraformer/Content/Blueprints/GameMode2D.uasset" SILENT=true
[2026.09.23-04.09.50:250][547]LogSavePackage: Moving '../../../../../../Users/larse/OneDrive/Documentos/Unreal Projects/Terraformer/Saved/GameMode2D87DA90E14A53AB988E84DA8626578BFC.tmp' to '../../../../../../Users/larse/OneDrive/Documentos/Unreal Projects/Terraformer/Content/Blueprints/GameMode2D.uasset'
[2026.09.23-04.09.50:253][547]LogSavePackage: Moving '../../../../../../Users/larse/OneDrive/Documentos/Unreal Projects/Terraformer/Saved/Player_climb0D877EB44D8B3FFA4B2D44AECC44EB8F.tmp' to '../../../../../../Users/larse/OneDrive/Documentos/Unreal Projects/Terraformer/Content/Platformer_assets_pack/Player/Player_climb.uasset'
[2026.09.23-04.09.50:256][547]LogSavePackage: Moving '../../../../../../Users/larse/OneDrive/Documentos/Unreal Projects/Terraformer/Saved/Player_IdleE6DA2C954E751E81CFFB1DA9BE422D7A.tmp' to '../../../../../../Users/larse/OneDrive/Documentos/Unreal Projects/Terraformer/Content/Platformer_assets_pack/Player/Player_Idle.uasset'
[2026.09.23-04.09.50:258][547]LogSavePackage: Moving '../../../../../../Users/larse/OneDrive/Documentos/Unreal Projects/Terraformer/Saved/Player_jump2735385A4D84CAA2275101AE69AC46D6.tmp' to '../../../../../../Users/larse/OneDrive/Documentos/Unreal Projects/Terraformer/Content/Platformer_assets_pack/Player/Player_jump.uasset'
[2026.09.23-04.09.50:261][547]LogSavePackage: Moving '../../../../../../Users/larse/OneDrive/Documentos/Unreal Projects/Terraformer/Saved/Player_NoAnimationC984E26C425EA25B46129FA5B1D5E4F6.tmp' to '../../../../../../Users/larse/OneDrive/Documentos/Unreal Projects/Terraformer/Content/Platformer_assets_pack/Player/Player_NoAnimation.uasset'
[2026.09.23-04.09.50:264][547]LogSavePackage: Moving '../../../../../../Users/larse/OneDrive/Documentos/Unreal Projects/Terraformer/Saved/Player_run69CB9528424F71012FC5879AD042E8DA.tmp' to '../../../../../../Users/larse/OneDrive/Documentos/Unreal Projects/Terraformer/Content/Platformer_assets_pack/Player/Player_run.uasset'
[2026.09.23-04.09.50:266][547]LogSavePackage: Moving '../../../../../../Users/larse/OneDrive/Documentos/Unreal Projects/Terraformer/Saved/Player_walk0B3B2D98474041C51C611D8DDF29614E.tmp' to '../../../../../../Users/larse/OneDrive/Documentos/Unreal Projects/Terraformer/Content/Platformer_assets_pack/Player/Player_walk.uasset'
[2026.09.23-04.09.50:275][547]LogSavePackage: Moving '../../../../../../Users/larse/OneDrive/Documentos/Unreal Projects/Terraformer/Saved/Tileset8196B20B418B8367E16F43B1897F9A8D.tmp' to '../../../../../../Users/larse/OneDrive/Documentos/Unreal Projects/Terraformer/Content/Platformer_assets_pack/Tileset/Tileset.uasset'
[2026.09.23-04.09.50:297][547]AssetCheck: New page: Asset Save: multiple assets
[2026.09.23-04.09.50:297][547]LogContentValidation: Display: Validating Texture2D /Game/Platformer_assets_pack/Tileset/Tileset.Tileset
[2026.09.23-04.09.50:297][547]LogContentValidation: Display: Validating Texture2D /Game/Platformer_assets_pack/Background/Background.Background
[2026.09.23-04.09.50:297][547]LogContentValidation: Display: Validating Blueprint /Game/Blueprints/GameMode2D.GameMode2D
[2026.09.23-04.09.50:297][547]LogContentValidation: Display: Validating Texture2D /Game/Platformer_assets_pack/Player/Player_walk.Player_walk
[2026.09.23-04.09.50:297][547]LogContentValidation: Display: Validating Texture2D /Game/Platformer_assets_pack/Player/Player_run.Player_run
[2026.09.23-04.09.50:297][547]LogContentValidation: Display: Validating Texture2D /Game/Platformer_assets_pack/Player/Player_NoAnimation.Player_NoAnimation
[2026.09.23-04.09.50:297][547]LogContentValidation: Display: Validating Texture2D /Game/Platformer_assets_pack/Player/Player_jump.Player_jump
[2026.09.23-04.09.50:297][547]LogContentValidation: Display: Validating Texture2D /Game/Platformer_assets_pack/Player/Player_Idle.Player_Idle
[2026.09.23-04.09.50:297][547]LogContentValidation: Display: Validating Texture2D /Game/Platformer_assets_pack/Player/Player_climb.Player_climb
[2026.09.23-04.09.50:297][547]LogContentValidation: Display: Validating Texture2D /Game/Platformer_assets_pack/16x16_decorations/16_x16_decorations.16_x16_decorations
[2026.09.23-04.09.55:430][850]LogUObjectHash: Compacting FUObjectHashTables data took   0.89ms
[2026.09.23-04.09.56:622][920]LogUObjectHash: Compacting FUObjectHashTables data took   0.35ms
[2026.09.23-04.09.57:257][958]LogUObjectHash: Compacting FUObjectHashTables data took   0.37ms
[2026.09.23-04.09.57:456][970]LogUObjectHash: Compacting FUObjectHashTables data took   0.35ms
[2026.09.23-04.09.58:824][ 52]LogUObjectHash: Compacting FUObjectHashTables data took   0.38ms
[2026.09.23-04.11.31:883][682]LogContentBrowser: Deferred new asset folder creation: Carpeta nueva
[2026.09.23-04.11.31:896][682]LogContentBrowser: Creating deferred item: Carpeta nueva
[2026.09.23-04.11.40:685][132]LogContentBrowser: Attempting asset rename: Carpeta nueva -> Anim_climb
[2026.09.23-04.11.40:685][132]LogContentBrowser: End creating deferred item Carpeta nueva
[2026.09.23-04.11.50:557][701]LogContentBrowser: Attempting asset rename: Anim_climb -> Anim_climb
[2026.09.23-04.12.02:114][382]LogContentBrowser: Attempting asset rename: Anim_climb -> Anim_climb
[2026.09.23-04.12.05:201][563]LogContentBrowser: Deferred new asset folder creation: Carpeta nueva
[2026.09.23-04.12.05:214][563]LogContentBrowser: Creating deferred item: Carpeta nueva
[2026.09.23-04.12.11:851][962]LogContentBrowser: Attempting asset rename: Carpeta nueva -> Anim_Idle
[2026.09.23-04.12.11:852][962]LogContentBrowser: End creating deferred item Carpeta nueva
[2026.09.23-04.12.13:326][ 46]LogContentBrowser: Deferred new asset folder creation: Carpeta nueva
[2026.09.23-04.12.13:342][ 46]LogContentBrowser: Creating deferred item: Carpeta nueva
[2026.09.23-04.12.21:846][557]LogContentBrowser: Attempting asset rename: Carpeta nueva -> Anim_Jump
[2026.09.23-04.12.21:847][557]LogContentBrowser: End creating deferred item Carpeta nueva
[2026.09.23-04.12.23:897][675]LogContentBrowser: Deferred new asset folder creation: Carpeta nueva
[2026.09.23-04.12.23:912][675]LogContentBrowser: Creating deferred item: Carpeta nueva
[2026.09.23-04.12.36:201][413]LogContentBrowser: Attempting asset rename: Carpeta nueva -> Anim_Run
[2026.09.23-04.12.36:202][413]LogContentBrowser: End creating deferred item Carpeta nueva
[2026.09.23-04.12.43:230][831]LogContentBrowser: Deferred new asset folder creation: Carpeta nueva
[2026.09.23-04.12.43:240][831]LogContentBrowser: Creating deferred item: Carpeta nueva
[2026.09.23-04.12.48:929][173]LogContentBrowser: Attempting asset rename: Carpeta nueva -> Anim_Walk
[2026.09.23-04.12.48:929][173]LogContentBrowser: End creating deferred item Carpeta nueva
[2026.09.23-04.13.05:352][673]LogSavePackage: Moving '../../../../../../Users/larse/OneDrive/Documentos/Unreal Projects/Terraformer/Saved/Player_climb1BD90B21473CA40C27AC3E8588F790D3.tmp' to '../../../../../../Users/larse/OneDrive/Documentos/Unreal Projects/Terraformer/Content/Platformer_assets_pack/Player/Anim_climb/Player_climb.uasset'
[2026.09.23-04.13.05:428][673]LogUObjectHash: Compacting FUObjectHashTables data took   1.63ms
[2026.09.23-04.13.05:457][673]LogUObjectHash: Compacting FUObjectHashTables data took   1.07ms
[2026.09.23-04.13.05:467][673]LogUObjectHash: Compacting FUObjectHashTables data took   0.33ms
[2026.09.23-04.13.05:507][673]AssetCheck: New page: Asset Save: Player_climb
[2026.09.23-04.13.05:507][673]LogContentValidation: Display: Validating Texture2D /Game/Platformer_assets_pack/Player/Anim_climb/Player_climb.Player_climb
[2026.09.23-04.13.08:511][846]LogSavePackage: Moving '../../../../../../Users/larse/OneDrive/Documentos/Unreal Projects/Terraformer/Saved/Player_Idle5E6698124976BF6D29009EA60E47EF2A.tmp' to '../../../../../../Users/larse/OneDrive/Documentos/Unreal Projects/Terraformer/Content/Platformer_assets_pack/Player/Anim_Idle/Player_Idle.uasset'
[2026.09.23-04.13.08:582][846]LogUObjectHash: Compacting FUObjectHashTables data took   1.01ms
[2026.09.23-04.13.08:608][846]LogUObjectHash: Compacting FUObjectHashTables data took   0.91ms
[2026.09.23-04.13.08:618][846]LogUObjectHash: Compacting FUObjectHashTables data took   0.39ms
[2026.09.23-04.13.08:647][846]AssetCheck: New page: Asset Save: Player_Idle
[2026.09.23-04.13.08:647][846]LogContentValidation: Display: Validating Texture2D /Game/Platformer_assets_pack/Player/Anim_Idle/Player_Idle.Player_Idle
[2026.09.23-04.13.13:571][132]LogSavePackage: Moving '../../../../../../Users/larse/OneDrive/Documentos/Unreal Projects/Terraformer/Saved/Player_jump740341034F131C75CF43A49070785C92.tmp' to '../../../../../../Users/larse/OneDrive/Documentos/Unreal Projects/Terraformer/Content/Platformer_assets_pack/Player/Anim_Jump/Player_jump.uasset'
[2026.09.23-04.13.13:652][132]LogUObjectHash: Compacting FUObjectHashTables data took   0.97ms
[2026.09.23-04.13.13:675][132]LogUObjectHash: Compacting FUObjectHashTables data took   0.90ms
[2026.09.23-04.13.13:685][132]LogUObjectHash: Compacting FUObjectHashTables data took   0.41ms
[2026.09.23-04.13.13:709][132]AssetCheck: New page: Asset Save: Player_jump
[2026.09.23-04.13.13:709][132]LogContentValidation: Display: Validating Texture2D /Game/Platformer_assets_pack/Player/Anim_Jump/Player_jump.Player_jump
[2026.09.23-04.13.17:795][372]LogSavePackage: Moving '../../../../../../Users/larse/OneDrive/Documentos/Unreal Projects/Terraformer/Saved/Player_run58EE7E304274BDFD7CC8FEA7D36E21D8.tmp' to '../../../../../../Users/larse/OneDrive/Documentos/Unreal Projects/Terraformer/Content/Platformer_assets_pack/Player/Anim_Run/Player_run.uasset'
[2026.09.23-04.13.17:865][372]LogUObjectHash: Compacting FUObjectHashTables data took   1.13ms
[2026.09.23-04.13.17:888][372]LogUObjectHash: Compacting FUObjectHashTables data took   0.91ms
[2026.09.23-04.13.17:898][372]LogUObjectHash: Compacting FUObjectHashTables data took   0.42ms
[2026.09.23-04.13.17:930][372]AssetCheck: New page: Asset Save: Player_run
[2026.09.23-04.13.17:930][372]LogContentValidation: Display: Validating Texture2D /Game/Platformer_assets_pack/Player/Anim_Run/Player_run.Player_run
[2026.09.23-04.13.21:322][567]LogSavePackage: Moving '../../../../../../Users/larse/OneDrive/Documentos/Unreal Projects/Terraformer/Saved/Player_walk7A1CDEC649766B4F41E898BE91AFEFC7.tmp' to '../../../../../../Users/larse/OneDrive/Documentos/Unreal Projects/Terraformer/Content/Platformer_assets_pack/Player/Anim_Walk/Player_walk.uasset'
[2026.09.23-04.13.21:390][567]LogUObjectHash: Compacting FUObjectHashTables data took   1.02ms
[2026.09.23-04.13.21:413][567]LogUObjectHash: Compacting FUObjectHashTables data took   0.96ms
[2026.09.23-04.13.21:423][567]LogUObjectHash: Compacting FUObjectHashTables data took   0.39ms
[2026.09.23-04.13.21:449][567]AssetCheck: New page: Asset Save: Player_walk
[2026.09.23-04.13.21:449][567]LogContentValidation: Display: Validating Texture2D /Game/Platformer_assets_pack/Player/Anim_Walk/Player_walk.Player_walk
[2026.09.23-04.13.58:762][829]LogAssetEditorSubsystem: Opening Asset editor for Texture2D /Game/Platformer_assets_pack/Player/Anim_climb/Player_climb.Player_climb
[2026.09.23-04.13.58:838][829]LogNativeClassHierarchy: Verbose: Native class hierarchy updated for 'TextureEditor' in 0.0006 seconds. Added 1 classes and 2 folders.
[2026.09.23-04.14.59:127][580]LogSlate: Window 'Player_climb' being destroyed
[2026.09.23-04.14.59:139][580]LogSlate: Window 'Player_climb' being destroyed
[2026.09.23-04.15.03:273][816]LogSlate: Took 0.000960 seconds to synchronously load lazily loaded font '../../../Engine/Content/Slate/Fonts/Roboto-BoldCondensed.ttf' (158K)
[2026.09.23-04.15.21:786][258]LogSlate: Window 'Extract sprites' being destroyed
[2026.09.23-04.15.36:475][731]LogSlate: Warning: Ignoring SetUserFocus because it's not an active modal Window (user 0 not set to SAssetView [SContentBrowser.cpp(749)].
[2026.09.23-04.15.36:475][731]LogContentBrowser: Deferred new asset file creation: Player_climb1
[2026.09.23-04.15.36:492][731]LogContentBrowser: Creating deferred item: Player_climb1
[2026.09.23-04.16.02:498][471]LogContentBrowser: Attempting asset rename: Player_climb1 -> Animation_Climb
[2026.09.23-04.16.02:499][471]LogContentBrowser: End creating deferred item Player_climb1
[2026.09.23-04.16.36:001][757]LogAssetEditorSubsystem: Opening Asset editor for PaperFlipbook /Game/Platformer_assets_pack/Player/Anim_climb/Animation_Climb.Animation_Climb
[2026.09.23-04.16.36:104][758]LogRenderer: Reallocating scene render targets to support 2024x960 Format 10 NumSamples 1 (Frame:1).
[2026.09.23-04.17.42:597][136]LogSavePackage: Moving '../../../../../../Users/larse/OneDrive/Documentos/Unreal Projects/Terraformer/Saved/Animation_ClimbACAB212A495217BF89B848B756F4F7BF.tmp' to '../../../../../../Users/larse/OneDrive/Documentos/Unreal Projects/Terraformer/Content/Platformer_assets_pack/Player/Anim_climb/Animation_Climb.uasset'
[2026.09.23-04.17.42:615][136]AssetCheck: New page: Asset Save: Animation_Climb
[2026.09.23-04.17.42:615][136]LogContentValidation: Display: Validating PaperFlipbook /Game/Platformer_assets_pack/Player/Anim_climb/Animation_Climb.Animation_Climb
[2026.09.23-04.17.44:547][251]LogSlate: Window 'Animation_Climb' being destroyed
[2026.09.23-04.17.44:560][251]LogSlate: Window 'Animation_Climb' being destroyed
[2026.09.23-04.17.44:563][251]LogWorld: UWorld::CleanupWorld for World_4, bSessionEnded=true, bCleanupResources=true
[2026.09.23-04.17.44:563][251]LogSlate: InvalidateAllWidgets triggered.  All widgets were invalidated
[2026.09.23-04.17.46:324][354]LogAssetEditorSubsystem: Opening Asset editor for PaperFlipbook /Game/Platformer_assets_pack/Player/Anim_climb/Animation_Climb.Animation_Climb
[2026.09.23-04.17.48:783][496]LogSlate: Window 'Animation_Climb' being destroyed
[2026.09.23-04.17.48:796][496]LogSlate: Window 'Animation_Climb' being destroyed
[2026.09.23-04.17.48:799][496]LogWorld: UWorld::CleanupWorld for World_5, bSessionEnded=true, bCleanupResources=true
[2026.09.23-04.17.48:799][496]LogSlate: InvalidateAllWidgets triggered.  All widgets were invalidated
[2026.09.23-04.18.08:677][ 99]LogSlate: Window 'Extract sprites' being destroyed
[2026.09.23-04.18.18:197][666]LogSlate: Warning: Ignoring SetUserFocus because it's not an active modal Window (user 0 not set to SAssetView [SContentBrowser.cpp(749)].
[2026.09.23-04.18.18:197][666]LogContentBrowser: Deferred new asset file creation: Player_Idle1
[2026.09.23-04.18.18:215][666]LogContentBrowser: Creating deferred item: Player_Idle1
[2026.09.23-04.18.29:556][347]LogContentBrowser: Attempting asset rename: Player_Idle1 -> Animation_Idle
[2026.09.23-04.18.29:556][347]LogContentBrowser: End creating deferred item Player_Idle1
[2026.09.23-04.18.30:895][425]LogAssetEditorSubsystem: Opening Asset editor for PaperFlipbook /Game/Platformer_assets_pack/Player/Anim_Idle/Animation_Idle.Animation_Idle
[2026.09.23-04.18.59:150][ 60]LogSavePackage: Moving '../../../../../../Users/larse/OneDrive/Documentos/Unreal Projects/Terraformer/Saved/Animation_Idle2E2451FB4148DA38F9AE30A1DC7E7324.tmp' to '../../../../../../Users/larse/OneDrive/Documentos/Unreal Projects/Terraformer/Content/Platformer_assets_pack/Player/Anim_Idle/Animation_Idle.uasset'
[2026.09.23-04.18.59:168][ 60]AssetCheck: New page: Asset Save: Animation_Idle
[2026.09.23-04.18.59:168][ 60]LogContentValidation: Display: Validating PaperFlipbook /Game/Platformer_assets_pack/Player/Anim_Idle/Animation_Idle.Animation_Idle
[2026.09.23-04.19.45:859][161]LogSavePackage: Moving '../../../../../../Users/larse/OneDrive/Documentos/Unreal Projects/Terraformer/Saved/Animation_Idle88347DF3417610770AFB7BB230011FE6.tmp' to '../../../../../../Users/larse/OneDrive/Documentos/Unreal Projects/Terraformer/Content/Platformer_assets_pack/Player/Anim_Idle/Animation_Idle.uasset'
[2026.09.23-04.19.45:878][161]AssetCheck: New page: Asset Save: Animation_Idle
[2026.09.23-04.19.45:878][161]LogContentValidation: Display: Validating PaperFlipbook /Game/Platformer_assets_pack/Player/Anim_Idle/Animation_Idle.Animation_Idle
[2026.09.23-04.19.51:711][510]LogSavePackage: Moving '../../../../../../Users/larse/OneDrive/Documentos/Unreal Projects/Terraformer/Saved/Animation_Idle8FA76AA24F12A2D9F2B146B9BFB635D3.tmp' to '../../../../../../Users/larse/OneDrive/Documentos/Unreal Projects/Terraformer/Content/Platformer_assets_pack/Player/Anim_Idle/Animation_Idle.uasset'
[2026.09.23-04.19.51:728][510]AssetCheck: New page: Asset Save: Animation_Idle
[2026.09.23-04.19.51:728][510]LogContentValidation: Display: Validating PaperFlipbook /Game/Platformer_assets_pack/Player/Anim_Idle/Animation_Idle.Animation_Idle
[2026.09.23-04.19.53:487][615]LogSlate: Window 'Animation_Idle' being destroyed
[2026.09.23-04.19.53:500][615]LogSlate: Window 'Animation_Idle' being destroyed
[2026.09.23-04.19.53:503][615]LogWorld: UWorld::CleanupWorld for World_6, bSessionEnded=true, bCleanupResources=true
[2026.09.23-04.19.53:503][615]LogSlate: InvalidateAllWidgets triggered.  All widgets were invalidated
[2026.09.23-04.27.28:051][993]LogSlate: Window 'Extract sprites' being destroyed
[2026.09.23-04.27.58:091][235]LogSlate: Warning: Ignoring SetUserFocus because it's not an active modal Window (user 0 not set to SAssetView [SContentBrowser.cpp(749)].
[2026.09.23-04.27.58:091][235]LogContentBrowser: Deferred new asset file creation: Player_jump1
[2026.09.23-04.27.58:111][235]LogContentBrowser: Creating deferred item: Player_jump1
[2026.09.23-04.28.05:831][699]LogContentBrowser: Attempting asset rename: Player_jump1 -> Animation_Jump
[2026.09.23-04.28.05:832][699]LogContentBrowser: End creating deferred item Player_jump1
[2026.09.23-04.28.07:238][782]LogAssetEditorSubsystem: Opening Asset editor for PaperFlipbook /Game/Platformer_assets_pack/Player/Anim_Jump/Animation_Jump.Animation_Jump
[2026.09.23-04.28.21:743][642]LogSavePackage: Moving '../../../../../../Users/larse/OneDrive/Documentos/Unreal Projects/Terraformer/Saved/Animation_Jump83F579AE48F18887EFEEBEAFD2E033BA.tmp' to '../../../../../../Users/larse/OneDrive/Documentos/Unreal Projects/Terraformer/Content/Platformer_assets_pack/Player/Anim_Jump/Animation_Jump.uasset'
[2026.09.23-04.28.21:760][642]AssetCheck: New page: Asset Save: Animation_Jump
[2026.09.23-04.28.21:760][642]LogContentValidation: Display: Validating PaperFlipbook /Game/Platformer_assets_pack/Player/Anim_Jump/Animation_Jump.Animation_Jump
[2026.09.23-04.28.23:051][720]LogSlate: Window 'Animation_Jump' being destroyed
[2026.09.23-04.28.23:061][720]LogSlate: Window 'Animation_Jump' being destroyed
[2026.09.23-04.28.23:065][720]LogWorld: UWorld::CleanupWorld for World_7, bSessionEnded=true, bCleanupResources=true
[2026.09.23-04.28.23:065][720]LogSlate: InvalidateAllWidgets triggered.  All widgets were invalidated
[2026.09.23-04.28.25:815][882]LogAssetEditorSubsystem: Opening Asset editor for PaperFlipbook /Game/Platformer_assets_pack/Player/Anim_Idle/Animation_Idle.Animation_Idle
[2026.09.23-04.28.49:835][294]LogSavePackage: Moving '../../../../../../Users/larse/OneDrive/Documentos/Unreal Projects/Terraformer/Saved/Animation_Idle4D9144204D0920889605C7BD2F23D868.tmp' to '../../../../../../Users/larse/OneDrive/Documentos/Unreal Projects/Terraformer/Content/Platformer_assets_pack/Player/Anim_Idle/Animation_Idle.uasset'
[2026.09.23-04.28.49:852][294]AssetCheck: New page: Asset Save: Animation_Idle
[2026.09.23-04.28.49:852][294]LogContentValidation: Display: Validating PaperFlipbook /Game/Platformer_assets_pack/Player/Anim_Idle/Animation_Idle.Animation_Idle
[2026.09.23-04.28.51:043][366]LogSlate: Window 'Animation_Idle' being destroyed
[2026.09.23-04.28.51:053][366]LogSlate: Window 'Animation_Idle' being destroyed
[2026.09.23-04.28.51:056][366]LogWorld: UWorld::CleanupWorld for World_8, bSessionEnded=true, bCleanupResources=true
[2026.09.23-04.28.51:056][366]LogSlate: InvalidateAllWidgets triggered.  All widgets were invalidated
[2026.09.23-04.29.03:951][127]LogSlate: Window 'Extract sprites' being destroyed
[2026.09.23-04.29.13:510][696]LogSlate: Warning: Ignoring SetUserFocus because it's not an active modal Window (user 0 not set to SAssetView [SContentBrowser.cpp(749)].
[2026.09.23-04.29.13:511][696]LogContentBrowser: Deferred new asset file creation: Player_run1
[2026.09.23-04.29.13:527][696]LogContentBrowser: Creating deferred item: Player_run1
[2026.09.23-04.29.19:631][ 63]LogContentBrowser: Attempting asset rename: Player_run1 -> Animation_Run
[2026.09.23-04.29.19:631][ 63]LogContentBrowser: End creating deferred item Player_run1
[2026.09.23-04.29.21:768][189]LogAssetEditorSubsystem: Opening Asset editor for PaperFlipbook /Game/Platformer_assets_pack/Player/Anim_Run/Animation_Run.Animation_Run
[2026.09.23-04.29.59:717][430]LogSavePackage: Moving '../../../../../../Users/larse/OneDrive/Documentos/Unreal Projects/Terraformer/Saved/Animation_Run323D30E044574E9CABBEDDB87EB92641.tmp' to '../../../../../../Users/larse/OneDrive/Documentos/Unreal Projects/Terraformer/Content/Platformer_assets_pack/Player/Anim_Run/Animation_Run.uasset'
[2026.09.23-04.29.59:735][430]AssetCheck: New page: Asset Save: Animation_Run
[2026.09.23-04.29.59:735][430]LogContentValidation: Display: Validating PaperFlipbook /Game/Platformer_assets_pack/Player/Anim_Run/Animation_Run.Animation_Run
[2026.09.23-04.30.03:085][630]LogSavePackage: Moving '../../../../../../Users/larse/OneDrive/Documentos/Unreal Projects/Terraformer/Saved/Animation_Run9423921A468DDAC5E97E92906D7A6683.tmp' to '../../../../../../Users/larse/OneDrive/Documentos/Unreal Projects/Terraformer/Content/Platformer_assets_pack/Player/Anim_Run/Animation_Run.uasset'
[2026.09.23-04.30.03:101][630]AssetCheck: New page: Asset Save: Animation_Run
[2026.09.23-04.30.03:101][630]LogContentValidation: Display: Validating PaperFlipbook /Game/Platformer_assets_pack/Player/Anim_Run/Animation_Run.Animation_Run
[2026.09.23-04.30.04:682][725]LogSlate: Window 'Animation_Run' being destroyed
[2026.09.23-04.30.04:691][725]LogSlate: Window 'Animation_Run' being destroyed
[2026.09.23-04.30.04:694][725]LogWorld: UWorld::CleanupWorld for World_9, bSessionEnded=true, bCleanupResources=true
[2026.09.23-04.30.04:694][725]LogSlate: InvalidateAllWidgets triggered.  All widgets were invalidated
[2026.09.23-04.30.16:094][885]LogUObjectHash: Compacting FUObjectHashTables data took   2.19ms
[2026.09.23-04.30.17:219][885]LogSlate: Window 'Guardar contenido' being destroyed
[2026.09.23-04.30.17:255][885]LogSavePackage: Moving '../../../../../../Users/larse/OneDrive/Documentos/Unreal Projects/Terraformer/Saved/Player_climb_Sprite_07A6B40F64F97CD86462CC285F6CFF9BC.tmp' to '../../../../../../Users/larse/OneDrive/Documentos/Unreal Projects/Terraformer/Content/Platformer_assets_pack/Player/Anim_climb/Player_climb_Sprite_0.uasset'
[2026.09.23-04.30.17:264][885]LogSavePackage: Moving '../../../../../../Users/larse/OneDrive/Documentos/Unreal Projects/Terraformer/Saved/Player_climb_Sprite_13CBF40C94726A5A8D3BFDBBDD1EF0ED3.tmp' to '../../../../../../Users/larse/OneDrive/Documentos/Unreal Projects/Terraformer/Content/Platformer_assets_pack/Player/Anim_climb/Player_climb_Sprite_1.uasset'
[2026.09.23-04.30.17:272][885]LogSavePackage: Moving '../../../../../../Users/larse/OneDrive/Documentos/Unreal Projects/Terraformer/Saved/Player_Idle_Sprite_0D4AF048246A0A6E387D35C9EA2682A00.tmp' to '../../../../../../Users/larse/OneDrive/Documentos/Unreal Projects/Terraformer/Content/Platformer_assets_pack/Player/Anim_Idle/Player_Idle_Sprite_0.uasset'
[2026.09.23-04.30.17:279][885]LogSavePackage: Moving '../../../../../../Users/larse/OneDrive/Documentos/Unreal Projects/Terraformer/Saved/Player_Idle_Sprite_13AAFFCA74AD3879FF69E84B0B2F99690.tmp' to '../../../../../../Users/larse/OneDrive/Documentos/Unreal Projects/Terraformer/Content/Platformer_assets_pack/Player/Anim_Idle/Player_Idle_Sprite_1.uasset'
[2026.09.23-04.30.17:284][885]LogSavePackage: Moving '../../../../../../Users/larse/OneDrive/Documentos/Unreal Projects/Terraformer/Saved/Player_Idle_Sprite_29E8D1127445A0A7704CC188EEE8B7F17.tmp' to '../../../../../../Users/larse/OneDrive/Documentos/Unreal Projects/Terraformer/Content/Platformer_assets_pack/Player/Anim_Idle/Player_Idle_Sprite_2.uasset'
[2026.09.23-04.30.17:291][885]LogSavePackage: Moving '../../../../../../Users/larse/OneDrive/Documentos/Unreal Projects/Terraformer/Saved/Player_Idle_Sprite_36E9698D64E05833FA6C4B58A585868E0.tmp' to '../../../../../../Users/larse/OneDrive/Documentos/Unreal Projects/Terraformer/Content/Platformer_assets_pack/Player/Anim_Idle/Player_Idle_Sprite_3.uasset'
[2026.09.23-04.30.17:298][885]LogSavePackage: Moving '../../../../../../Users/larse/OneDrive/Documentos/Unreal Projects/Terraformer/Saved/Player_jump_Sprite_091D4EAD9481C68735E1024BC13A3489F.tmp' to '../../../../../../Users/larse/OneDrive/Documentos/Unreal Projects/Terraformer/Content/Platformer_assets_pack/Player/Anim_Jump/Player_jump_Sprite_0.uasset'
[2026.09.23-04.30.17:307][885]LogSavePackage: Moving '../../../../../../Users/larse/OneDrive/Documentos/Unreal Projects/Terraformer/Saved/Player_run_Sprite_070B180DE455AF0309DCF1EABEF1268F4.tmp' to '../../../../../../Users/larse/OneDrive/Documentos/Unreal Projects/Terraformer/Content/Platformer_assets_pack/Player/Anim_Run/Player_run_Sprite_0.uasset'
[2026.09.23-04.30.17:314][885]LogSavePackage: Moving '../../../../../../Users/larse/OneDrive/Documentos/Unreal Projects/Terraformer/Saved/Player_run_Sprite_1BB8F419549172CE72B5D439BE5C99F13.tmp' to '../../../../../../Users/larse/OneDrive/Documentos/Unreal Projects/Terraformer/Content/Platformer_assets_pack/Player/Anim_Run/Player_run_Sprite_1.uasset'
[2026.09.23-04.30.17:322][885]LogSavePackage: Moving '../../../../../../Users/larse/OneDrive/Documentos/Unreal Projects/Terraformer/Saved/Player_run_Sprite_2A4F0648A4292A2CA5A71B085D38DB918.tmp' to '../../../../../../Users/larse/OneDrive/Documentos/Unreal Projects/Terraformer/Content/Platformer_assets_pack/Player/Anim_Run/Player_run_Sprite_2.uasset'
[2026.09.23-04.30.17:329][885]LogSavePackage: Moving '../../../../../../Users/larse/OneDrive/Documentos/Unreal Projects/Terraformer/Saved/Player_run_Sprite_3AD07C60246137201C049EA887BE48E0B.tmp' to '../../../../../../Users/larse/OneDrive/Documentos/Unreal Projects/Terraformer/Content/Platformer_assets_pack/Player/Anim_Run/Player_run_Sprite_3.uasset'
[2026.09.23-04.30.17:337][885]LogSavePackage: Moving '../../../../../../Users/larse/OneDrive/Documentos/Unreal Projects/Terraformer/Saved/Player_run_Sprite_4CA892D9548D3426B994EA29E036BD9A8.tmp' to '../../../../../../Users/larse/OneDrive/Documentos/Unreal Projects/Terraformer/Content/Platformer_assets_pack/Player/Anim_Run/Player_run_Sprite_4.uasset'
[2026.09.23-04.30.17:345][885]LogSavePackage: Moving '../../../../../../Users/larse/OneDrive/Documentos/Unreal Projects/Terraformer/Saved/Player_run_Sprite_5AD9977C8405C6E232948568E1981965F.tmp' to '../../../../../../Users/larse/OneDrive/Documentos/Unreal Projects/Terraformer/Content/Platformer_assets_pack/Player/Anim_Run/Player_run_Sprite_5.uasset'
[2026.09.23-04.30.17:351][885]LogSavePackage: Moving '../../../../../../Users/larse/OneDrive/Documentos/Unreal Projects/Terraformer/Saved/Player_run_Sprite_6B20D17984E85EE6665A43BB5F1ADA220.tmp' to '../../../../../../Users/larse/OneDrive/Documentos/Unreal Projects/Terraformer/Content/Platformer_assets_pack/Player/Anim_Run/Player_run_Sprite_6.uasset'
[2026.09.23-04.30.17:358][885]LogSavePackage: Moving '../../../../../../Users/larse/OneDrive/Documentos/Unreal Projects/Terraformer/Saved/Player_run_Sprite_7739AE0554715F4FE08CCCD8C21A42228.tmp' to '../../../../../../Users/larse/OneDrive/Documentos/Unreal Projects/Terraformer/Content/Platformer_assets_pack/Player/Anim_Run/Player_run_Sprite_7.uasset'
[2026.09.23-04.30.17:381][885]AssetCheck: New page: Asset Save: multiple assets
[2026.09.23-04.30.17:381][885]LogContentValidation: Display: Validating PaperSprite /Game/Platformer_assets_pack/Player/Anim_Run/Player_run_Sprite_7.Player_run_Sprite_7
[2026.09.23-04.30.17:381][885]LogContentValidation: Display: Validating PaperSprite /Game/Platformer_assets_pack/Player/Anim_Run/Player_run_Sprite_6.Player_run_Sprite_6
[2026.09.23-04.30.17:381][885]LogContentValidation: Display: Validating PaperSprite /Game/Platformer_assets_pack/Player/Anim_Run/Player_run_Sprite_5.Player_run_Sprite_5
[2026.09.23-04.30.17:381][885]LogContentValidation: Display: Validating PaperSprite /Game/Platformer_assets_pack/Player/Anim_Run/Player_run_Sprite_4.Player_run_Sprite_4
[2026.09.23-04.30.17:381][885]LogContentValidation: Display: Validating PaperSprite /Game/Platformer_assets_pack/Player/Anim_Run/Player_run_Sprite_3.Player_run_Sprite_3
[2026.09.23-04.30.17:381][885]LogContentValidation: Display: Validating PaperSprite /Game/Platformer_assets_pack/Player/Anim_Run/Player_run_Sprite_2.Player_run_Sprite_2
[2026.09.23-04.30.17:381][885]LogContentValidation: Display: Validating PaperSprite /Game/Platformer_assets_pack/Player/Anim_Run/Player_run_Sprite_1.Player_run_Sprite_1
[2026.09.23-04.30.17:381][885]LogContentValidation: Display: Validating PaperSprite /Game/Platformer_assets_pack/Player/Anim_Run/Player_run_Sprite_0.Player_run_Sprite_0
[2026.09.23-04.30.17:381][885]LogContentValidation: Display: Validating PaperSprite /Game/Platformer_assets_pack/Player/Anim_Jump/Player_jump_Sprite_0.Player_jump_Sprite_0
[2026.09.23-04.30.17:381][885]LogContentValidation: Display: Validating PaperSprite /Game/Platformer_assets_pack/Player/Anim_Idle/Player_Idle_Sprite_3.Player_Idle_Sprite_3
[2026.09.23-04.30.17:381][885]LogContentValidation: Display: Validating PaperSprite /Game/Platformer_assets_pack/Player/Anim_Idle/Player_Idle_Sprite_2.Player_Idle_Sprite_2
[2026.09.23-04.30.17:381][885]LogContentValidation: Display: Validating PaperSprite /Game/Platformer_assets_pack/Player/Anim_Idle/Player_Idle_Sprite_1.Player_Idle_Sprite_1
[2026.09.23-04.30.17:381][885]LogContentValidation: Display: Validating PaperSprite /Game/Platformer_assets_pack/Player/Anim_Idle/Player_Idle_Sprite_0.Player_Idle_Sprite_0
[2026.09.23-04.30.17:381][885]LogContentValidation: Display: Validating PaperSprite /Game/Platformer_assets_pack/Player/Anim_climb/Player_climb_Sprite_1.Player_climb_Sprite_1
[2026.09.23-04.30.17:381][885]LogContentValidation: Display: Validating PaperSprite /Game/Platformer_assets_pack/Player/Anim_climb/Player_climb_Sprite_0.Player_climb_Sprite_0
[2026.09.23-04.30.45:789][266]LogAssetEditorSubsystem: Opening Asset editor for Texture2D /Game/Platformer_assets_pack/Player/Anim_Walk/Player_walk.Player_walk
[2026.09.23-04.30.51:127][578]LogSlate: Window 'Player_walk' being destroyed
[2026.09.23-04.30.51:141][578]LogSlate: Window 'Player_walk' being destroyed
[2026.09.23-04.30.56:620][894]LogSlate: Window 'Extract sprites' being destroyed
[2026.09.23-04.31.03:382][294]LogSlate: Warning: Ignoring SetUserFocus because it's not an active modal Window (user 0 not set to SAssetView [SContentBrowser.cpp(749)].
[2026.09.23-04.31.03:382][294]LogContentBrowser: Deferred new asset file creation: Player_walk1
[2026.09.23-04.31.03:398][294]LogContentBrowser: Creating deferred item: Player_walk1
[2026.09.23-04.31.10:453][718]LogContentBrowser: Attempting asset rename: Player_walk1 -> Animation_Walk
[2026.09.23-04.31.10:453][718]LogContentBrowser: End creating deferred item Player_walk1
[2026.09.23-04.31.12:773][855]LogAssetEditorSubsystem: Opening Asset editor for PaperFlipbook /Game/Platformer_assets_pack/Player/Anim_Walk/Animation_Walk.Animation_Walk
[2026.09.23-04.31.36:770][255]LogSavePackage: Moving '../../../../../../Users/larse/OneDrive/Documentos/Unreal Projects/Terraformer/Saved/Animation_Walk1D9E801F4527CBC4C6A85FA6398A8AC5.tmp' to '../../../../../../Users/larse/OneDrive/Documentos/Unreal Projects/Terraformer/Content/Platformer_assets_pack/Player/Anim_Walk/Animation_Walk.uasset'
[2026.09.23-04.31.36:789][255]AssetCheck: New page: Asset Save: Animation_Walk
[2026.09.23-04.31.36:789][255]LogContentValidation: Display: Validating PaperFlipbook /Game/Platformer_assets_pack/Player/Anim_Walk/Animation_Walk.Animation_Walk
[2026.09.23-04.31.45:719][788]LogSavePackage: Moving '../../../../../../Users/larse/OneDrive/Documentos/Unreal Projects/Terraformer/Saved/Animation_WalkBC76038843EB6D003FFE80AF7521E82A.tmp' to '../../../../../../Users/larse/OneDrive/Documentos/Unreal Projects/Terraformer/Content/Platformer_assets_pack/Player/Anim_Walk/Animation_Walk.uasset'
[2026.09.23-04.31.45:737][788]AssetCheck: New page: Asset Save: Animation_Walk
[2026.09.23-04.31.45:737][788]LogContentValidation: Display: Validating PaperFlipbook /Game/Platformer_assets_pack/Player/Anim_Walk/Animation_Walk.Animation_Walk
[2026.09.23-04.31.46:306][821]LogSavePackage: Moving '../../../../../../Users/larse/OneDrive/Documentos/Unreal Projects/Terraformer/Saved/Animation_WalkDA9249D84ABC803E499E12B02871D98B.tmp' to '../../../../../../Users/larse/OneDrive/Documentos/Unreal Projects/Terraformer/Content/Platformer_assets_pack/Player/Anim_Walk/Animation_Walk.uasset'
[2026.09.23-04.31.46:321][821]AssetCheck: New page: Asset Save: Animation_Walk
[2026.09.23-04.31.46:321][821]LogContentValidation: Display: Validating PaperFlipbook /Game/Platformer_assets_pack/Player/Anim_Walk/Animation_Walk.Animation_Walk
[2026.09.23-04.31.51:076][105]LogSavePackage: Moving '../../../../../../Users/larse/OneDrive/Documentos/Unreal Projects/Terraformer/Saved/Animation_WalkAA36169A4E7DA65D34E56E93452CAAAB.tmp' to '../../../../../../Users/larse/OneDrive/Documentos/Unreal Projects/Terraformer/Content/Platformer_assets_pack/Player/Anim_Walk/Animation_Walk.uasset'
[2026.09.23-04.31.51:095][105]AssetCheck: New page: Asset Save: Animation_Walk
[2026.09.23-04.31.51:096][105]LogContentValidation: Display: Validating PaperFlipbook /Game/Platformer_assets_pack/Player/Anim_Walk/Animation_Walk.Animation_Walk
[2026.09.23-04.31.59:880][630]LogSlate: Window 'Animation_Walk' being destroyed
[2026.09.23-04.31.59:889][630]LogSlate: Window 'Animation_Walk' being destroyed
[2026.09.23-04.31.59:893][630]LogWorld: UWorld::CleanupWorld for World_10, bSessionEnded=true, bCleanupResources=true
[2026.09.23-04.31.59:894][630]LogSlate: InvalidateAllWidgets triggered.  All widgets were invalidated
[2026.09.23-04.32.00:407][660]LogEditorViewport: Clicking on Actor (LMB): PaperTileMapActor (Tilemap_mundo1)
[2026.09.23-04.32.02:008][753]LogEditorViewport: Clicking Background
[2026.09.23-04.36.13:904][208]LogAssetEditorSubsystem: Opening Asset editor for PaperTileSet /Game/Platformer_assets_pack/Tileset/Tileset_TileSet.Tileset_TileSet
[2026.09.23-04.38.24:876][992]LogContentBrowser: Attempting asset rename: Tilemap_mundo1 -> Mapa
[2026.09.23-04.38.24:948][992]LogSavePackage: Moving '../../../../../../Users/larse/OneDrive/Documentos/Unreal Projects/Terraformer/Saved/Mapa7AE513534FFB71BA3AA6489806F4B337.tmp' to '../../../../../../Users/larse/OneDrive/Documentos/Unreal Projects/Terraformer/Content/Platformer_assets_pack/Tileset/Mapa.uasset'
[2026.09.23-04.38.24:950][992]LogSavePackage: Moving '../../../../../../Users/larse/OneDrive/Documentos/Unreal Projects/Terraformer/Saved/Tilemap_mundo12865FBC042EAF8ABF028ABA15BE076ED.tmp' to '../../../../../../Users/larse/OneDrive/Documentos/Unreal Projects/Terraformer/Content/Platformer_assets_pack/Tileset/Tilemap_mundo1.uasset'
[2026.09.23-04.38.25:148][992]AssetCheck: New page: Asset Save: multiple assets
[2026.09.23-04.38.25:148][992]LogContentValidation: Display: Validating PaperTileMap /Game/Platformer_assets_pack/Tileset/Mapa.Mapa
[2026.09.23-04.38.25:149][992]LogContentValidation: Display: Validating ObjectRedirector /Game/Platformer_assets_pack/Tileset/Tilemap_mundo1.Tilemap_mundo1
[2026.09.23-04.38.46:740][917]LogContentBrowser: Attempting asset rename: Mapa -> MapaTileSet
[2026.09.23-04.38.46:799][917]LogSavePackage: Moving '../../../../../../Users/larse/OneDrive/Documentos/Unreal Projects/Terraformer/Saved/MapaTileSet27F3CD1749BFCB6D1830D9A75CE330D4.tmp' to '../../../../../../Users/larse/OneDrive/Documentos/Unreal Projects/Terraformer/Content/Platformer_assets_pack/Tileset/MapaTileSet.uasset'
[2026.09.23-04.38.46:916][917]LogUObjectHash: Compacting FUObjectHashTables data took   1.72ms
[2026.09.23-04.38.46:940][917]LogUObjectHash: Compacting FUObjectHashTables data took   1.04ms
[2026.09.23-04.38.46:950][917]LogUObjectHash: Compacting FUObjectHashTables data took   0.39ms
[2026.09.23-04.38.46:969][917]LogSavePackage: Moving '../../../../../../Users/larse/OneDrive/Documentos/Unreal Projects/Terraformer/Saved/Tilemap_mundo1023D56DD4A124ECC3E253D9F4EF41271.tmp' to '../../../../../../Users/larse/OneDrive/Documentos/Unreal Projects/Terraformer/Content/Platformer_assets_pack/Tileset/Tilemap_mundo1.uasset'
[2026.09.23-04.38.46:995][917]AssetCheck: New page: Asset Save: multiple assets
[2026.09.23-04.38.46:995][917]LogContentValidation: Display: Validating PaperTileMap /Game/Platformer_assets_pack/Tileset/MapaTileSet.MapaTileSet
[2026.09.23-04.38.46:995][917]LogContentValidation: Display: Validating ObjectRedirector /Game/Platformer_assets_pack/Tileset/Tilemap_mundo1.Tilemap_mundo1
[2026.09.23-04.39.20:649][427]LogSlate: Window 'Tileset_TileSet' being destroyed
[2026.09.23-04.39.20:658][427]LogSlate: Window 'Tileset_TileSet' being destroyed
[2026.09.23-04.39.20:673][427]LogWorld: UWorld::CleanupWorld for World_11, bSessionEnded=true, bCleanupResources=true
[2026.09.23-04.39.20:673][427]LogSlate: InvalidateAllWidgets triggered.  All widgets were invalidated
[2026.09.23-04.39.22:072][507]LogAssetEditorSubsystem: Opening Asset editor for PaperTileMap /Game/Platformer_assets_pack/Tileset/MapaTileSet.MapaTileSet
[2026.09.23-04.39.22:180][507]LogRenderer: Reallocating scene render targets to support 2024x1160 Format 10 NumSamples 1 (Frame:1).
[2026.09.23-04.39.44:189][825]Cmd: TRANSACTION UNDO
[2026.09.23-04.39.44:189][825]LogEditorTransaction: Undo Paste Layer
[2026.09.23-04.39.49:634][142]Cmd: TRANSACTION UNDO
[2026.09.23-04.39.49:634][142]LogEditorTransaction: Undo Tile Painting
[2026.09.23-04.40.46:571][150]LogUObjectHash: Compacting FUObjectHashTables data took   1.22ms
[2026.09.23-04.40.46:577][150]LogFileHelpers: Editor autosave (incl. external actors) for '/Game/Niveles/Mapa01' took 0.019
[2026.09.23-04.40.46:578][150]OBJ SavePackage: Generating thumbnails for [0] asset(s) in package [/Game/Platformer_assets_pack/Tileset/MapaTileSet] ([1] browsable assets)...
[2026.09.23-04.40.46:578][150]OBJ SavePackage: Finished generating thumbnails for package [/Game/Platformer_assets_pack/Tileset/MapaTileSet]
[2026.09.23-04.40.46:586][150]LogSavePackage: Moving '../../../../../../Users/larse/OneDrive/Documentos/Unreal Projects/Terraformer/Saved/MapaTileSet_Auto30E6757C44AFAC50EFE6E3CA7E9805F21.tmp' to '../../../../../../Users/larse/OneDrive/Documentos/Unreal Projects/Terraformer/Saved/Autosaves/Game/Platformer_assets_pack/Tileset/MapaTileSet_Auto3.uasset'
[2026.09.23-04.40.46:587][150]LogFileHelpers: Auto-saving content packages took 0.010
[2026.09.23-04.42.03:035][270]LogSavePackage: Moving '../../../../../../Users/larse/OneDrive/Documentos/Unreal Projects/Terraformer/Saved/MapaTileSet3D0795EF4A8AB4D391456D9F546EE650.tmp' to '../../../../../../Users/larse/OneDrive/Documentos/Unreal Projects/Terraformer/Content/Platformer_assets_pack/Tileset/MapaTileSet.uasset'
[2026.09.23-04.42.03:054][270]AssetCheck: New page: Asset Save: MapaTileSet
[2026.09.23-04.42.03:054][270]LogContentValidation: Display: Validating PaperTileMap /Game/Platformer_assets_pack/Tileset/MapaTileSet.MapaTileSet
[2026.09.23-04.42.04:530][354]LogSlate: Window 'MapaTileSet' being destroyed
[2026.09.23-04.42.04:545][354]LogSlate: Window 'MapaTileSet' being destroyed
[2026.09.23-04.42.04:548][354]LogWorld: UWorld::CleanupWorld for World_12, bSessionEnded=true, bCleanupResources=true
[2026.09.23-04.42.04:548][354]LogSlate: InvalidateAllWidgets triggered.  All widgets were invalidated
[2026.09.23-04.42.14:364][942]LogEditorViewport: Clicking on Actor (LMB): PaperTileMapActor (Tilemap_mundo1)
[2026.09.23-04.42.40:978][927]LogEditorViewport: Clicking Background
[2026.09.23-04.42.54:180][566]LogEditorViewport: Clicking on Actor (LMB): PaperTileMapActor (Tilemap_mundo1)
[2026.09.23-04.46.04:625][927]LogEditorViewport: Clicking Background
[2026.09.23-04.48.22:358][716]LogNavigationPoint: PostEditMove Clear paths rebuilt
[2026.09.23-04.48.23:166][764]LogEditorViewport: Clicking on Actor (context menu): PaperSpriteActor (Background_Sprite2)
[2026.09.23-04.48.24:053][814]LogEditorViewport: Clicking on Actor (LMB): PaperSpriteActor (Background_Sprite2)
[2026.09.23-04.48.24:642][849]LogEditorViewport: Clicking on Actor (LMB): PlayerStart (PlayerStart)
[2026.09.23-04.48.33:620][387]LogNavigationPoint: PostEditMove Clear paths rebuilt
[2026.09.23-04.48.41:754][875]LogNavigationPoint: PostEditMove Clear paths rebuilt
[2026.09.23-04.48.59:861][331]LogUObjectHash: Compacting FUObjectHashTables data took   1.33ms
[2026.09.23-04.48.59:900][331]LogUObjectHash: Compacting FUObjectHashTables data took   1.06ms
[2026.09.23-04.48.59:907][331]LogSavePackage: Moving '../../../../../../Users/larse/OneDrive/Documentos/Unreal Projects/Terraformer/Saved/Mapa010C0037034392A963461226B889B63466.tmp' to '../../../../../../Users/larse/OneDrive/Documentos/Unreal Projects/Terraformer/Content/Niveles/Mapa01.umap'
[2026.09.23-04.48.59:914][331]LogFileHelpers: Saving map 'Mapa01' took 0.026
[2026.09.23-04.48.59:920][331]LogSavePackage: Moving '../../../../../../Users/larse/OneDrive/Documentos/Unreal Projects/Terraformer/Saved/Player_walk_Sprite_0AE72D1B94696A4852C2A1CAF583CF04C.tmp' to '../../../../../../Users/larse/OneDrive/Documentos/Unreal Projects/Terraformer/Content/Platformer_assets_pack/Player/Anim_Walk/Player_walk_Sprite_0.uasset'
[2026.09.23-04.48.59:926][331]LogSavePackage: Moving '../../../../../../Users/larse/OneDrive/Documentos/Unreal Projects/Terraformer/Saved/Player_walk_Sprite_1B067CB8D48ED7819A8356DB2FD7FA0ED.tmp' to '../../../../../../Users/larse/OneDrive/Documentos/Unreal Projects/Terraformer/Content/Platformer_assets_pack/Player/Anim_Walk/Player_walk_Sprite_1.uasset'
[2026.09.23-04.48.59:933][331]LogSavePackage: Moving '../../../../../../Users/larse/OneDrive/Documentos/Unreal Projects/Terraformer/Saved/Player_walk_Sprite_2E2B449DE4B6C2E5AF64944A600FDA5DF.tmp' to '../../../../../../Users/larse/OneDrive/Documentos/Unreal Projects/Terraformer/Content/Platformer_assets_pack/Player/Anim_Walk/Player_walk_Sprite_2.uasset'
[2026.09.23-04.48.59:939][331]LogSavePackage: Moving '../../../../../../Users/larse/OneDrive/Documentos/Unreal Projects/Terraformer/Saved/Player_walk_Sprite_39473CBF5435B66AB6A6FD1A66225BAB6.tmp' to '../../../../../../Users/larse/OneDrive/Documentos/Unreal Projects/Terraformer/Content/Platformer_assets_pack/Player/Anim_Walk/Player_walk_Sprite_3.uasset'
[2026.09.23-04.48.59:945][331]LogSavePackage: Moving '../../../../../../Users/larse/OneDrive/Documentos/Unreal Projects/Terraformer/Saved/Player_walk_Sprite_4267A8D1B4F7AE47CEEC5E99872FE4693.tmp' to '../../../../../../Users/larse/OneDrive/Documentos/Unreal Projects/Terraformer/Content/Platformer_assets_pack/Player/Anim_Walk/Player_walk_Sprite_4.uasset'
[2026.09.23-04.48.59:953][331]LogSavePackage: Moving '../../../../../../Users/larse/OneDrive/Documentos/Unreal Projects/Terraformer/Saved/Player_walk_Sprite_54F35581D4C72BE28158516BF4085E271.tmp' to '../../../../../../Users/larse/OneDrive/Documentos/Unreal Projects/Terraformer/Content/Platformer_assets_pack/Player/Anim_Walk/Player_walk_Sprite_5.uasset'
[2026.09.23-04.48.59:960][331]LogSavePackage: Moving '../../../../../../Users/larse/OneDrive/Documentos/Unreal Projects/Terraformer/Saved/Player_walk_Sprite_62FAB89954FA0460805FA708D9BF7CD38.tmp' to '../../../../../../Users/larse/OneDrive/Documentos/Unreal Projects/Terraformer/Content/Platformer_assets_pack/Player/Anim_Walk/Player_walk_Sprite_6.uasset'
[2026.09.23-04.48.59:967][331]LogSavePackage: Moving '../../../../../../Users/larse/OneDrive/Documentos/Unreal Projects/Terraformer/Saved/Player_walk_Sprite_7914B03AE4E18D72FEBCAFA8010826D92.tmp' to '../../../../../../Users/larse/OneDrive/Documentos/Unreal Projects/Terraformer/Content/Platformer_assets_pack/Player/Anim_Walk/Player_walk_Sprite_7.uasset'
[2026.09.23-04.48.59:975][331]LogSavePackage: Moving '../../../../../../Users/larse/OneDrive/Documentos/Unreal Projects/Terraformer/Saved/Player_walk_Sprite_892288052470557B7B737A8AC0ED6ABBC.tmp' to '../../../../../../Users/larse/OneDrive/Documentos/Unreal Projects/Terraformer/Content/Platformer_assets_pack/Player/Anim_Walk/Player_walk_Sprite_8.uasset'
[2026.09.23-04.48.59:994][331]AssetCheck: New page: Asset Save: multiple assets
[2026.09.23-04.48.59:994][331]LogContentValidation: Display: Validating World /Game/Niveles/Mapa01.Mapa01
[2026.09.23-04.48.59:994][331]LogContentValidation: Display: Validating PaperSprite /Game/Platformer_assets_pack/Player/Anim_Walk/Player_walk_Sprite_8.Player_walk_Sprite_8
[2026.09.23-04.48.59:994][331]LogContentValidation: Display: Validating PaperSprite /Game/Platformer_assets_pack/Player/Anim_Walk/Player_walk_Sprite_7.Player_walk_Sprite_7
[2026.09.23-04.48.59:994][331]LogContentValidation: Display: Validating PaperSprite /Game/Platformer_assets_pack/Player/Anim_Walk/Player_walk_Sprite_6.Player_walk_Sprite_6
[2026.09.23-04.48.59:994][331]LogContentValidation: Display: Validating PaperSprite /Game/Platformer_assets_pack/Player/Anim_Walk/Player_walk_Sprite_5.Player_walk_Sprite_5
[2026.09.23-04.48.59:994][331]LogContentValidation: Display: Validating PaperSprite /Game/Platformer_assets_pack/Player/Anim_Walk/Player_walk_Sprite_4.Player_walk_Sprite_4
[2026.09.23-04.48.59:994][331]LogContentValidation: Display: Validating PaperSprite /Game/Platformer_assets_pack/Player/Anim_Walk/Player_walk_Sprite_3.Player_walk_Sprite_3
[2026.09.23-04.48.59:995][331]LogContentValidation: Display: Validating PaperSprite /Game/Platformer_assets_pack/Player/Anim_Walk/Player_walk_Sprite_2.Player_walk_Sprite_2
[2026.09.23-04.48.59:995][331]LogContentValidation: Display: Validating PaperSprite /Game/Platformer_assets_pack/Player/Anim_Walk/Player_walk_Sprite_1.Player_walk_Sprite_1
[2026.09.23-04.48.59:995][331]LogContentValidation: Display: Validating PaperSprite /Game/Platformer_assets_pack/Player/Anim_Walk/Player_walk_Sprite_0.Player_walk_Sprite_0
[2026.09.23-04.49.01:854][442]LogUObjectHash: Compacting FUObjectHashTables data took   0.99ms
[2026.09.23-04.49.14:138][871]LogAssetEditorSubsystem: Opening Asset editor for Blueprint /Game/Blueprints/BP_PaperCharacter2D.BP_PaperCharacter2D
[2026.09.23-04.53.47:309][689]BlueprintLog: New page: Compilar BP_PaperCharacter2D
[2026.09.23-04.53.47:364][689]LogUObjectHash: Compacting FUObjectHashTables data took   2.38ms
[2026.09.23-04.53.47:385][689]LogSlate: Took 0.000754 seconds to synchronously load lazily loaded font '../../../Engine/Content/Slate/Fonts/DroidSansMono.ttf' (77K)
[2026.09.23-04.53.48:803][773]LogSavePackage: Moving '../../../../../../Users/larse/OneDrive/Documentos/Unreal Projects/Terraformer/Saved/BP_PaperCharacter2DFDE879D04AB115D0F62F97843D47B56F.tmp' to '../../../../../../Users/larse/OneDrive/Documentos/Unreal Projects/Terraformer/Content/Blueprints/BP_PaperCharacter2D.uasset'
[2026.09.23-04.53.48:826][773]AssetCheck: New page: Asset Save: BP_PaperCharacter2D
[2026.09.23-04.53.48:826][773]LogContentValidation: Display: Validating Blueprint /Game/Blueprints/BP_PaperCharacter2D.BP_PaperCharacter2D
[2026.09.23-04.57.44:170][710]LogSavePackage: Moving '../../../../../../Users/larse/OneDrive/Documentos/Unreal Projects/Terraformer/Saved/BP_PaperCharacter2D6C7695A0426786F762EADB95A9AE8A9D.tmp' to '../../../../../../Users/larse/OneDrive/Documentos/Unreal Projects/Terraformer/Content/Blueprints/BP_PaperCharacter2D.uasset'
[2026.09.23-04.57.44:187][710]AssetCheck: New page: Asset Save: BP_PaperCharacter2D
[2026.09.23-04.57.44:187][710]LogContentValidation: Display: Validating Blueprint /Game/Blueprints/BP_PaperCharacter2D.BP_PaperCharacter2D
[2026.09.23-04.57.44:782][746]BlueprintLog: New page: Compilar BP_PaperCharacter2D
[2026.09.23-04.57.44:809][746]LogUObjectHash: Compacting FUObjectHashTables data took   1.54ms
[2026.09.23-04.57.45:429][779]LogSavePackage: Moving '../../../../../../Users/larse/OneDrive/Documentos/Unreal Projects/Terraformer/Saved/BP_PaperCharacter2D65CFC5914374637132E12BA07DDC3E53.tmp' to '../../../../../../Users/larse/OneDrive/Documentos/Unreal Projects/Terraformer/Content/Blueprints/BP_PaperCharacter2D.uasset'
[2026.09.23-04.57.45:444][779]AssetCheck: New page: Asset Save: BP_PaperCharacter2D
[2026.09.23-04.57.45:444][779]LogContentValidation: Display: Validating Blueprint /Game/Blueprints/BP_PaperCharacter2D.BP_PaperCharacter2D
[2026.09.23-04.57.49:175][998]LogTemp: Repeating last play command: Selected Viewport
[2026.09.23-04.57.49:188][998]LogPlayLevel: PlayLevel: No blueprints needed recompiling
[2026.09.23-04.57.49:195][998]PIE: New page: Sesión PIE (reproducción en el editor): Mapa01 (22 sep. 2026 17:57:49)
[2026.09.23-04.57.49:209][998]LogOnline: OSS: Creating online subsystem instance for: NULL
[2026.09.23-04.57.49:212][998]LogOnline: OSS: TryLoadSubsystemAndSetDefault: Loaded subsystem for module [NULL]
[2026.09.23-04.57.49:213][998]LogPlayLevel: Creating play world package: /Game/Niveles/UEDPIE_0_Mapa01
[2026.09.23-04.57.49:215][998]LogPlayLevel: PIE: StaticDuplicateObject took: (0.001868s)
[2026.09.23-04.57.49:221][998]LogAIModule: Creating AISystem for world Mapa01
[2026.09.23-04.57.49:224][998]LogPlayLevel: PIE: World Init took: (0.009037s)
[2026.09.23-04.57.49:224][998]LogPlayLevel: PIE: Created PIE world by copying editor world from /Game/Niveles/Mapa01.Mapa01 to /Game/Niveles/UEDPIE_0_Mapa01.Mapa01 (0.011320s)
[2026.09.23-04.57.49:240][998]LogUObjectHash: Compacting FUObjectHashTables data took   1.65ms
[2026.09.23-04.57.49:243][998]LogAudio: Display: Creating Audio Device:                 Id: 2, Scope: Unique, Realtime: True
[2026.09.23-04.57.49:244][998]LogAudioMixer: Display: Audio Mixer Platform Settings:
[2026.09.23-04.57.49:244][998]LogAudioMixer: Display: 	Sample Rate:						  48000
[2026.09.23-04.57.49:245][998]LogAudioMixer: Display: 	Callback Buffer Frame Size Requested: 1024
[2026.09.23-04.57.49:245][998]LogAudioMixer: Display: 	Callback Buffer Frame Size To Use:	  1024
[2026.09.23-04.57.49:245][998]LogAudioMixer: Display: 	Number of buffers to queue:			  2
[2026.09.23-04.57.49:245][998]LogAudioMixer: Display: 	Max Channels (voices):				  32
[2026.09.23-04.57.49:245][998]LogAudioMixer: Display: 	Number of Async Source Workers:		  0
[2026.09.23-04.57.49:245][998]LogAudio: Display: AudioDevice MaxSources: 32
[2026.09.23-04.57.49:247][998]LogAudio: Display: Audio Spatialization Plugin: None (built-in).
[2026.09.23-04.57.49:247][998]LogAudio: Display: Audio Reverb Plugin: None (built-in).
[2026.09.23-04.57.49:247][998]LogAudio: Display: Audio Occlusion Plugin: None (built-in).
[2026.09.23-04.57.49:247][998]LogAudioMixer: Display: Initializing audio mixer.
[2026.09.23-04.57.49:255][998]LogAudioMixer: Display: 0: FrontLeft
[2026.09.23-04.57.49:255][998]LogAudioMixer: Display: 1: FrontRight
[2026.09.23-04.57.49:331][998]LogAudioMixer: Display: Using Audio Device Altavoces (Realtek(R) Audio)
[2026.09.23-04.57.49:333][998]LogAudioMixer: Display: Initializing Sound Submixes...
[2026.09.23-04.57.49:333][998]LogAudioMixer: Display: Creating Master Submix 'MasterSubmixDefault'
[2026.09.23-04.57.49:333][998]LogAudioMixer: Display: Creating Master Submix 'MasterReverbSubmixDefault'
[2026.09.23-04.57.49:334][998]LogAudioMixer: Display: Creating Master Submix 'MasterEQSubmixDefault'
[2026.09.23-04.57.49:335][998]LogAudioMixer: FMixerPlatformXAudio2::StartAudioStream() called
[2026.09.23-04.57.49:335][998]LogAudioMixer: Display: Output buffers initialized: Frames=1024, Channels=2, Samples=2048
[2026.09.23-04.57.49:336][998]LogAudioMixer: Display: Starting AudioMixerPlatformInterface::RunInternal()
[2026.09.23-04.57.49:336][998]LogAudioMixer: Display: FMixerPlatformXAudio2::SubmitBuffer() called for the first time
[2026.09.23-04.57.49:337][998]LogInit: FAudioDevice initialized.
[2026.09.23-04.57.49:337][998]LogAudio: Display: Audio Device (ID: 2) registered with world 'Mapa01'.
[2026.09.23-04.57.49:365][998]LogLoad: Game class is 'GameMode2D_C'
[2026.09.23-04.57.49:375][998]LogWorld: Bringing World /Game/Niveles/UEDPIE_0_Mapa01.Mapa01 up for play (max tick rate 60) at 2026.09.22-22.57.49
[2026.09.23-04.57.49:376][998]LogWorld: Bringing up level for play took: 0.001549
[2026.09.23-04.57.49:379][998]LogOnline: OSS: Creating online subsystem instance for: :Context_16
[2026.09.23-04.57.49:396][998]LogNativeClassHierarchy: Verbose: Native class hierarchy updated for 'MovieSceneCapture' in 0.0015 seconds. Added 20 classes and 0 folders.
[2026.09.23-04.57.49:403][998]PIE: El servidor ha iniciado la sesión
[2026.09.23-04.57.49:407][998]PIE: Play in editor total start time 0.224 seconds.
[2026.09.23-04.58.02:702][779]LogSlate: Updating window title bar state: overlay mode, drag disabled, window buttons hidden, title bar hidden
[2026.09.23-04.58.02:702][779]LogWorld: BeginTearingDown for /Game/Niveles/UEDPIE_0_Mapa01
[2026.09.23-04.58.02:703][779]LogWorld: UWorld::CleanupWorld for Mapa01, bSessionEnded=true, bCleanupResources=true
[2026.09.23-04.58.02:705][779]LogSlate: InvalidateAllWidgets triggered.  All widgets were invalidated
[2026.09.23-04.58.02:710][779]LogPlayLevel: Display: Shutting down PIE online subsystems
[2026.09.23-04.58.02:719][779]LogSlate: InvalidateAllWidgets triggered.  All widgets were invalidated
[2026.09.23-04.58.02:739][779]LogAudio: Display: Audio Device unregistered from world 'None'.
[2026.09.23-04.58.02:740][779]LogAudioMixer: FMixerPlatformXAudio2::StopAudioStream() called
[2026.09.23-04.58.02:741][779]LogAudioMixer: FMixerPlatformXAudio2::StopAudioStream() called
[2026.09.23-04.58.02:744][779]LogSlate: Updating window title bar state: overlay mode, drag disabled, window buttons hidden, title bar hidden
[2026.09.23-04.58.02:785][779]LogUObjectHash: Compacting FUObjectHashTables data took   2.54ms
[2026.09.23-04.58.02:808][780]LogPlayLevel: Display: Destroying online subsystem :Context_16
[2026.09.23-04.58.42:731][458]BlueprintLog: New page: Compilar BP_PaperCharacter2D
[2026.09.23-04.58.42:777][458]LogUObjectHash: Compacting FUObjectHashTables data took   2.67ms
[2026.09.23-04.58.44:034][526]LogTemp: Repeating last play command: Selected Viewport
[2026.09.23-04.58.44:044][526]LogPlayLevel: PlayLevel: No blueprints needed recompiling
[2026.09.23-04.58.44:044][526]PIE: New page: Sesión PIE (reproducción en el editor): Mapa01 (22 sep. 2026 17:58:44)
[2026.09.23-04.58.44:044][526]LogPlayLevel: Creating play world package: /Game/Niveles/UEDPIE_0_Mapa01
[2026.09.23-04.58.44:044][526]LogPlayLevel: PIE: StaticDuplicateObject took: (0.001508s)
[2026.09.23-04.58.44:047][526]LogAIModule: Creating AISystem for world Mapa01
[2026.09.23-04.58.44:047][526]LogPlayLevel: PIE: World Init took: (0.001703s)
[2026.09.23-04.58.44:047][526]LogPlayLevel: PIE: Created PIE world by copying editor world from /Game/Niveles/Mapa01.Mapa01 to /Game/Niveles/UEDPIE_0_Mapa01.Mapa01 (0.003341s)
[2026.09.23-04.58.44:065][526]LogUObjectHash: Compacting FUObjectHashTables data took   2.32ms
[2026.09.23-04.58.44:067][526]LogAudio: Display: Creating Audio Device:                 Id: 3, Scope: Unique, Realtime: True
[2026.09.23-04.58.44:067][526]LogAudioMixer: Display: Audio Mixer Platform Settings:
[2026.09.23-04.58.44:067][526]LogAudioMixer: Display: 	Sample Rate:						  48000
[2026.09.23-04.58.44:067][526]LogAudioMixer: Display: 	Callback Buffer Frame Size Requested: 1024
[2026.09.23-04.58.44:067][526]LogAudioMixer: Display: 	Callback Buffer Frame Size To Use:	  1024
[2026.09.23-04.58.44:067][526]LogAudioMixer: Display: 	Number of buffers to queue:			  2
[2026.09.23-04.58.44:067][526]LogAudioMixer: Display: 	Max Channels (voices):				  32
[2026.09.23-04.58.44:067][526]LogAudioMixer: Display: 	Number of Async Source Workers:		  0
[2026.09.23-04.58.44:067][526]LogAudio: Display: AudioDevice MaxSources: 32
[2026.09.23-04.58.44:067][526]LogAudio: Display: Audio Spatialization Plugin: None (built-in).
[2026.09.23-04.58.44:067][526]LogAudio: Display: Audio Reverb Plugin: None (built-in).
[2026.09.23-04.58.44:067][526]LogAudio: Display: Audio Occlusion Plugin: None (built-in).
[2026.09.23-04.58.44:067][526]LogAudioMixer: Display: Initializing audio mixer.
[2026.09.23-04.58.44:071][526]LogAudioMixer: Display: 0: FrontLeft
[2026.09.23-04.58.44:071][526]LogAudioMixer: Display: 1: FrontRight
[2026.09.23-04.58.44:150][526]LogAudioMixer: Display: Using Audio Device Altavoces (Realtek(R) Audio)
[2026.09.23-04.58.44:150][526]LogAudioMixer: Display: Initializing Sound Submixes...
[2026.09.23-04.58.44:150][526]LogAudioMixer: Display: Creating Master Submix 'MasterSubmixDefault'
[2026.09.23-04.58.44:150][526]LogAudioMixer: Display: Creating Master Submix 'MasterReverbSubmixDefault'
[2026.09.23-04.58.44:151][526]LogAudioMixer: Display: Creating Master Submix 'MasterEQSubmixDefault'
[2026.09.23-04.58.44:151][526]LogAudioMixer: FMixerPlatformXAudio2::StartAudioStream() called
[2026.09.23-04.58.44:151][526]LogAudioMixer: Display: Output buffers initialized: Frames=1024, Channels=2, Samples=2048
[2026.09.23-04.58.44:152][526]LogAudioMixer: Display: Starting AudioMixerPlatformInterface::RunInternal()
[2026.09.23-04.58.44:152][526]LogAudioMixer: Display: FMixerPlatformXAudio2::SubmitBuffer() called for the first time
[2026.09.23-04.58.44:152][526]LogInit: FAudioDevice initialized.
[2026.09.23-04.58.44:152][526]LogAudio: Display: Audio Device (ID: 3) registered with world 'Mapa01'.
[2026.09.23-04.58.44:168][526]LogLoad: Game class is 'GameMode2D_C'
[2026.09.23-04.58.44:169][526]LogWorld: Bringing World /Game/Niveles/UEDPIE_0_Mapa01.Mapa01 up for play (max tick rate 60) at 2026.09.22-22.58.44
[2026.09.23-04.58.44:169][526]LogWorld: Bringing up level for play took: 0.000861
[2026.09.23-04.58.44:169][526]LogOnline: OSS: Creating online subsystem instance for: :Context_17
[2026.09.23-04.58.44:172][526]PIE: El servidor ha iniciado la sesión
[2026.09.23-04.58.44:173][526]PIE: Play in editor total start time 0.132 seconds.
[2026.09.23-04.58.46:649][670]LogSlate: Updating window title bar state: overlay mode, drag disabled, window buttons hidden, title bar hidden
[2026.09.23-04.58.46:649][670]LogWorld: BeginTearingDown for /Game/Niveles/UEDPIE_0_Mapa01
[2026.09.23-04.58.46:649][670]LogWorld: UWorld::CleanupWorld for Mapa01, bSessionEnded=true, bCleanupResources=true
[2026.09.23-04.58.46:649][670]LogSlate: InvalidateAllWidgets triggered.  All widgets were invalidated
[2026.09.23-04.58.46:658][670]LogPlayLevel: Display: Shutting down PIE online subsystems
[2026.09.23-04.58.46:667][670]LogSlate: InvalidateAllWidgets triggered.  All widgets were invalidated
[2026.09.23-04.58.46:683][670]LogAudio: Display: Audio Device unregistered from world 'None'.
[2026.09.23-04.58.46:683][670]LogAudioMixer: FMixerPlatformXAudio2::StopAudioStream() called
[2026.09.23-04.58.46:684][670]LogAudioMixer: FMixerPlatformXAudio2::StopAudioStream() called
[2026.09.23-04.58.46:689][670]LogSlate: Updating window title bar state: overlay mode, drag disabled, window buttons hidden, title bar hidden
[2026.09.23-04.58.46:692][670]LogUObjectHash: Compacting FUObjectHashTables data took   1.63ms
[2026.09.23-04.58.46:730][672]LogPlayLevel: Display: Destroying online subsystem :Context_17
[2026.09.23-04.58.51:161][840]LogTemp: Repeating last play command: Selected Viewport
[2026.09.23-04.58.51:168][840]LogPlayLevel: PlayLevel: No blueprints needed recompiling
[2026.09.23-04.58.51:168][840]PIE: New page: Sesión PIE (reproducción en el editor): Mapa01 (22 sep. 2026 17:58:51)
[2026.09.23-04.58.51:168][840]LogPlayLevel: Creating play world package: /Game/Niveles/UEDPIE_0_Mapa01
[2026.09.23-04.58.51:169][840]LogPlayLevel: PIE: StaticDuplicateObject took: (0.000877s)
[2026.09.23-04.58.51:169][840]LogAIModule: Creating AISystem for world Mapa01
[2026.09.23-04.58.51:170][840]LogPlayLevel: PIE: World Init took: (0.000937s)
[2026.09.23-04.58.51:170][840]LogPlayLevel: PIE: Created PIE world by copying editor world from /Game/Niveles/Mapa01.Mapa01 to /Game/Niveles/UEDPIE_0_Mapa01.Mapa01 (0.001916s)
[2026.09.23-04.58.51:186][840]LogUObjectHash: Compacting FUObjectHashTables data took   1.78ms
[2026.09.23-04.58.51:187][840]LogAudio: Display: Creating Audio Device:                 Id: 4, Scope: Unique, Realtime: True
[2026.09.23-04.58.51:187][840]LogAudioMixer: Display: Audio Mixer Platform Settings:
[2026.09.23-04.58.51:187][840]LogAudioMixer: Display: 	Sample Rate:						  48000
[2026.09.23-04.58.51:187][840]LogAudioMixer: Display: 	Callback Buffer Frame Size Requested: 1024
[2026.09.23-04.58.51:187][840]LogAudioMixer: Display: 	Callback Buffer Frame Size To Use:	  1024
[2026.09.23-04.58.51:187][840]LogAudioMixer: Display: 	Number of buffers to queue:			  2
[2026.09.23-04.58.51:187][840]LogAudioMixer: Display: 	Max Channels (voices):				  32
[2026.09.23-04.58.51:187][840]LogAudioMixer: Display: 	Number of Async Source Workers:		  0
[2026.09.23-04.58.51:187][840]LogAudio: Display: AudioDevice MaxSources: 32
[2026.09.23-04.58.51:187][840]LogAudio: Display: Audio Spatialization Plugin: None (built-in).
[2026.09.23-04.58.51:187][840]LogAudio: Display: Audio Reverb Plugin: None (built-in).
[2026.09.23-04.58.51:187][840]LogAudio: Display: Audio Occlusion Plugin: None (built-in).
[2026.09.23-04.58.51:187][840]LogAudioMixer: Display: Initializing audio mixer.
[2026.09.23-04.58.51:190][840]LogAudioMixer: Display: 0: FrontLeft
[2026.09.23-04.58.51:190][840]LogAudioMixer: Display: 1: FrontRight
[2026.09.23-04.58.51:263][840]LogAudioMixer: Display: Using Audio Device Altavoces (Realtek(R) Audio)
[2026.09.23-04.58.51:263][840]LogAudioMixer: Display: Initializing Sound Submixes...
[2026.09.23-04.58.51:263][840]LogAudioMixer: Display: Creating Master Submix 'MasterSubmixDefault'
[2026.09.23-04.58.51:263][840]LogAudioMixer: Display: Creating Master Submix 'MasterReverbSubmixDefault'
[2026.09.23-04.58.51:263][840]LogAudioMixer: Display: Creating Master Submix 'MasterEQSubmixDefault'
[2026.09.23-04.58.51:263][840]LogAudioMixer: FMixerPlatformXAudio2::StartAudioStream() called
[2026.09.23-04.58.51:263][840]LogAudioMixer: Display: Output buffers initialized: Frames=1024, Channels=2, Samples=2048
[2026.09.23-04.58.51:264][840]LogAudioMixer: Display: Starting AudioMixerPlatformInterface::RunInternal()
[2026.09.23-04.58.51:264][840]LogAudioMixer: Display: FMixerPlatformXAudio2::SubmitBuffer() called for the first time
[2026.09.23-04.58.51:264][840]LogInit: FAudioDevice initialized.
[2026.09.23-04.58.51:264][840]LogAudio: Display: Audio Device (ID: 4) registered with world 'Mapa01'.
[2026.09.23-04.58.51:275][840]LogLoad: Game class is 'GameMode2D_C'
[2026.09.23-04.58.51:276][840]LogWorld: Bringing World /Game/Niveles/UEDPIE_0_Mapa01.Mapa01 up for play (max tick rate 60) at 2026.09.22-22.58.51
[2026.09.23-04.58.51:276][840]LogWorld: Bringing up level for play took: 0.000586
[2026.09.23-04.58.51:276][840]LogOnline: OSS: Creating online subsystem instance for: :Context_18
[2026.09.23-04.58.51:278][840]PIE: El servidor ha iniciado la sesión
[2026.09.23-04.58.51:278][840]PIE: Play in editor total start time 0.113 seconds.
[2026.09.23-05.03.30:928][825]LogSlate: Updating window title bar state: overlay mode, drag disabled, window buttons hidden, title bar hidden
[2026.09.23-05.03.30:929][825]LogWorld: BeginTearingDown for /Game/Niveles/UEDPIE_0_Mapa01
[2026.09.23-05.03.30:929][825]LogWorld: UWorld::CleanupWorld for Mapa01, bSessionEnded=true, bCleanupResources=true
[2026.09.23-05.03.30:929][825]LogSlate: InvalidateAllWidgets triggered.  All widgets were invalidated
[2026.09.23-05.03.30:939][825]LogPlayLevel: Display: Shutting down PIE online subsystems
[2026.09.23-05.03.30:949][825]LogSlate: InvalidateAllWidgets triggered.  All widgets were invalidated
[2026.09.23-05.03.30:964][825]LogSlate: Updating window title bar state: overlay mode, drag disabled, window buttons hidden, title bar hidden
[2026.09.23-05.03.30:964][825]LogAudioMixer: FMixerPlatformXAudio2::StopAudioStream() called
[2026.09.23-05.03.30:966][825]LogAudioMixer: FMixerPlatformXAudio2::StopAudioStream() called
[2026.09.23-05.03.30:971][825]LogUObjectHash: Compacting FUObjectHashTables data took   1.99ms
[2026.09.23-05.03.30:988][826]LogPlayLevel: Display: Destroying online subsystem :Context_18
[2026.09.23-05.04.55:122][764]LogUObjectHash: Compacting FUObjectHashTables data took   2.05ms
[2026.09.23-05.04.55:124][764]LogFileHelpers: Editor autosave (incl. external actors) for '/Game/Niveles/Mapa01' took 0.023
[2026.09.23-05.04.55:125][764]OBJ SavePackage: Generating thumbnails for [0] asset(s) in package [/Game/Blueprints/BP_PaperCharacter2D] ([2] browsable assets)...
[2026.09.23-05.04.55:125][764]OBJ SavePackage: Finished generating thumbnails for package [/Game/Blueprints/BP_PaperCharacter2D]
[2026.09.23-05.04.55:130][764]LogSavePackage: Moving '../../../../../../Users/larse/OneDrive/Documentos/Unreal Projects/Terraformer/Saved/BP_PaperCharacter2D_Auto46BE25D0C48D9D2416138329F51F36187.tmp' to '../../../../../../Users/larse/OneDrive/Documentos/Unreal Projects/Terraformer/Saved/Autosaves/Game/Blueprints/BP_PaperCharacter2D_Auto4.uasset'
[2026.09.23-05.04.55:130][764]LogFileHelpers: Auto-saving content packages took 0.006
[2026.09.23-05.05.40:393][  0]LogSlate: Window 'BP_PaperCharacter2D' being destroyed
[2026.09.23-05.05.40:405][  0]LogSlate: Window 'BP_PaperCharacter2D' being destroyed
[2026.09.23-05.05.40:409][  0]LogWorld: UWorld::CleanupWorld for World_13, bSessionEnded=true, bCleanupResources=true
[2026.09.23-05.05.40:409][  0]LogSlate: InvalidateAllWidgets triggered.  All widgets were invalidated
[2026.09.23-05.05.45:759][313]LogContentBrowser: Deferred new asset folder creation: Carpeta nueva
[2026.09.23-05.05.45:769][313]LogContentBrowser: Creating deferred item: Carpeta nueva
[2026.09.23-05.05.48:840][498]LogContentBrowser: Attempting asset rename: Carpeta nueva -> Inputs
[2026.09.23-05.05.48:840][498]LogContentBrowser: End creating deferred item Carpeta nueva
[2026.09.23-05.05.55:763][904]LogSlate: Window 'Seleccionador de color' being destroyed
[2026.09.23-05.06.15:168][219]LogContentBrowser: Deferred new asset folder creation: Carpeta nueva
[2026.09.23-05.06.15:182][219]LogContentBrowser: Creating deferred item: Carpeta nueva
[2026.09.23-05.06.19:056][388]LogContentBrowser: Attempting asset rename: Carpeta nueva -> Actions
[2026.09.23-05.06.19:056][388]LogContentBrowser: End creating deferred item Carpeta nueva
[2026.09.23-05.09.54:932][541]LogEditorViewport: Clicking on Actor (context menu): PaperSpriteActor (Background_Sprite2)
[2026.09.23-05.10.03:595][ 48]LogEditorViewport: Clicking on Actor (LMB): PlayerStart (PlayerStart)
[2026.09.23-05.10.07:117][257]LogAssetEditorSubsystem: Opening Asset editor for Blueprint /Game/Blueprints/BP_PaperCharacter2D.BP_PaperCharacter2D
[2026.09.23-05.20.25:707][656]LogSlate: Only BGRA pngs, bmps or icos are supported in by External Image Picker
[2026.09.23-05.21.14:487][ 28]LogSlate: Window 'Seleccionador de color' being destroyed
[2026.09.23-05.27.07:286][654]LogUObjectHash: Compacting FUObjectHashTables data took   2.67ms
[2026.09.23-05.27.07:289][654]LogFileHelpers: Editor autosave (incl. external actors) for '/Game/Niveles/Mapa01' took 0.059
[2026.09.23-05.27.07:289][654]OBJ SavePackage: Generating thumbnails for [0] asset(s) in package [/Game/Blueprints/BP_PaperCharacter2D] ([2] browsable assets)...
[2026.09.23-05.27.07:289][654]OBJ SavePackage: Finished generating thumbnails for package [/Game/Blueprints/BP_PaperCharacter2D]
[2026.09.23-05.27.07:295][654]LogSavePackage: Moving '../../../../../../Users/larse/OneDrive/Documentos/Unreal Projects/Terraformer/Saved/BP_PaperCharacter2D_Auto575026CE84C79E4BD8FC33DB5D996A603.tmp' to '../../../../../../Users/larse/OneDrive/Documentos/Unreal Projects/Terraformer/Saved/Autosaves/Game/Blueprints/BP_PaperCharacter2D_Auto5.uasset'
[2026.09.23-05.27.07:295][654]LogFileHelpers: Auto-saving content packages took 0.007
[2026.09.23-05.29.07:290][844]LogEditorTransaction: Undo Mover nodo
[2026.09.23-05.29.07:762][859]LogEditorTransaction: Undo Añadir nodo
[2026.09.23-05.32.19:211][633]LogEditorTransaction: Undo Añadir nodo
[2026.09.23-05.37.49:994][145]LogUObjectHash: Compacting FUObjectHashTables data took   2.21ms
[2026.09.23-05.37.49:998][145]LogFileHelpers: Editor autosave (incl. external actors) for '/Game/Niveles/Mapa01' took 0.077
[2026.09.23-05.37.49:999][145]OBJ SavePackage: Generating thumbnails for [0] asset(s) in package [/Game/Blueprints/BP_PaperCharacter2D] ([2] browsable assets)...
[2026.09.23-05.37.49:999][145]OBJ SavePackage: Finished generating thumbnails for package [/Game/Blueprints/BP_PaperCharacter2D]
[2026.09.23-05.37.50:010][145]LogSavePackage: Moving '../../../../../../Users/larse/OneDrive/Documentos/Unreal Projects/Terraformer/Saved/BP_PaperCharacter2D_Auto6C77D6A7F4EE40DB8C647FDABE31394CF.tmp' to '../../../../../../Users/larse/OneDrive/Documentos/Unreal Projects/Terraformer/Saved/Autosaves/Game/Blueprints/BP_PaperCharacter2D_Auto6.uasset'
[2026.09.23-05.37.50:011][145]LogFileHelpers: Auto-saving content packages took 0.012
[2026.09.23-05.38.03:420][220]BlueprintLog: New page: Compilar BP_PaperCharacter2D
[2026.09.23-05.38.03:454][220]LogUObjectHash: Compacting FUObjectHashTables data took   1.18ms
[2026.09.23-05.38.04:342][266]LogSavePackage: Moving '../../../../../../Users/larse/OneDrive/Documentos/Unreal Projects/Terraformer/Saved/BP_PaperCharacter2D68AB048F4842889E460EA0BE74499583.tmp' to '../../../../../../Users/larse/OneDrive/Documentos/Unreal Projects/Terraformer/Content/Blueprints/BP_PaperCharacter2D.uasset'
[2026.09.23-05.38.04:359][266]AssetCheck: New page: Asset Save: BP_PaperCharacter2D
[2026.09.23-05.38.04:359][266]LogContentValidation: Display: Validating Blueprint /Game/Blueprints/BP_PaperCharacter2D.BP_PaperCharacter2D
[2026.09.23-05.38.08:745][512]LogSlate: Window 'Ajustes del proyecto' being destroyed
[2026.09.23-05.38.08:757][512]LogSlate: Window 'Ajustes del proyecto' being destroyed
[2026.09.23-05.38.10:296][602]LogTemp: Repeating last play command: Selected Viewport
[2026.09.23-05.38.10:303][602]LogPlayLevel: PlayLevel: No blueprints needed recompiling
[2026.09.23-05.38.10:303][602]PIE: New page: Sesión PIE (reproducción en el editor): Mapa01 (22 sep. 2026 18:38:10)
[2026.09.23-05.38.10:303][602]LogPlayLevel: Creating play world package: /Game/Niveles/UEDPIE_0_Mapa01
[2026.09.23-05.38.10:304][602]LogPlayLevel: PIE: StaticDuplicateObject took: (0.001022s)
[2026.09.23-05.38.10:305][602]LogAIModule: Creating AISystem for world Mapa01
[2026.09.23-05.38.10:306][602]LogPlayLevel: PIE: World Init took: (0.000844s)
[2026.09.23-05.38.10:306][602]LogPlayLevel: PIE: Created PIE world by copying editor world from /Game/Niveles/Mapa01.Mapa01 to /Game/Niveles/UEDPIE_0_Mapa01.Mapa01 (0.002050s)
[2026.09.23-05.38.10:320][602]LogUObjectHash: Compacting FUObjectHashTables data took   1.58ms
[2026.09.23-05.38.10:322][602]LogAudio: Display: Creating Audio Device:                 Id: 5, Scope: Unique, Realtime: True
[2026.09.23-05.38.10:322][602]LogAudioMixer: Display: Audio Mixer Platform Settings:
[2026.09.23-05.38.10:322][602]LogAudioMixer: Display: 	Sample Rate:						  48000
[2026.09.23-05.38.10:322][602]LogAudioMixer: Display: 	Callback Buffer Frame Size Requested: 1024
[2026.09.23-05.38.10:322][602]LogAudioMixer: Display: 	Callback Buffer Frame Size To Use:	  1024
[2026.09.23-05.38.10:322][602]LogAudioMixer: Display: 	Number of buffers to queue:			  2
[2026.09.23-05.38.10:322][602]LogAudioMixer: Display: 	Max Channels (voices):				  32
[2026.09.23-05.38.10:322][602]LogAudioMixer: Display: 	Number of Async Source Workers:		  0
[2026.09.23-05.38.10:322][602]LogAudio: Display: AudioDevice MaxSources: 32
[2026.09.23-05.38.10:322][602]LogAudio: Display: Audio Spatialization Plugin: None (built-in).
[2026.09.23-05.38.10:322][602]LogAudio: Display: Audio Reverb Plugin: None (built-in).
[2026.09.23-05.38.10:323][602]LogAudio: Display: Audio Occlusion Plugin: None (built-in).
[2026.09.23-05.38.10:323][602]LogAudioMixer: Display: Initializing audio mixer.
[2026.09.23-05.38.10:326][602]LogAudioMixer: Display: 0: FrontLeft
[2026.09.23-05.38.10:326][602]LogAudioMixer: Display: 1: FrontRight
[2026.09.23-05.38.10:398][602]LogAudioMixer: Display: Using Audio Device Altavoces (Realtek(R) Audio)
[2026.09.23-05.38.10:399][602]LogAudioMixer: Display: Initializing Sound Submixes...
[2026.09.23-05.38.10:399][602]LogAudioMixer: Display: Creating Master Submix 'MasterSubmixDefault'
[2026.09.23-05.38.10:399][602]LogAudioMixer: Display: Creating Master Submix 'MasterReverbSubmixDefault'
[2026.09.23-05.38.10:399][602]LogAudioMixer: Display: Creating Master Submix 'MasterEQSubmixDefault'
[2026.09.23-05.38.10:399][602]LogAudioMixer: FMixerPlatformXAudio2::StartAudioStream() called
[2026.09.23-05.38.10:399][602]LogAudioMixer: Display: Output buffers initialized: Frames=1024, Channels=2, Samples=2048
[2026.09.23-05.38.10:400][602]LogAudioMixer: Display: Starting AudioMixerPlatformInterface::RunInternal()
[2026.09.23-05.38.10:401][602]LogAudioMixer: Display: FMixerPlatformXAudio2::SubmitBuffer() called for the first time
[2026.09.23-05.38.10:401][602]LogInit: FAudioDevice initialized.
[2026.09.23-05.38.10:401][602]LogAudio: Display: Audio Device (ID: 5) registered with world 'Mapa01'.
[2026.09.23-05.38.10:410][602]LogLoad: Game class is 'GameMode2D_C'
[2026.09.23-05.38.10:410][602]LogWorld: Bringing World /Game/Niveles/UEDPIE_0_Mapa01.Mapa01 up for play (max tick rate 60) at 2026.09.22-23.38.10
[2026.09.23-05.38.10:412][602]LogWorld: Bringing up level for play took: 0.000883
[2026.09.23-05.38.10:412][602]LogOnline: OSS: Creating online subsystem instance for: :Context_20
[2026.09.23-05.38.10:415][602]PIE: El servidor ha iniciado la sesión
[2026.09.23-05.38.10:415][602]PIE: Play in editor total start time 0.114 seconds.
[2026.09.23-05.38.34:469][ 43]LogSlate: Updating window title bar state: overlay mode, drag disabled, window buttons hidden, title bar hidden
[2026.09.23-05.38.34:469][ 43]LogWorld: BeginTearingDown for /Game/Niveles/UEDPIE_0_Mapa01
[2026.09.23-05.38.34:470][ 43]LogWorld: UWorld::CleanupWorld for Mapa01, bSessionEnded=true, bCleanupResources=true
[2026.09.23-05.38.34:470][ 43]LogSlate: InvalidateAllWidgets triggered.  All widgets were invalidated
[2026.09.23-05.38.34:479][ 43]LogPlayLevel: Display: Shutting down PIE online subsystems
[2026.09.23-05.38.34:487][ 43]LogSlate: InvalidateAllWidgets triggered.  All widgets were invalidated
[2026.09.23-05.38.34:499][ 43]LogAudio: Display: Audio Device unregistered from world 'None'.
[2026.09.23-05.38.34:500][ 43]LogAudioMixer: FMixerPlatformXAudio2::StopAudioStream() called
[2026.09.23-05.38.34:501][ 43]LogAudioMixer: FMixerPlatformXAudio2::StopAudioStream() called
[2026.09.23-05.38.34:502][ 43]LogSlate: Updating window title bar state: overlay mode, drag disabled, window buttons hidden, title bar hidden
[2026.09.23-05.38.34:504][ 43]LogUObjectHash: Compacting FUObjectHashTables data took   1.22ms
[2026.09.23-05.38.34:572][ 45]LogPlayLevel: Display: Destroying online subsystem :Context_20
[2026.09.23-05.39.54:388][ 51]BlueprintLog: New page: Compilar BP_PaperCharacter2D
[2026.09.23-05.39.54:417][ 51]LogUObjectHash: Compacting FUObjectHashTables data took   1.22ms
[2026.09.23-05.39.55:151][ 92]LogSavePackage: Moving '../../../../../../Users/larse/OneDrive/Documentos/Unreal Projects/Terraformer/Saved/BP_PaperCharacter2DF7EF2C5C45F993EA8BED1F91D527D43C.tmp' to '../../../../../../Users/larse/OneDrive/Documentos/Unreal Projects/Terraformer/Content/Blueprints/BP_PaperCharacter2D.uasset'
[2026.09.23-05.39.55:168][ 92]AssetCheck: New page: Asset Save: BP_PaperCharacter2D
[2026.09.23-05.39.55:168][ 92]LogContentValidation: Display: Validating Blueprint /Game/Blueprints/BP_PaperCharacter2D.BP_PaperCharacter2D
[2026.09.23-05.39.58:031][260]LogTemp: Repeating last play command: Selected Viewport
[2026.09.23-05.39.58:038][260]LogPlayLevel: PlayLevel: No blueprints needed recompiling
[2026.09.23-05.39.58:038][260]PIE: New page: Sesión PIE (reproducción en el editor): Mapa01 (22 sep. 2026 18:39:58)
[2026.09.23-05.39.58:058][260]LogPlayLevel: Creating play world package: /Game/Niveles/UEDPIE_0_Mapa01
[2026.09.23-05.39.58:059][260]LogPlayLevel: PIE: StaticDuplicateObject took: (0.001034s)
[2026.09.23-05.39.58:060][260]LogAIModule: Creating AISystem for world Mapa01
[2026.09.23-05.39.58:060][260]LogPlayLevel: PIE: World Init took: (0.000938s)
[2026.09.23-05.39.58:060][260]LogPlayLevel: PIE: Created PIE world by copying editor world from /Game/Niveles/Mapa01.Mapa01 to /Game/Niveles/UEDPIE_0_Mapa01.Mapa01 (0.002144s)
[2026.09.23-05.39.58:075][260]LogUObjectHash: Compacting FUObjectHashTables data took   1.39ms
[2026.09.23-05.39.58:076][260]LogAudio: Display: Creating Audio Device:                 Id: 6, Scope: Unique, Realtime: True
[2026.09.23-05.39.58:076][260]LogAudioMixer: Display: Audio Mixer Platform Settings:
[2026.09.23-05.39.58:076][260]LogAudioMixer: Display: 	Sample Rate:						  48000
[2026.09.23-05.39.58:076][260]LogAudioMixer: Display: 	Callback Buffer Frame Size Requested: 1024
[2026.09.23-05.39.58:076][260]LogAudioMixer: Display: 	Callback Buffer Frame Size To Use:	  1024
[2026.09.23-05.39.58:076][260]LogAudioMixer: Display: 	Number of buffers to queue:			  2
[2026.09.23-05.39.58:076][260]LogAudioMixer: Display: 	Max Channels (voices):				  32
[2026.09.23-05.39.58:076][260]LogAudioMixer: Display: 	Number of Async Source Workers:		  0
[2026.09.23-05.39.58:076][260]LogAudio: Display: AudioDevice MaxSources: 32
[2026.09.23-05.39.58:077][260]LogAudio: Display: Audio Spatialization Plugin: None (built-in).
[2026.09.23-05.39.58:077][260]LogAudio: Display: Audio Reverb Plugin: None (built-in).
[2026.09.23-05.39.58:077][260]LogAudio: Display: Audio Occlusion Plugin: None (built-in).
[2026.09.23-05.39.58:077][260]LogAudioMixer: Display: Initializing audio mixer.
[2026.09.23-05.39.58:080][260]LogAudioMixer: Display: 0: FrontLeft
[2026.09.23-05.39.58:080][260]LogAudioMixer: Display: 1: FrontRight
[2026.09.23-05.39.58:147][260]LogAudioMixer: Display: Using Audio Device Altavoces (Realtek(R) Audio)
[2026.09.23-05.39.58:147][260]LogAudioMixer: Display: Initializing Sound Submixes...
[2026.09.23-05.39.58:148][260]LogAudioMixer: Display: Creating Master Submix 'MasterSubmixDefault'
[2026.09.23-05.39.58:148][260]LogAudioMixer: Display: Creating Master Submix 'MasterReverbSubmixDefault'
[2026.09.23-05.39.58:148][260]LogAudioMixer: Display: Creating Master Submix 'MasterEQSubmixDefault'
[2026.09.23-05.39.58:148][260]LogAudioMixer: FMixerPlatformXAudio2::StartAudioStream() called
[2026.09.23-05.39.58:148][260]LogAudioMixer: Display: Output buffers initialized: Frames=1024, Channels=2, Samples=2048
[2026.09.23-05.39.58:150][260]LogAudioMixer: Display: Starting AudioMixerPlatformInterface::RunInternal()
[2026.09.23-05.39.58:150][260]LogAudioMixer: Display: FMixerPlatformXAudio2::SubmitBuffer() called for the first time
[2026.09.23-05.39.58:150][260]LogInit: FAudioDevice initialized.
[2026.09.23-05.39.58:150][260]LogAudio: Display: Audio Device (ID: 6) registered with world 'Mapa01'.
[2026.09.23-05.39.58:159][260]LogLoad: Game class is 'GameMode2D_C'
[2026.09.23-05.39.58:160][260]LogWorld: Bringing World /Game/Niveles/UEDPIE_0_Mapa01.Mapa01 up for play (max tick rate 60) at 2026.09.22-23.39.58
[2026.09.23-05.39.58:160][260]LogWorld: Bringing up level for play took: 0.000667
[2026.09.23-05.39.58:161][260]LogOnline: OSS: Creating online subsystem instance for: :Context_21
[2026.09.23-05.39.58:163][260]PIE: El servidor ha iniciado la sesión
[2026.09.23-05.39.58:163][260]PIE: Play in editor total start time 0.128 seconds.
[2026.09.23-05.40.03:641][586]LogSlate: Updating window title bar state: overlay mode, drag disabled, window buttons hidden, title bar hidden
[2026.09.23-05.40.03:641][586]LogWorld: BeginTearingDown for /Game/Niveles/UEDPIE_0_Mapa01
[2026.09.23-05.40.03:641][586]LogWorld: UWorld::CleanupWorld for Mapa01, bSessionEnded=true, bCleanupResources=true
[2026.09.23-05.40.03:641][586]LogSlate: InvalidateAllWidgets triggered.  All widgets were invalidated
[2026.09.23-05.40.03:648][586]LogPlayLevel: Display: Shutting down PIE online subsystems
[2026.09.23-05.40.03:657][586]LogSlate: InvalidateAllWidgets triggered.  All widgets were invalidated
[2026.09.23-05.40.03:669][586]LogAudio: Display: Audio Device unregistered from world 'None'.
[2026.09.23-05.40.03:669][586]LogAudioMixer: FMixerPlatformXAudio2::StopAudioStream() called
[2026.09.23-05.40.03:671][586]LogAudioMixer: FMixerPlatformXAudio2::StopAudioStream() called
[2026.09.23-05.40.03:676][586]LogSlate: Updating window title bar state: overlay mode, drag disabled, window buttons hidden, title bar hidden
[2026.09.23-05.40.03:678][586]LogUObjectHash: Compacting FUObjectHashTables data took   1.16ms
[2026.09.23-05.40.03:695][587]LogPlayLevel: Display: Destroying online subsystem :Context_21
[2026.09.23-05.40.05:410][690]LogTemp: Repeating last play command: Selected Viewport
[2026.09.23-05.40.05:417][690]LogPlayLevel: PlayLevel: No blueprints needed recompiling
[2026.09.23-05.40.05:417][690]PIE: New page: Sesión PIE (reproducción en el editor): Mapa01 (22 sep. 2026 18:40:05)
[2026.09.23-05.40.05:418][690]LogPlayLevel: Creating play world package: /Game/Niveles/UEDPIE_0_Mapa01
[2026.09.23-05.40.05:419][690]LogPlayLevel: PIE: StaticDuplicateObject took: (0.000920s)
[2026.09.23-05.40.05:419][690]LogAIModule: Creating AISystem for world Mapa01
[2026.09.23-05.40.05:419][690]LogPlayLevel: PIE: World Init took: (0.000721s)
[2026.09.23-05.40.05:419][690]LogPlayLevel: PIE: Created PIE world by copying editor world from /Game/Niveles/Mapa01.Mapa01 to /Game/Niveles/UEDPIE_0_Mapa01.Mapa01 (0.001754s)
[2026.09.23-05.40.05:432][690]LogUObjectHash: Compacting FUObjectHashTables data took   1.23ms
[2026.09.23-05.40.05:433][690]LogAudio: Display: Creating Audio Device:                 Id: 7, Scope: Unique, Realtime: True
[2026.09.23-05.40.05:433][690]LogAudioMixer: Display: Audio Mixer Platform Settings:
[2026.09.23-05.40.05:433][690]LogAudioMixer: Display: 	Sample Rate:						  48000
[2026.09.23-05.40.05:433][690]LogAudioMixer: Display: 	Callback Buffer Frame Size Requested: 1024
[2026.09.23-05.40.05:433][690]LogAudioMixer: Display: 	Callback Buffer Frame Size To Use:	  1024
[2026.09.23-05.40.05:433][690]LogAudioMixer: Display: 	Number of buffers to queue:			  2
[2026.09.23-05.40.05:433][690]LogAudioMixer: Display: 	Max Channels (voices):				  32
[2026.09.23-05.40.05:433][690]LogAudioMixer: Display: 	Number of Async Source Workers:		  0
[2026.09.23-05.40.05:433][690]LogAudio: Display: AudioDevice MaxSources: 32
[2026.09.23-05.40.05:434][690]LogAudio: Display: Audio Spatialization Plugin: None (built-in).
[2026.09.23-05.40.05:434][690]LogAudio: Display: Audio Reverb Plugin: None (built-in).
[2026.09.23-05.40.05:434][690]LogAudio: Display: Audio Occlusion Plugin: None (built-in).
[2026.09.23-05.40.05:434][690]LogAudioMixer: Display: Initializing audio mixer.
[2026.09.23-05.40.05:436][690]LogAudioMixer: Display: 0: FrontLeft
[2026.09.23-05.40.05:436][690]LogAudioMixer: Display: 1: FrontRight
[2026.09.23-05.40.05:505][690]LogAudioMixer: Display: Using Audio Device Altavoces (Realtek(R) Audio)
[2026.09.23-05.40.05:505][690]LogAudioMixer: Display: Initializing Sound Submixes...
[2026.09.23-05.40.05:505][690]LogAudioMixer: Display: Creating Master Submix 'MasterSubmixDefault'
[2026.09.23-05.40.05:505][690]LogAudioMixer: Display: Creating Master Submix 'MasterReverbSubmixDefault'
[2026.09.23-05.40.05:506][690]LogAudioMixer: Display: Creating Master Submix 'MasterEQSubmixDefault'
[2026.09.23-05.40.05:506][690]LogAudioMixer: FMixerPlatformXAudio2::StartAudioStream() called
[2026.09.23-05.40.05:506][690]LogAudioMixer: Display: Output buffers initialized: Frames=1024, Channels=2, Samples=2048
[2026.09.23-05.40.05:507][690]LogAudioMixer: Display: Starting AudioMixerPlatformInterface::RunInternal()
[2026.09.23-05.40.05:507][690]LogAudioMixer: Display: FMixerPlatformXAudio2::SubmitBuffer() called for the first time
[2026.09.23-05.40.05:507][690]LogInit: FAudioDevice initialized.
[2026.09.23-05.40.05:507][690]LogAudio: Display: Audio Device (ID: 7) registered with world 'Mapa01'.
[2026.09.23-05.40.05:515][690]LogLoad: Game class is 'GameMode2D_C'
[2026.09.23-05.40.05:517][690]LogWorld: Bringing World /Game/Niveles/UEDPIE_0_Mapa01.Mapa01 up for play (max tick rate 60) at 2026.09.22-23.40.05
[2026.09.23-05.40.05:517][690]LogWorld: Bringing up level for play took: 0.000585
[2026.09.23-05.40.05:517][690]LogOnline: OSS: Creating online subsystem instance for: :Context_22
[2026.09.23-05.40.05:519][690]PIE: El servidor ha iniciado la sesión
[2026.09.23-05.40.05:519][690]PIE: Play in editor total start time 0.105 seconds.
[2026.09.23-05.40.12:271][ 94]LogSlate: Updating window title bar state: overlay mode, drag disabled, window buttons hidden, title bar hidden
[2026.09.23-05.40.12:271][ 94]LogWorld: BeginTearingDown for /Game/Niveles/UEDPIE_0_Mapa01
[2026.09.23-05.40.12:271][ 94]LogWorld: UWorld::CleanupWorld for Mapa01, bSessionEnded=true, bCleanupResources=true
[2026.09.23-05.40.12:272][ 94]LogSlate: InvalidateAllWidgets triggered.  All widgets were invalidated
[2026.09.23-05.40.12:279][ 94]LogPlayLevel: Display: Shutting down PIE online subsystems
[2026.09.23-05.40.12:288][ 94]LogSlate: InvalidateAllWidgets triggered.  All widgets were invalidated
[2026.09.23-05.40.12:302][ 94]LogSlate: Updating window title bar state: overlay mode, drag disabled, window buttons hidden, title bar hidden
[2026.09.23-05.40.12:302][ 94]LogAudioMixer: FMixerPlatformXAudio2::StopAudioStream() called
[2026.09.23-05.40.12:303][ 94]LogAudioMixer: FMixerPlatformXAudio2::StopAudioStream() called
[2026.09.23-05.40.12:309][ 94]LogUObjectHash: Compacting FUObjectHashTables data took   1.05ms
[2026.09.23-05.40.12:382][ 96]LogPlayLevel: Display: Destroying online subsystem :Context_22
[2026.09.23-05.40.13:682][174]LogTemp: Repeating last play command: Selected Viewport
[2026.09.23-05.40.13:688][174]LogPlayLevel: PlayLevel: No blueprints needed recompiling
[2026.09.23-05.40.13:689][174]PIE: New page: Sesión PIE (reproducción en el editor): Mapa01 (22 sep. 2026 18:40:13)
[2026.09.23-05.40.13:689][174]LogPlayLevel: Creating play world package: /Game/Niveles/UEDPIE_0_Mapa01
[2026.09.23-05.40.13:690][174]LogPlayLevel: PIE: StaticDuplicateObject took: (0.000936s)
[2026.09.23-05.40.13:690][174]LogAIModule: Creating AISystem for world Mapa01
[2026.09.23-05.40.13:690][174]LogPlayLevel: PIE: World Init took: (0.000720s)
[2026.09.23-05.40.13:690][174]LogPlayLevel: PIE: Created PIE world by copying editor world from /Game/Niveles/Mapa01.Mapa01 to /Game/Niveles/UEDPIE_0_Mapa01.Mapa01 (0.001759s)
[2026.09.23-05.40.13:704][174]LogUObjectHash: Compacting FUObjectHashTables data took   1.29ms
[2026.09.23-05.40.13:705][174]LogAudio: Display: Creating Audio Device:                 Id: 8, Scope: Unique, Realtime: True
[2026.09.23-05.40.13:705][174]LogAudioMixer: Display: Audio Mixer Platform Settings:
[2026.09.23-05.40.13:705][174]LogAudioMixer: Display: 	Sample Rate:						  48000
[2026.09.23-05.40.13:705][174]LogAudioMixer: Display: 	Callback Buffer Frame Size Requested: 1024
[2026.09.23-05.40.13:705][174]LogAudioMixer: Display: 	Callback Buffer Frame Size To Use:	  1024
[2026.09.23-05.40.13:705][174]LogAudioMixer: Display: 	Number of buffers to queue:			  2
[2026.09.23-05.40.13:705][174]LogAudioMixer: Display: 	Max Channels (voices):				  32
[2026.09.23-05.40.13:705][174]LogAudioMixer: Display: 	Number of Async Source Workers:		  0
[2026.09.23-05.40.13:705][174]LogAudio: Display: AudioDevice MaxSources: 32
[2026.09.23-05.40.13:705][174]LogAudio: Display: Audio Spatialization Plugin: None (built-in).
[2026.09.23-05.40.13:705][174]LogAudio: Display: Audio Reverb Plugin: None (built-in).
[2026.09.23-05.40.13:705][174]LogAudio: Display: Audio Occlusion Plugin: None (built-in).
[2026.09.23-05.40.13:705][174]LogAudioMixer: Display: Initializing audio mixer.
[2026.09.23-05.40.13:708][174]LogAudioMixer: Display: 0: FrontLeft
[2026.09.23-05.40.13:708][174]LogAudioMixer: Display: 1: FrontRight
[2026.09.23-05.40.13:776][174]LogAudioMixer: Display: Using Audio Device Altavoces (Realtek(R) Audio)
[2026.09.23-05.40.13:776][174]LogAudioMixer: Display: Initializing Sound Submixes...
[2026.09.23-05.40.13:776][174]LogAudioMixer: Display: Creating Master Submix 'MasterSubmixDefault'
[2026.09.23-05.40.13:776][174]LogAudioMixer: Display: Creating Master Submix 'MasterReverbSubmixDefault'
[2026.09.23-05.40.13:777][174]LogAudioMixer: Display: Creating Master Submix 'MasterEQSubmixDefault'
[2026.09.23-05.40.13:777][174]LogAudioMixer: FMixerPlatformXAudio2::StartAudioStream() called
[2026.09.23-05.40.13:777][174]LogAudioMixer: Display: Output buffers initialized: Frames=1024, Channels=2, Samples=2048
[2026.09.23-05.40.13:778][174]LogAudioMixer: Display: Starting AudioMixerPlatformInterface::RunInternal()
[2026.09.23-05.40.13:778][174]LogAudioMixer: Display: FMixerPlatformXAudio2::SubmitBuffer() called for the first time
[2026.09.23-05.40.13:778][174]LogInit: FAudioDevice initialized.
[2026.09.23-05.40.13:778][174]LogAudio: Display: Audio Device (ID: 8) registered with world 'Mapa01'.
[2026.09.23-05.40.13:783][174]LogLoad: Game class is 'GameMode2D_C'
[2026.09.23-05.40.13:784][174]LogWorld: Bringing World /Game/Niveles/UEDPIE_0_Mapa01.Mapa01 up for play (max tick rate 60) at 2026.09.22-23.40.13
[2026.09.23-05.40.13:784][174]LogWorld: Bringing up level for play took: 0.000660
[2026.09.23-05.40.13:784][174]LogOnline: OSS: Creating online subsystem instance for: :Context_23
[2026.09.23-05.40.13:787][174]PIE: El servidor ha iniciado la sesión
[2026.09.23-05.40.13:788][174]PIE: Play in editor total start time 0.102 seconds.
[2026.09.23-05.42.41:200][455]LogSelectionDetails: Warning: NavigateToFunctionSource:  Unable to find symbols for 'USceneComponent::SetRelativeScale3D' [No se puede encontrar el módulo especificado.]
[2026.09.23-05.42.50:023][870]LogSlate: Updating window title bar state: overlay mode, drag disabled, window buttons hidden, title bar hidden
[2026.09.23-05.42.50:023][870]LogWorld: BeginTearingDown for /Game/Niveles/UEDPIE_0_Mapa01
[2026.09.23-05.42.50:023][870]LogWorld: UWorld::CleanupWorld for Mapa01, bSessionEnded=true, bCleanupResources=true
[2026.09.23-05.42.50:023][870]LogSlate: InvalidateAllWidgets triggered.  All widgets were invalidated
[2026.09.23-05.42.50:030][870]LogPlayLevel: Display: Shutting down PIE online subsystems
[2026.09.23-05.42.50:040][870]LogSlate: InvalidateAllWidgets triggered.  All widgets were invalidated
[2026.09.23-05.42.50:052][870]LogSlate: Updating window title bar state: overlay mode, drag disabled, window buttons hidden, title bar hidden
[2026.09.23-05.42.50:052][870]LogAudioMixer: FMixerPlatformXAudio2::StopAudioStream() called
[2026.09.23-05.42.50:053][870]LogAudioMixer: FMixerPlatformXAudio2::StopAudioStream() called
[2026.09.23-05.42.50:061][870]LogUObjectHash: Compacting FUObjectHashTables data took   1.56ms
[2026.09.23-05.42.50:112][873]LogPlayLevel: Display: Destroying online subsystem :Context_23
[2026.09.23-05.43.16:180][ 92]LogSavePackage: Moving '../../../../../../Users/larse/OneDrive/Documentos/Unreal Projects/Terraformer/Saved/BP_PaperCharacter2DFE7533114FCBD6A3427918A145FA71D9.tmp' to '../../../../../../Users/larse/OneDrive/Documentos/Unreal Projects/Terraformer/Content/Blueprints/BP_PaperCharacter2D.uasset'
[2026.09.23-05.43.16:198][ 92]AssetCheck: New page: Asset Save: BP_PaperCharacter2D
[2026.09.23-05.43.16:198][ 92]LogContentValidation: Display: Validating Blueprint /Game/Blueprints/BP_PaperCharacter2D.BP_PaperCharacter2D
[2026.09.23-05.43.16:635][118]BlueprintLog: New page: Compilar BP_PaperCharacter2D
[2026.09.23-05.43.16:667][118]LogUObjectHash: Compacting FUObjectHashTables data took   1.77ms
[2026.09.23-05.43.18:438][215]LogSavePackage: Moving '../../../../../../Users/larse/OneDrive/Documentos/Unreal Projects/Terraformer/Saved/BP_PaperCharacter2D5ABFABE544C2228F5490EA949CE7D079.tmp' to '../../../../../../Users/larse/OneDrive/Documentos/Unreal Projects/Terraformer/Content/Blueprints/BP_PaperCharacter2D.uasset'
[2026.09.23-05.43.18:460][215]AssetCheck: New page: Asset Save: BP_PaperCharacter2D
[2026.09.23-05.43.18:460][215]LogContentValidation: Display: Validating Blueprint /Game/Blueprints/BP_PaperCharacter2D.BP_PaperCharacter2D
[2026.09.23-05.43.20:364][326]LogTemp: Repeating last play command: Selected Viewport
[2026.09.23-05.43.20:373][326]LogPlayLevel: PlayLevel: No blueprints needed recompiling
[2026.09.23-05.43.20:373][326]PIE: New page: Sesión PIE (reproducción en el editor): Mapa01 (22 sep. 2026 18:43:20)
[2026.09.23-05.43.20:373][326]LogPlayLevel: Creating play world package: /Game/Niveles/UEDPIE_0_Mapa01
[2026.09.23-05.43.20:374][326]LogPlayLevel: PIE: StaticDuplicateObject took: (0.001121s)
[2026.09.23-05.43.20:374][326]LogAIModule: Creating AISystem for world Mapa01
[2026.09.23-05.43.20:374][326]LogPlayLevel: PIE: World Init took: (0.000866s)
[2026.09.23-05.43.20:375][326]LogPlayLevel: PIE: Created PIE world by copying editor world from /Game/Niveles/Mapa01.Mapa01 to /Game/Niveles/UEDPIE_0_Mapa01.Mapa01 (0.002113s)
[2026.09.23-05.43.20:391][326]LogUObjectHash: Compacting FUObjectHashTables data took   1.68ms
[2026.09.23-05.43.20:392][326]LogAudio: Display: Creating Audio Device:                 Id: 9, Scope: Unique, Realtime: True
[2026.09.23-05.43.20:392][326]LogAudioMixer: Display: Audio Mixer Platform Settings:
[2026.09.23-05.43.20:392][326]LogAudioMixer: Display: 	Sample Rate:						  48000
[2026.09.23-05.43.20:392][326]LogAudioMixer: Display: 	Callback Buffer Frame Size Requested: 1024
[2026.09.23-05.43.20:392][326]LogAudioMixer: Display: 	Callback Buffer Frame Size To Use:	  1024
[2026.09.23-05.43.20:392][326]LogAudioMixer: Display: 	Number of buffers to queue:			  2
[2026.09.23-05.43.20:392][326]LogAudioMixer: Display: 	Max Channels (voices):				  32
[2026.09.23-05.43.20:392][326]LogAudioMixer: Display: 	Number of Async Source Workers:		  0
[2026.09.23-05.43.20:392][326]LogAudio: Display: AudioDevice MaxSources: 32
[2026.09.23-05.43.20:393][326]LogAudio: Display: Audio Spatialization Plugin: None (built-in).
[2026.09.23-05.43.20:393][326]LogAudio: Display: Audio Reverb Plugin: None (built-in).
[2026.09.23-05.43.20:393][326]LogAudio: Display: Audio Occlusion Plugin: None (built-in).
[2026.09.23-05.43.20:393][326]LogAudioMixer: Display: Initializing audio mixer.
[2026.09.23-05.43.20:396][326]LogAudioMixer: Display: 0: FrontLeft
[2026.09.23-05.43.20:396][326]LogAudioMixer: Display: 1: FrontRight
[2026.09.23-05.43.20:476][326]LogAudioMixer: Display: Using Audio Device Altavoces (Realtek(R) Audio)
[2026.09.23-05.43.20:477][326]LogAudioMixer: Display: Initializing Sound Submixes...
[2026.09.23-05.43.20:477][326]LogAudioMixer: Display: Creating Master Submix 'MasterSubmixDefault'
[2026.09.23-05.43.20:477][326]LogAudioMixer: Display: Creating Master Submix 'MasterReverbSubmixDefault'
[2026.09.23-05.43.20:477][326]LogAudioMixer: Display: Creating Master Submix 'MasterEQSubmixDefault'
[2026.09.23-05.43.20:477][326]LogAudioMixer: FMixerPlatformXAudio2::StartAudioStream() called
[2026.09.23-05.43.20:477][326]LogAudioMixer: Display: Output buffers initialized: Frames=1024, Channels=2, Samples=2048
[2026.09.23-05.43.20:478][326]LogAudioMixer: Display: Starting AudioMixerPlatformInterface::RunInternal()
[2026.09.23-05.43.20:478][326]LogAudioMixer: Display: FMixerPlatformXAudio2::SubmitBuffer() called for the first time
[2026.09.23-05.43.20:478][326]LogInit: FAudioDevice initialized.
[2026.09.23-05.43.20:478][326]LogAudio: Display: Audio Device (ID: 9) registered with world 'Mapa01'.
[2026.09.23-05.43.20:488][326]LogLoad: Game class is 'GameMode2D_C'
[2026.09.23-05.43.20:489][326]LogWorld: Bringing World /Game/Niveles/UEDPIE_0_Mapa01.Mapa01 up for play (max tick rate 60) at 2026.09.22-23.43.20
[2026.09.23-05.43.20:489][326]LogWorld: Bringing up level for play took: 0.000698
[2026.09.23-05.43.20:489][326]LogOnline: OSS: Creating online subsystem instance for: :Context_24
[2026.09.23-05.43.20:491][326]PIE: El servidor ha iniciado la sesión
[2026.09.23-05.43.20:492][326]PIE: Play in editor total start time 0.123 seconds.
[2026.09.23-05.43.33:493][104]LogSlate: Updating window title bar state: overlay mode, drag disabled, window buttons hidden, title bar hidden
[2026.09.23-05.43.33:493][104]LogWorld: BeginTearingDown for /Game/Niveles/UEDPIE_0_Mapa01
[2026.09.23-05.43.33:493][104]LogWorld: UWorld::CleanupWorld for Mapa01, bSessionEnded=true, bCleanupResources=true
[2026.09.23-05.43.33:493][104]LogSlate: InvalidateAllWidgets triggered.  All widgets were invalidated
[2026.09.23-05.43.33:499][104]LogPlayLevel: Display: Shutting down PIE online subsystems
[2026.09.23-05.43.33:508][104]LogSlate: InvalidateAllWidgets triggered.  All widgets were invalidated
[2026.09.23-05.43.33:521][104]LogAudio: Display: Audio Device unregistered from world 'None'.
[2026.09.23-05.43.33:521][104]LogAudioMixer: FMixerPlatformXAudio2::StopAudioStream() called
[2026.09.23-05.43.33:522][104]LogAudioMixer: FMixerPlatformXAudio2::StopAudioStream() called
[2026.09.23-05.43.33:528][104]LogSlate: Updating window title bar state: overlay mode, drag disabled, window buttons hidden, title bar hidden
[2026.09.23-05.43.33:529][104]LogUObjectHash: Compacting FUObjectHashTables data took   1.09ms
[2026.09.23-05.43.33:590][106]LogPlayLevel: Display: Destroying online subsystem :Context_24
[2026.09.23-05.45.09:083][740]BlueprintLog: New page: Compilar BP_PaperCharacter2D
[2026.09.23-05.45.09:112][740]LogUObjectHash: Compacting FUObjectHashTables data took   1.18ms
[2026.09.23-05.45.09:533][760]LogSavePackage: Moving '../../../../../../Users/larse/OneDrive/Documentos/Unreal Projects/Terraformer/Saved/BP_PaperCharacter2DFEE58F2E4D010EE58686A5B624FB2AE6.tmp' to '../../../../../../Users/larse/OneDrive/Documentos/Unreal Projects/Terraformer/Content/Blueprints/BP_PaperCharacter2D.uasset'
[2026.09.23-05.45.09:554][760]AssetCheck: New page: Asset Save: BP_PaperCharacter2D
[2026.09.23-05.45.09:554][760]LogContentValidation: Display: Validating Blueprint /Game/Blueprints/BP_PaperCharacter2D.BP_PaperCharacter2D
[2026.09.23-05.45.12:766][948]LogTemp: Repeating last play command: Selected Viewport
[2026.09.23-05.45.12:772][948]LogPlayLevel: PlayLevel: No blueprints needed recompiling
[2026.09.23-05.45.12:773][948]PIE: New page: Sesión PIE (reproducción en el editor): Mapa01 (22 sep. 2026 18:45:12)
[2026.09.23-05.45.12:822][948]LogPlayLevel: Creating play world package: /Game/Niveles/UEDPIE_0_Mapa01
[2026.09.23-05.45.12:823][948]LogPlayLevel: PIE: StaticDuplicateObject took: (0.000930s)
[2026.09.23-05.45.12:823][948]LogAIModule: Creating AISystem for world Mapa01
[2026.09.23-05.45.12:824][948]LogPlayLevel: PIE: World Init took: (0.000770s)
[2026.09.23-05.45.12:824][948]LogPlayLevel: PIE: Created PIE world by copying editor world from /Game/Niveles/Mapa01.Mapa01 to /Game/Niveles/UEDPIE_0_Mapa01.Mapa01 (0.001877s)
[2026.09.23-05.45.12:837][948]LogUObjectHash: Compacting FUObjectHashTables data took   1.27ms
[2026.09.23-05.45.12:839][948]LogAudio: Display: Creating Audio Device:                 Id: 10, Scope: Unique, Realtime: True
[2026.09.23-05.45.12:839][948]LogAudioMixer: Display: Audio Mixer Platform Settings:
[2026.09.23-05.45.12:839][948]LogAudioMixer: Display: 	Sample Rate:						  48000
[2026.09.23-05.45.12:839][948]LogAudioMixer: Display: 	Callback Buffer Frame Size Requested: 1024
[2026.09.23-05.45.12:839][948]LogAudioMixer: Display: 	Callback Buffer Frame Size To Use:	  1024
[2026.09.23-05.45.12:839][948]LogAudioMixer: Display: 	Number of buffers to queue:			  2
[2026.09.23-05.45.12:839][948]LogAudioMixer: Display: 	Max Channels (voices):				  32
[2026.09.23-05.45.12:839][948]LogAudioMixer: Display: 	Number of Async Source Workers:		  0
[2026.09.23-05.45.12:839][948]LogAudio: Display: AudioDevice MaxSources: 32
[2026.09.23-05.45.12:839][948]LogAudio: Display: Audio Spatialization Plugin: None (built-in).
[2026.09.23-05.45.12:839][948]LogAudio: Display: Audio Reverb Plugin: None (built-in).
[2026.09.23-05.45.12:839][948]LogAudio: Display: Audio Occlusion Plugin: None (built-in).
[2026.09.23-05.45.12:839][948]LogAudioMixer: Display: Initializing audio mixer.
[2026.09.23-05.45.12:842][948]LogAudioMixer: Display: 0: FrontLeft
[2026.09.23-05.45.12:842][948]LogAudioMixer: Display: 1: FrontRight
[2026.09.23-05.45.12:910][948]LogAudioMixer: Display: Using Audio Device Altavoces (Realtek(R) Audio)
[2026.09.23-05.45.12:910][948]LogAudioMixer: Display: Initializing Sound Submixes...
[2026.09.23-05.45.12:910][948]LogAudioMixer: Display: Creating Master Submix 'MasterSubmixDefault'
[2026.09.23-05.45.12:910][948]LogAudioMixer: Display: Creating Master Submix 'MasterReverbSubmixDefault'
[2026.09.23-05.45.12:910][948]LogAudioMixer: Display: Creating Master Submix 'MasterEQSubmixDefault'
[2026.09.23-05.45.12:910][948]LogAudioMixer: FMixerPlatformXAudio2::StartAudioStream() called
[2026.09.23-05.45.12:910][948]LogAudioMixer: Display: Output buffers initialized: Frames=1024, Channels=2, Samples=2048
[2026.09.23-05.45.12:912][948]LogAudioMixer: Display: Starting AudioMixerPlatformInterface::RunInternal()
[2026.09.23-05.45.12:912][948]LogAudioMixer: Display: FMixerPlatformXAudio2::SubmitBuffer() called for the first time
[2026.09.23-05.45.12:912][948]LogInit: FAudioDevice initialized.
[2026.09.23-05.45.12:912][948]LogAudio: Display: Audio Device (ID: 10) registered with world 'Mapa01'.
[2026.09.23-05.45.12:919][948]LogLoad: Game class is 'GameMode2D_C'
[2026.09.23-05.45.12:919][948]LogWorld: Bringing World /Game/Niveles/UEDPIE_0_Mapa01.Mapa01 up for play (max tick rate 60) at 2026.09.22-23.45.12
[2026.09.23-05.45.12:919][948]LogWorld: Bringing up level for play took: 0.000613
[2026.09.23-05.45.12:919][948]LogOnline: OSS: Creating online subsystem instance for: :Context_25
[2026.09.23-05.45.12:923][948]PIE: El servidor ha iniciado la sesión
[2026.09.23-05.45.12:923][948]PIE: Play in editor total start time 0.153 seconds.
[2026.09.23-05.45.17:445][217]LogSlate: Updating window title bar state: overlay mode, drag disabled, window buttons hidden, title bar hidden
[2026.09.23-05.45.17:445][217]LogWorld: BeginTearingDown for /Game/Niveles/UEDPIE_0_Mapa01
[2026.09.23-05.45.17:445][217]LogWorld: UWorld::CleanupWorld for Mapa01, bSessionEnded=true, bCleanupResources=true
[2026.09.23-05.45.17:445][217]LogSlate: InvalidateAllWidgets triggered.  All widgets were invalidated
[2026.09.23-05.45.17:452][217]LogPlayLevel: Display: Shutting down PIE online subsystems
[2026.09.23-05.45.17:461][217]LogSlate: InvalidateAllWidgets triggered.  All widgets were invalidated
[2026.09.23-05.45.17:473][217]LogAudio: Display: Audio Device unregistered from world 'None'.
[2026.09.23-05.45.17:473][217]LogAudioMixer: FMixerPlatformXAudio2::StopAudioStream() called
[2026.09.23-05.45.17:474][217]LogAudioMixer: FMixerPlatformXAudio2::StopAudioStream() called
[2026.09.23-05.45.17:476][217]LogSlate: Updating window title bar state: overlay mode, drag disabled, window buttons hidden, title bar hidden
[2026.09.23-05.45.17:478][217]LogUObjectHash: Compacting FUObjectHashTables data took   1.31ms
[2026.09.23-05.45.17:501][218]LogPlayLevel: Display: Destroying online subsystem :Context_25
[2026.09.23-05.45.32:238][482]LogTemp: Repeating last play command: Selected Viewport
[2026.09.23-05.45.32:245][482]LogPlayLevel: PlayLevel: No blueprints needed recompiling
[2026.09.23-05.45.32:245][482]PIE: New page: Sesión PIE (reproducción en el editor): Mapa01 (22 sep. 2026 18:45:32)
[2026.09.23-05.45.32:245][482]LogPlayLevel: Creating play world package: /Game/Niveles/UEDPIE_0_Mapa01
[2026.09.23-05.45.32:246][482]LogPlayLevel: PIE: StaticDuplicateObject took: (0.000990s)
[2026.09.23-05.45.32:247][482]LogAIModule: Creating AISystem for world Mapa01
[2026.09.23-05.45.32:247][482]LogPlayLevel: PIE: World Init took: (0.000839s)
[2026.09.23-05.45.32:247][482]LogPlayLevel: PIE: Created PIE world by copying editor world from /Game/Niveles/Mapa01.Mapa01 to /Game/Niveles/UEDPIE_0_Mapa01.Mapa01 (0.001938s)
[2026.09.23-05.45.32:261][482]LogUObjectHash: Compacting FUObjectHashTables data took   1.23ms
[2026.09.23-05.45.32:262][482]LogAudio: Display: Creating Audio Device:                 Id: 11, Scope: Unique, Realtime: True
[2026.09.23-05.45.32:262][482]LogAudioMixer: Display: Audio Mixer Platform Settings:
[2026.09.23-05.45.32:262][482]LogAudioMixer: Display: 	Sample Rate:						  48000
[2026.09.23-05.45.32:262][482]LogAudioMixer: Display: 	Callback Buffer Frame Size Requested: 1024
[2026.09.23-05.45.32:262][482]LogAudioMixer: Display: 	Callback Buffer Frame Size To Use:	  1024
[2026.09.23-05.45.32:262][482]LogAudioMixer: Display: 	Number of buffers to queue:			  2
[2026.09.23-05.45.32:262][482]LogAudioMixer: Display: 	Max Channels (voices):				  32
[2026.09.23-05.45.32:262][482]LogAudioMixer: Display: 	Number of Async Source Workers:		  0
[2026.09.23-05.45.32:262][482]LogAudio: Display: AudioDevice MaxSources: 32
[2026.09.23-05.45.32:263][482]LogAudio: Display: Audio Spatialization Plugin: None (built-in).
[2026.09.23-05.45.32:263][482]LogAudio: Display: Audio Reverb Plugin: None (built-in).
[2026.09.23-05.45.32:263][482]LogAudio: Display: Audio Occlusion Plugin: None (built-in).
[2026.09.23-05.45.32:263][482]LogAudioMixer: Display: Initializing audio mixer.
[2026.09.23-05.45.32:266][482]LogAudioMixer: Display: 0: FrontLeft
[2026.09.23-05.45.32:266][482]LogAudioMixer: Display: 1: FrontRight
[2026.09.23-05.45.32:333][482]LogAudioMixer: Display: Using Audio Device Altavoces (Realtek(R) Audio)
[2026.09.23-05.45.32:333][482]LogAudioMixer: Display: Initializing Sound Submixes...
[2026.09.23-05.45.32:333][482]LogAudioMixer: Display: Creating Master Submix 'MasterSubmixDefault'
[2026.09.23-05.45.32:333][482]LogAudioMixer: Display: Creating Master Submix 'MasterReverbSubmixDefault'
[2026.09.23-05.45.32:334][482]LogAudioMixer: Display: Creating Master Submix 'MasterEQSubmixDefault'
[2026.09.23-05.45.32:334][482]LogAudioMixer: FMixerPlatformXAudio2::StartAudioStream() called
[2026.09.23-05.45.32:334][482]LogAudioMixer: Display: Output buffers initialized: Frames=1024, Channels=2, Samples=2048
[2026.09.23-05.45.32:335][482]LogAudioMixer: Display: Starting AudioMixerPlatformInterface::RunInternal()
[2026.09.23-05.45.32:335][482]LogAudioMixer: Display: FMixerPlatformXAudio2::SubmitBuffer() called for the first time
[2026.09.23-05.45.32:335][482]LogInit: FAudioDevice initialized.
[2026.09.23-05.45.32:335][482]LogAudio: Display: Audio Device (ID: 11) registered with world 'Mapa01'.
[2026.09.23-05.45.32:345][482]LogLoad: Game class is 'GameMode2D_C'
[2026.09.23-05.45.32:346][482]LogWorld: Bringing World /Game/Niveles/UEDPIE_0_Mapa01.Mapa01 up for play (max tick rate 60) at 2026.09.22-23.45.32
[2026.09.23-05.45.32:346][482]LogWorld: Bringing up level for play took: 0.000673
[2026.09.23-05.45.32:346][482]LogOnline: OSS: Creating online subsystem instance for: :Context_26
[2026.09.23-05.45.32:348][482]PIE: El servidor ha iniciado la sesión
[2026.09.23-05.45.32:349][482]PIE: Play in editor total start time 0.107 seconds.
[2026.09.23-05.45.41:934][ 56]LogSlate: Updating window title bar state: overlay mode, drag disabled, window buttons hidden, title bar hidden
[2026.09.23-05.45.41:934][ 56]LogWorld: BeginTearingDown for /Game/Niveles/UEDPIE_0_Mapa01
[2026.09.23-05.45.41:934][ 56]LogWorld: UWorld::CleanupWorld for Mapa01, bSessionEnded=true, bCleanupResources=true
[2026.09.23-05.45.41:935][ 56]LogSlate: InvalidateAllWidgets triggered.  All widgets were invalidated
[2026.09.23-05.45.41:941][ 56]LogPlayLevel: Display: Shutting down PIE online subsystems
[2026.09.23-05.45.41:950][ 56]LogSlate: InvalidateAllWidgets triggered.  All widgets were invalidated
[2026.09.23-05.45.41:962][ 56]LogSlate: Updating window title bar state: overlay mode, drag disabled, window buttons hidden, title bar hidden
[2026.09.23-05.45.41:962][ 56]LogAudioMixer: FMixerPlatformXAudio2::StopAudioStream() called
[2026.09.23-05.45.41:963][ 56]LogAudioMixer: FMixerPlatformXAudio2::StopAudioStream() called
[2026.09.23-05.45.41:971][ 56]LogUObjectHash: Compacting FUObjectHashTables data took   1.19ms
[2026.09.23-05.45.42:036][ 58]LogPlayLevel: Display: Destroying online subsystem :Context_26
[2026.09.23-05.47.45:330][902]LogEditorTransaction: Undo Crear enlace del Pin
[2026.09.23-05.50.00:980][195]LogEditorTransaction: Undo Añadir nodo
[2026.09.23-05.50.46:412][916]LogEditorTransaction: Undo Mover nodos
[2026.09.23-05.51.17:555][540]LogEditorTransaction: Undo Añadir nodo
[2026.09.23-05.51.43:449][837]LogUObjectHash: Compacting FUObjectHashTables data took   1.84ms
[2026.09.23-05.51.43:452][837]LogFileHelpers: Editor autosave (incl. external actors) for '/Game/Niveles/Mapa01' took 0.020
[2026.09.23-05.51.43:452][837]OBJ SavePackage: Generating thumbnails for [0] asset(s) in package [/Game/Blueprints/BP_PaperCharacter2D] ([2] browsable assets)...
[2026.09.23-05.51.43:452][837]OBJ SavePackage: Finished generating thumbnails for package [/Game/Blueprints/BP_PaperCharacter2D]
[2026.09.23-05.51.43:462][837]LogSavePackage: Moving '../../../../../../Users/larse/OneDrive/Documentos/Unreal Projects/Terraformer/Saved/BP_PaperCharacter2D_Auto7F8BC39E64E496561C9BD8AA01DD06899.tmp' to '../../../../../../Users/larse/OneDrive/Documentos/Unreal Projects/Terraformer/Saved/Autosaves/Game/Blueprints/BP_PaperCharacter2D_Auto7.uasset'
[2026.09.23-05.51.43:462][837]LogFileHelpers: Auto-saving content packages took 0.010
[2026.09.23-06.03.28:434][624]LogEditorTransaction: Undo Crear enlace del Pin
[2026.09.23-06.03.28:656][632]LogEditorTransaction: Undo Crear enlace del Pin
[2026.09.23-06.03.29:143][653]LogEditorTransaction: Undo Mover nodos
[2026.09.23-06.03.29:317][662]LogEditorTransaction: Undo Change Number Pin Value
[2026.09.23-06.03.29:492][670]LogEditorTransaction: Undo Añadir nodo
[2026.09.23-06.03.29:668][679]LogEditorTransaction: Undo Añadir nodo
[2026.09.23-06.03.29:838][688]LogEditorTransaction: Undo Añadir nodo
[2026.09.23-06.03.30:040][699]LogEditorTransaction: Undo Añadir nodo
[2026.09.23-06.03.30:243][710]LogEditorTransaction: Undo Delete current selection
[2026.09.23-06.04.26:778][249]LogUObjectHash: Compacting FUObjectHashTables data took   1.95ms
[2026.09.23-06.04.26:782][249]LogFileHelpers: Editor autosave (incl. external actors) for '/Game/Niveles/Mapa01' took 0.023
[2026.09.23-06.04.26:782][249]OBJ SavePackage: Generating thumbnails for [0] asset(s) in package [/Game/Blueprints/BP_PaperCharacter2D] ([2] browsable assets)...
[2026.09.23-06.04.26:782][249]OBJ SavePackage: Finished generating thumbnails for package [/Game/Blueprints/BP_PaperCharacter2D]
[2026.09.23-06.04.26:793][249]LogSavePackage: Moving '../../../../../../Users/larse/OneDrive/Documentos/Unreal Projects/Terraformer/Saved/BP_PaperCharacter2D_Auto8E133AEEB4C669F2A8067ECAF0CEFCA7E.tmp' to '../../../../../../Users/larse/OneDrive/Documentos/Unreal Projects/Terraformer/Saved/Autosaves/Game/Blueprints/BP_PaperCharacter2D_Auto8.uasset'
[2026.09.23-06.04.26:794][249]LogFileHelpers: Auto-saving content packages took 0.012
[2026.09.23-06.07.13:272][232]LogEditorTransaction: Undo Mover nodo
[2026.09.23-06.07.14:113][269]LogEditorTransaction: Undo Crear enlace del Pin
[2026.09.23-06.09.52:821][967]BlueprintLog: New page: Compilar BP_PaperCharacter2D
[2026.09.23-06.09.52:851][967]LogUObjectHash: Compacting FUObjectHashTables data took   1.79ms
[2026.09.23-06.09.53:418][998]LogSavePackage: Moving '../../../../../../Users/larse/OneDrive/Documentos/Unreal Projects/Terraformer/Saved/BP_PaperCharacter2D65272BD4440E1DB2155A7EB102B994AA.tmp' to '../../../../../../Users/larse/OneDrive/Documentos/Unreal Projects/Terraformer/Content/Blueprints/BP_PaperCharacter2D.uasset'
[2026.09.23-06.09.53:433][998]AssetCheck: New page: Asset Save: BP_PaperCharacter2D
[2026.09.23-06.09.53:434][998]LogContentValidation: Display: Validating Blueprint /Game/Blueprints/BP_PaperCharacter2D.BP_PaperCharacter2D
[2026.09.23-06.09.55:098][ 98]LogSlate: Window 'BP_PaperCharacter2D' being destroyed
[2026.09.23-06.09.55:107][ 98]LogSlate: Window 'BP_PaperCharacter2D' being destroyed
[2026.09.23-06.09.55:115][ 98]LogWorld: UWorld::CleanupWorld for World_15, bSessionEnded=true, bCleanupResources=true
[2026.09.23-06.09.55:115][ 98]LogSlate: InvalidateAllWidgets triggered.  All widgets were invalidated
[2026.09.23-06.09.56:526][172]LogTemp: Repeating last play command: Selected Viewport
[2026.09.23-06.09.56:533][172]LogPlayLevel: PlayLevel: No blueprints needed recompiling
[2026.09.23-06.09.56:533][172]PIE: New page: Sesión PIE (reproducción en el editor): Mapa01 (22 sep. 2026 19:09:56)
[2026.09.23-06.09.56:533][172]LogPlayLevel: Creating play world package: /Game/Niveles/UEDPIE_0_Mapa01
[2026.09.23-06.09.56:534][172]LogPlayLevel: PIE: StaticDuplicateObject took: (0.000903s)
[2026.09.23-06.09.56:535][172]LogAIModule: Creating AISystem for world Mapa01
[2026.09.23-06.09.56:535][172]LogPlayLevel: PIE: World Init took: (0.000822s)
[2026.09.23-06.09.56:535][172]LogPlayLevel: PIE: Created PIE world by copying editor world from /Game/Niveles/Mapa01.Mapa01 to /Game/Niveles/UEDPIE_0_Mapa01.Mapa01 (0.001828s)
[2026.09.23-06.09.56:547][172]LogUObjectHash: Compacting FUObjectHashTables data took   1.54ms
[2026.09.23-06.09.56:551][172]LogAudio: Display: Creating Audio Device:                 Id: 12, Scope: Unique, Realtime: True
[2026.09.23-06.09.56:551][172]LogAudioMixer: Display: Audio Mixer Platform Settings:
[2026.09.23-06.09.56:551][172]LogAudioMixer: Display: 	Sample Rate:						  48000
[2026.09.23-06.09.56:551][172]LogAudioMixer: Display: 	Callback Buffer Frame Size Requested: 1024
[2026.09.23-06.09.56:551][172]LogAudioMixer: Display: 	Callback Buffer Frame Size To Use:	  1024
[2026.09.23-06.09.56:551][172]LogAudioMixer: Display: 	Number of buffers to queue:			  2
[2026.09.23-06.09.56:551][172]LogAudioMixer: Display: 	Max Channels (voices):				  32
[2026.09.23-06.09.56:551][172]LogAudioMixer: Display: 	Number of Async Source Workers:		  0
[2026.09.23-06.09.56:551][172]LogAudio: Display: AudioDevice MaxSources: 32
[2026.09.23-06.09.56:551][172]LogAudio: Display: Audio Spatialization Plugin: None (built-in).
[2026.09.23-06.09.56:552][172]LogAudio: Display: Audio Reverb Plugin: None (built-in).
[2026.09.23-06.09.56:552][172]LogAudio: Display: Audio Occlusion Plugin: None (built-in).
[2026.09.23-06.09.56:552][172]LogAudioMixer: Display: Initializing audio mixer.
[2026.09.23-06.09.56:555][172]LogAudioMixer: Display: 0: FrontLeft
[2026.09.23-06.09.56:555][172]LogAudioMixer: Display: 1: FrontRight
[2026.09.23-06.09.56:623][172]LogAudioMixer: Display: Using Audio Device Altavoces (Realtek(R) Audio)
[2026.09.23-06.09.56:623][172]LogAudioMixer: Display: Initializing Sound Submixes...
[2026.09.23-06.09.56:623][172]LogAudioMixer: Display: Creating Master Submix 'MasterSubmixDefault'
[2026.09.23-06.09.56:623][172]LogAudioMixer: Display: Creating Master Submix 'MasterReverbSubmixDefault'
[2026.09.23-06.09.56:624][172]LogAudioMixer: Display: Creating Master Submix 'MasterEQSubmixDefault'
[2026.09.23-06.09.56:624][172]LogAudioMixer: FMixerPlatformXAudio2::StartAudioStream() called
[2026.09.23-06.09.56:624][172]LogAudioMixer: Display: Output buffers initialized: Frames=1024, Channels=2, Samples=2048
[2026.09.23-06.09.56:625][172]LogAudioMixer: Display: Starting AudioMixerPlatformInterface::RunInternal()
[2026.09.23-06.09.56:625][172]LogAudioMixer: Display: FMixerPlatformXAudio2::SubmitBuffer() called for the first time
[2026.09.23-06.09.56:625][172]LogInit: FAudioDevice initialized.
[2026.09.23-06.09.56:625][172]LogAudio: Display: Audio Device (ID: 12) registered with world 'Mapa01'.
[2026.09.23-06.09.56:637][172]LogLoad: Game class is 'GameMode2D_C'
[2026.09.23-06.09.56:638][172]LogWorld: Bringing World /Game/Niveles/UEDPIE_0_Mapa01.Mapa01 up for play (max tick rate 60) at 2026.09.23-00.09.56
[2026.09.23-06.09.56:638][172]LogWorld: Bringing up level for play took: 0.000691
[2026.09.23-06.09.56:638][172]LogOnline: OSS: Creating online subsystem instance for: :Context_27
[2026.09.23-06.09.56:641][172]PIE: El servidor ha iniciado la sesión
[2026.09.23-06.09.56:641][172]PIE: Play in editor total start time 0.111 seconds.
[2026.09.23-06.10.07:358][813]LogSlate: Updating window title bar state: overlay mode, drag disabled, window buttons hidden, title bar hidden
[2026.09.23-06.10.07:358][813]LogWorld: BeginTearingDown for /Game/Niveles/UEDPIE_0_Mapa01
[2026.09.23-06.10.07:358][813]LogWorld: UWorld::CleanupWorld for Mapa01, bSessionEnded=true, bCleanupResources=true
[2026.09.23-06.10.07:358][813]LogSlate: InvalidateAllWidgets triggered.  All widgets were invalidated
[2026.09.23-06.10.07:365][813]LogPlayLevel: Display: Shutting down PIE online subsystems
[2026.09.23-06.10.07:373][813]LogSlate: InvalidateAllWidgets triggered.  All widgets were invalidated
[2026.09.23-06.10.07:384][813]LogAudio: Display: Audio Device unregistered from world 'None'.
[2026.09.23-06.10.07:384][813]LogAudioMixer: FMixerPlatformXAudio2::StopAudioStream() called
[2026.09.23-06.10.07:386][813]LogAudioMixer: FMixerPlatformXAudio2::StopAudioStream() called
[2026.09.23-06.10.07:387][813]LogSlate: Updating window title bar state: overlay mode, drag disabled, window buttons hidden, title bar hidden
[2026.09.23-06.10.07:389][813]LogUObjectHash: Compacting FUObjectHashTables data took   1.31ms
[2026.09.23-06.10.07:458][815]LogPlayLevel: Display: Destroying online subsystem :Context_27
[2026.09.23-06.11.16:086][432]LogAssetEditorSubsystem: Opening Asset editor for Blueprint /Game/Blueprints/BP_PaperCharacter2D.BP_PaperCharacter2D
[2026.09.23-06.14.24:060][775]BlueprintLog: New page: Compilar BP_PaperCharacter2D
[2026.09.23-06.14.24:093][775]LogUObjectHash: Compacting FUObjectHashTables data took   1.85ms
[2026.09.23-06.14.24:581][801]LogSavePackage: Moving '../../../../../../Users/larse/OneDrive/Documentos/Unreal Projects/Terraformer/Saved/BP_PaperCharacter2D378E8D7E4D7A57CEC786ADB5FA0E7F00.tmp' to '../../../../../../Users/larse/OneDrive/Documentos/Unreal Projects/Terraformer/Content/Blueprints/BP_PaperCharacter2D.uasset'
[2026.09.23-06.14.24:597][801]AssetCheck: New page: Asset Save: BP_PaperCharacter2D
[2026.09.23-06.14.24:597][801]LogContentValidation: Display: Validating Blueprint /Game/Blueprints/BP_PaperCharacter2D.BP_PaperCharacter2D
[2026.09.23-06.14.26:550][918]LogTemp: Repeating last play command: Selected Viewport
[2026.09.23-06.14.26:557][918]LogPlayLevel: PlayLevel: No blueprints needed recompiling
[2026.09.23-06.14.26:558][918]PIE: New page: Sesión PIE (reproducción en el editor): Mapa01 (22 sep. 2026 19:14:26)
[2026.09.23-06.14.26:578][918]LogPlayLevel: Creating play world package: /Game/Niveles/UEDPIE_0_Mapa01
[2026.09.23-06.14.26:579][918]LogPlayLevel: PIE: StaticDuplicateObject took: (0.000976s)
[2026.09.23-06.14.26:580][918]LogAIModule: Creating AISystem for world Mapa01
[2026.09.23-06.14.26:580][918]LogPlayLevel: PIE: World Init took: (0.000841s)
[2026.09.23-06.14.26:580][918]LogPlayLevel: PIE: Created PIE world by copying editor world from /Game/Niveles/Mapa01.Mapa01 to /Game/Niveles/UEDPIE_0_Mapa01.Mapa01 (0.001983s)
[2026.09.23-06.14.26:595][918]LogUObjectHash: Compacting FUObjectHashTables data took   1.67ms
[2026.09.23-06.14.26:596][918]LogAudio: Display: Creating Audio Device:                 Id: 13, Scope: Unique, Realtime: True
[2026.09.23-06.14.26:596][918]LogAudioMixer: Display: Audio Mixer Platform Settings:
[2026.09.23-06.14.26:596][918]LogAudioMixer: Display: 	Sample Rate:						  48000
[2026.09.23-06.14.26:596][918]LogAudioMixer: Display: 	Callback Buffer Frame Size Requested: 1024
[2026.09.23-06.14.26:596][918]LogAudioMixer: Display: 	Callback Buffer Frame Size To Use:	  1024
[2026.09.23-06.14.26:596][918]LogAudioMixer: Display: 	Number of buffers to queue:			  2
[2026.09.23-06.14.26:596][918]LogAudioMixer: Display: 	Max Channels (voices):				  32
[2026.09.23-06.14.26:597][918]LogAudioMixer: Display: 	Number of Async Source Workers:		  0
[2026.09.23-06.14.26:597][918]LogAudio: Display: AudioDevice MaxSources: 32
[2026.09.23-06.14.26:597][918]LogAudio: Display: Audio Spatialization Plugin: None (built-in).
[2026.09.23-06.14.26:597][918]LogAudio: Display: Audio Reverb Plugin: None (built-in).
[2026.09.23-06.14.26:597][918]LogAudio: Display: Audio Occlusion Plugin: None (built-in).
[2026.09.23-06.14.26:597][918]LogAudioMixer: Display: Initializing audio mixer.
[2026.09.23-06.14.26:600][918]LogAudioMixer: Display: 0: FrontLeft
[2026.09.23-06.14.26:600][918]LogAudioMixer: Display: 1: FrontRight
[2026.09.23-06.14.26:676][918]LogAudioMixer: Display: Using Audio Device Altavoces (Realtek(R) Audio)
[2026.09.23-06.14.26:677][918]LogAudioMixer: Display: Initializing Sound Submixes...
[2026.09.23-06.14.26:677][918]LogAudioMixer: Display: Creating Master Submix 'MasterSubmixDefault'
[2026.09.23-06.14.26:677][918]LogAudioMixer: Display: Creating Master Submix 'MasterReverbSubmixDefault'
[2026.09.23-06.14.26:677][918]LogAudioMixer: Display: Creating Master Submix 'MasterEQSubmixDefault'
[2026.09.23-06.14.26:677][918]LogAudioMixer: FMixerPlatformXAudio2::StartAudioStream() called
[2026.09.23-06.14.26:677][918]LogAudioMixer: Display: Output buffers initialized: Frames=1024, Channels=2, Samples=2048
[2026.09.23-06.14.26:678][918]LogAudioMixer: Display: Starting AudioMixerPlatformInterface::RunInternal()
[2026.09.23-06.14.26:678][918]LogAudioMixer: Display: FMixerPlatformXAudio2::SubmitBuffer() called for the first time
[2026.09.23-06.14.26:678][918]LogInit: FAudioDevice initialized.
[2026.09.23-06.14.26:678][918]LogAudio: Display: Audio Device (ID: 13) registered with world 'Mapa01'.
[2026.09.23-06.14.26:686][918]LogLoad: Game class is 'GameMode2D_C'
[2026.09.23-06.14.26:687][918]LogWorld: Bringing World /Game/Niveles/UEDPIE_0_Mapa01.Mapa01 up for play (max tick rate 60) at 2026.09.23-00.14.26
[2026.09.23-06.14.26:687][918]LogWorld: Bringing up level for play took: 0.000630
[2026.09.23-06.14.26:687][918]LogOnline: OSS: Creating online subsystem instance for: :Context_29
[2026.09.23-06.14.26:690][918]PIE: El servidor ha iniciado la sesión
[2026.09.23-06.14.26:690][918]PIE: Play in editor total start time 0.136 seconds.
[2026.09.23-06.14.33:700][337]LogSlate: Updating window title bar state: overlay mode, drag disabled, window buttons hidden, title bar hidden
[2026.09.23-06.14.33:700][337]LogWorld: BeginTearingDown for /Game/Niveles/UEDPIE_0_Mapa01
[2026.09.23-06.14.33:700][337]LogWorld: UWorld::CleanupWorld for Mapa01, bSessionEnded=true, bCleanupResources=true
[2026.09.23-06.14.33:700][337]LogSlate: InvalidateAllWidgets triggered.  All widgets were invalidated
[2026.09.23-06.14.33:711][337]LogPlayLevel: Display: Shutting down PIE online subsystems
[2026.09.23-06.14.33:720][337]LogSlate: InvalidateAllWidgets triggered.  All widgets were invalidated
[2026.09.23-06.14.33:732][337]LogAudio: Display: Audio Device unregistered from world 'None'.
[2026.09.23-06.14.33:732][337]LogAudioMixer: FMixerPlatformXAudio2::StopAudioStream() called
[2026.09.23-06.14.33:732][337]LogAudioMixer: FMixerPlatformXAudio2::StopAudioStream() called
[2026.09.23-06.14.33:734][337]LogSlate: Updating window title bar state: overlay mode, drag disabled, window buttons hidden, title bar hidden
[2026.09.23-06.14.33:737][337]LogUObjectHash: Compacting FUObjectHashTables data took   1.29ms
[2026.09.23-06.14.33:800][339]LogPlayLevel: Display: Destroying online subsystem :Context_29
[2026.09.23-06.14.35:233][425]LogTemp: Repeating last play command: Selected Viewport
[2026.09.23-06.14.35:241][425]LogPlayLevel: PlayLevel: No blueprints needed recompiling
[2026.09.23-06.14.35:241][425]PIE: New page: Sesión PIE (reproducción en el editor): Mapa01 (22 sep. 2026 19:14:35)
[2026.09.23-06.14.35:268][425]LogPlayLevel: Creating play world package: /Game/Niveles/UEDPIE_0_Mapa01
[2026.09.23-06.14.35:269][425]LogPlayLevel: PIE: StaticDuplicateObject took: (0.000937s)
[2026.09.23-06.14.35:269][425]LogAIModule: Creating AISystem for world Mapa01
[2026.09.23-06.14.35:269][425]LogPlayLevel: PIE: World Init took: (0.000765s)
[2026.09.23-06.14.35:269][425]LogPlayLevel: PIE: Created PIE world by copying editor world from /Game/Niveles/Mapa01.Mapa01 to /Game/Niveles/UEDPIE_0_Mapa01.Mapa01 (0.001863s)
[2026.09.23-06.14.35:283][425]LogUObjectHash: Compacting FUObjectHashTables data took   1.11ms
[2026.09.23-06.14.35:284][425]LogAudio: Display: Creating Audio Device:                 Id: 14, Scope: Unique, Realtime: True
[2026.09.23-06.14.35:284][425]LogAudioMixer: Display: Audio Mixer Platform Settings:
[2026.09.23-06.14.35:284][425]LogAudioMixer: Display: 	Sample Rate:						  48000
[2026.09.23-06.14.35:284][425]LogAudioMixer: Display: 	Callback Buffer Frame Size Requested: 1024
[2026.09.23-06.14.35:284][425]LogAudioMixer: Display: 	Callback Buffer Frame Size To Use:	  1024
[2026.09.23-06.14.35:284][425]LogAudioMixer: Display: 	Number of buffers to queue:			  2
[2026.09.23-06.14.35:284][425]LogAudioMixer: Display: 	Max Channels (voices):				  32
[2026.09.23-06.14.35:284][425]LogAudioMixer: Display: 	Number of Async Source Workers:		  0
[2026.09.23-06.14.35:284][425]LogAudio: Display: AudioDevice MaxSources: 32
[2026.09.23-06.14.35:284][425]LogAudio: Display: Audio Spatialization Plugin: None (built-in).
[2026.09.23-06.14.35:284][425]LogAudio: Display: Audio Reverb Plugin: None (built-in).
[2026.09.23-06.14.35:284][425]LogAudio: Display: Audio Occlusion Plugin: None (built-in).
[2026.09.23-06.14.35:284][425]LogAudioMixer: Display: Initializing audio mixer.
[2026.09.23-06.14.35:287][425]LogAudioMixer: Display: 0: FrontLeft
[2026.09.23-06.14.35:287][425]LogAudioMixer: Display: 1: FrontRight
[2026.09.23-06.14.35:355][425]LogAudioMixer: Display: Using Audio Device Altavoces (Realtek(R) Audio)
[2026.09.23-06.14.35:355][425]LogAudioMixer: Display: Initializing Sound Submixes...
[2026.09.23-06.14.35:355][425]LogAudioMixer: Display: Creating Master Submix 'MasterSubmixDefault'
[2026.09.23-06.14.35:355][425]LogAudioMixer: Display: Creating Master Submix 'MasterReverbSubmixDefault'
[2026.09.23-06.14.35:355][425]LogAudioMixer: Display: Creating Master Submix 'MasterEQSubmixDefault'
[2026.09.23-06.14.35:355][425]LogAudioMixer: FMixerPlatformXAudio2::StartAudioStream() called
[2026.09.23-06.14.35:355][425]LogAudioMixer: Display: Output buffers initialized: Frames=1024, Channels=2, Samples=2048
[2026.09.23-06.14.35:357][425]LogAudioMixer: Display: Starting AudioMixerPlatformInterface::RunInternal()
[2026.09.23-06.14.35:357][425]LogAudioMixer: Display: FMixerPlatformXAudio2::SubmitBuffer() called for the first time
[2026.09.23-06.14.35:357][425]LogInit: FAudioDevice initialized.
[2026.09.23-06.14.35:357][425]LogAudio: Display: Audio Device (ID: 14) registered with world 'Mapa01'.
[2026.09.23-06.14.35:367][425]LogLoad: Game class is 'GameMode2D_C'
[2026.09.23-06.14.35:368][425]LogWorld: Bringing World /Game/Niveles/UEDPIE_0_Mapa01.Mapa01 up for play (max tick rate 60) at 2026.09.23-00.14.35
[2026.09.23-06.14.35:369][425]LogWorld: Bringing up level for play took: 0.000630
[2026.09.23-06.14.35:369][425]LogOnline: OSS: Creating online subsystem instance for: :Context_30
[2026.09.23-06.14.35:371][425]PIE: El servidor ha iniciado la sesión
[2026.09.23-06.14.35:372][425]PIE: Play in editor total start time 0.133 seconds.
[2026.09.23-06.14.42:310][840]LogSlate: Updating window title bar state: overlay mode, drag disabled, window buttons hidden, title bar hidden
[2026.09.23-06.14.42:310][840]LogWorld: BeginTearingDown for /Game/Niveles/UEDPIE_0_Mapa01
[2026.09.23-06.14.42:311][840]LogWorld: UWorld::CleanupWorld for Mapa01, bSessionEnded=true, bCleanupResources=true
[2026.09.23-06.14.42:311][840]LogSlate: InvalidateAllWidgets triggered.  All widgets were invalidated
[2026.09.23-06.14.42:317][840]LogPlayLevel: Display: Shutting down PIE online subsystems
[2026.09.23-06.14.42:326][840]LogSlate: InvalidateAllWidgets triggered.  All widgets were invalidated
[2026.09.23-06.14.42:339][840]LogSlate: Updating window title bar state: overlay mode, drag disabled, window buttons hidden, title bar hidden
[2026.09.23-06.14.42:339][840]LogAudioMixer: FMixerPlatformXAudio2::StopAudioStream() called
[2026.09.23-06.14.42:340][840]LogAudioMixer: FMixerPlatformXAudio2::StopAudioStream() called
[2026.09.23-06.14.42:347][840]LogUObjectHash: Compacting FUObjectHashTables data took   1.06ms
[2026.09.23-06.14.42:418][842]LogPlayLevel: Display: Destroying online subsystem :Context_30
[2026.09.23-06.14.53:862][491]BlueprintLog: New page: Compilar BP_PaperCharacter2D
[2026.09.23-06.14.53:890][491]LogUObjectHash: Compacting FUObjectHashTables data took   1.20ms
[2026.09.23-06.14.54:279][511]LogSavePackage: Moving '../../../../../../Users/larse/OneDrive/Documentos/Unreal Projects/Terraformer/Saved/BP_PaperCharacter2DA5EE6209401A5EDDCA5102A7E00DAB10.tmp' to '../../../../../../Users/larse/OneDrive/Documentos/Unreal Projects/Terraformer/Content/Blueprints/BP_PaperCharacter2D.uasset'
[2026.09.23-06.14.54:297][511]AssetCheck: New page: Asset Save: BP_PaperCharacter2D
[2026.09.23-06.14.54:297][511]LogContentValidation: Display: Validating Blueprint /Game/Blueprints/BP_PaperCharacter2D.BP_PaperCharacter2D
[2026.09.23-06.14.58:440][659]LogTemp: Repeating last play command: Selected Viewport
[2026.09.23-06.14.58:447][659]LogPlayLevel: PlayLevel: No blueprints needed recompiling
[2026.09.23-06.14.58:447][659]PIE: New page: Sesión PIE (reproducción en el editor): Mapa01 (22 sep. 2026 19:14:58)
[2026.09.23-06.14.58:448][659]LogPlayLevel: Creating play world package: /Game/Niveles/UEDPIE_0_Mapa01
[2026.09.23-06.14.58:449][659]LogPlayLevel: PIE: StaticDuplicateObject took: (0.001063s)
[2026.09.23-06.14.58:450][659]LogAIModule: Creating AISystem for world Mapa01
[2026.09.23-06.14.58:450][659]LogPlayLevel: PIE: World Init took: (0.000750s)
[2026.09.23-06.14.58:450][659]LogPlayLevel: PIE: Created PIE world by copying editor world from /Game/Niveles/Mapa01.Mapa01 to /Game/Niveles/UEDPIE_0_Mapa01.Mapa01 (0.001933s)
[2026.09.23-06.14.58:463][659]LogUObjectHash: Compacting FUObjectHashTables data took   1.35ms
[2026.09.23-06.14.58:464][659]LogAudio: Display: Creating Audio Device:                 Id: 15, Scope: Unique, Realtime: True
[2026.09.23-06.14.58:464][659]LogAudioMixer: Display: Audio Mixer Platform Settings:
[2026.09.23-06.14.58:464][659]LogAudioMixer: Display: 	Sample Rate:						  48000
[2026.09.23-06.14.58:464][659]LogAudioMixer: Display: 	Callback Buffer Frame Size Requested: 1024
[2026.09.23-06.14.58:464][659]LogAudioMixer: Display: 	Callback Buffer Frame Size To Use:	  1024
[2026.09.23-06.14.58:465][659]LogAudioMixer: Display: 	Number of buffers to queue:			  2
[2026.09.23-06.14.58:465][659]LogAudioMixer: Display: 	Max Channels (voices):				  32
[2026.09.23-06.14.58:465][659]LogAudioMixer: Display: 	Number of Async Source Workers:		  0
[2026.09.23-06.14.58:465][659]LogAudio: Display: AudioDevice MaxSources: 32
[2026.09.23-06.14.58:465][659]LogAudio: Display: Audio Spatialization Plugin: None (built-in).
[2026.09.23-06.14.58:465][659]LogAudio: Display: Audio Reverb Plugin: None (built-in).
[2026.09.23-06.14.58:465][659]LogAudio: Display: Audio Occlusion Plugin: None (built-in).
[2026.09.23-06.14.58:465][659]LogAudioMixer: Display: Initializing audio mixer.
[2026.09.23-06.14.58:468][659]LogAudioMixer: Display: 0: FrontLeft
[2026.09.23-06.14.58:468][659]LogAudioMixer: Display: 1: FrontRight
[2026.09.23-06.14.58:537][659]LogAudioMixer: Display: Using Audio Device Altavoces (Realtek(R) Audio)
[2026.09.23-06.14.58:537][659]LogAudioMixer: Display: Initializing Sound Submixes...
[2026.09.23-06.14.58:537][659]LogAudioMixer: Display: Creating Master Submix 'MasterSubmixDefault'
[2026.09.23-06.14.58:537][659]LogAudioMixer: Display: Creating Master Submix 'MasterReverbSubmixDefault'
[2026.09.23-06.14.58:538][659]LogAudioMixer: Display: Creating Master Submix 'MasterEQSubmixDefault'
[2026.09.23-06.14.58:538][659]LogAudioMixer: FMixerPlatformXAudio2::StartAudioStream() called
[2026.09.23-06.14.58:538][659]LogAudioMixer: Display: Output buffers initialized: Frames=1024, Channels=2, Samples=2048
[2026.09.23-06.14.58:539][659]LogAudioMixer: Display: Starting AudioMixerPlatformInterface::RunInternal()
[2026.09.23-06.14.58:539][659]LogAudioMixer: Display: FMixerPlatformXAudio2::SubmitBuffer() called for the first time
[2026.09.23-06.14.58:539][659]LogInit: FAudioDevice initialized.
[2026.09.23-06.14.58:539][659]LogAudio: Display: Audio Device (ID: 15) registered with world 'Mapa01'.
[2026.09.23-06.14.58:550][659]LogLoad: Game class is 'GameMode2D_C'
[2026.09.23-06.14.58:551][659]LogWorld: Bringing World /Game/Niveles/UEDPIE_0_Mapa01.Mapa01 up for play (max tick rate 60) at 2026.09.23-00.14.58
[2026.09.23-06.14.58:551][659]LogWorld: Bringing up level for play took: 0.000635
[2026.09.23-06.14.58:552][659]LogOnline: OSS: Creating online subsystem instance for: :Context_31
[2026.09.23-06.14.58:554][659]PIE: El servidor ha iniciado la sesión
[2026.09.23-06.14.58:554][659]PIE: Play in editor total start time 0.11 seconds.
[2026.09.23-06.15.05:631][ 82]LogSlate: Updating window title bar state: overlay mode, drag disabled, window buttons hidden, title bar hidden
[2026.09.23-06.15.05:631][ 82]LogWorld: BeginTearingDown for /Game/Niveles/UEDPIE_0_Mapa01
[2026.09.23-06.15.05:631][ 82]LogWorld: UWorld::CleanupWorld for Mapa01, bSessionEnded=true, bCleanupResources=true
[2026.09.23-06.15.05:631][ 82]LogSlate: InvalidateAllWidgets triggered.  All widgets were invalidated
[2026.09.23-06.15.05:641][ 82]LogPlayLevel: Display: Shutting down PIE online subsystems
[2026.09.23-06.15.05:649][ 82]LogSlate: InvalidateAllWidgets triggered.  All widgets were invalidated
[2026.09.23-06.15.05:664][ 82]LogAudio: Display: Audio Device unregistered from world 'None'.
[2026.09.23-06.15.05:664][ 82]LogAudioMixer: FMixerPlatformXAudio2::StopAudioStream() called
[2026.09.23-06.15.05:665][ 82]LogAudioMixer: FMixerPlatformXAudio2::StopAudioStream() called
[2026.09.23-06.15.05:671][ 82]LogSlate: Updating window title bar state: overlay mode, drag disabled, window buttons hidden, title bar hidden
[2026.09.23-06.15.05:673][ 82]LogUObjectHash: Compacting FUObjectHashTables data took   1.16ms
[2026.09.23-06.15.05:739][ 84]LogPlayLevel: Display: Destroying online subsystem :Context_31
[2026.09.23-06.15.07:379][179]LogUObjectHash: Compacting FUObjectHashTables data took   1.07ms
[2026.09.23-06.15.07:385][179]LogSavePackage: Moving '../../../../../../Users/larse/OneDrive/Documentos/Unreal Projects/Terraformer/Saved/Mapa01551BE209403C147024A212A34D77AD9C.tmp' to '../../../../../../Users/larse/OneDrive/Documentos/Unreal Projects/Terraformer/Content/Niveles/Mapa01.umap'
[2026.09.23-06.15.07:478][179]AssetCheck: New page: Asset Save: Mapa01
[2026.09.23-06.15.07:478][179]LogContentValidation: Display: Validating World /Game/Niveles/Mapa01.Mapa01
[2026.09.23-06.15.10:028][328]LogUObjectHash: Compacting FUObjectHashTables data took   1.43ms
[2026.09.23-06.15.11:344][406]LogUObjectHash: Compacting FUObjectHashTables data took   1.20ms
[2026.09.23-06.15.11:349][406]LogSlate: Window 'BP_PaperCharacter2D' being destroyed
[2026.09.23-06.15.11:361][406]LogWorld: UWorld::CleanupWorld for World_16, bSessionEnded=true, bCleanupResources=true
[2026.09.23-06.15.11:361][406]LogSlate: InvalidateAllWidgets triggered.  All widgets were invalidated
[2026.09.23-06.15.11:415][406]LogSlate: Window 'Terraformer - Unreal Editor' being destroyed
[2026.09.23-06.15.11:836][407]Cmd: QUIT_EDITOR
[2026.09.23-06.15.11:836][407]LogCore: Engine exit requested (reason: UUnrealEdEngine::CloseEditor())
[2026.09.23-06.15.11:850][407]LogCore: Engine exit requested (reason: EngineExit() was called; note: exit was already requested)
[2026.09.23-06.15.12:470][407]LogAudio: Display: Beginning Audio Device Manager Shutdown (Module: AudioMixerXAudio2)...
[2026.09.23-06.15.12:470][407]LogAudio: Display: Destroying 1 Remaining Audio Device(s)...
[2026.09.23-06.15.12:470][407]LogAudio: Display: Audio Device unregistered from world 'Mapa01'.
[2026.09.23-06.15.12:470][407]LogAudioMixer: FMixerPlatformXAudio2::StopAudioStream() called
[2026.09.23-06.15.12:475][407]LogAudioMixer: FMixerPlatformXAudio2::StopAudioStream() called
[2026.09.23-06.15.12:547][407]LogAudio: Display: Audio Device Manager Shutdown
[2026.09.23-06.15.12:547][407]LogWindowsTextInputMethodSystem: Display: IME system deactivated.
[2026.09.23-06.15.12:568][407]LogExit: Preparing to exit.
[2026.09.23-06.15.12:984][407]LogUObjectHash: Compacting FUObjectHashTables data took   3.21ms
[2026.09.23-06.15.13:475][407]LogWorld: UWorld::CleanupWorld for World_3, bSessionEnded=true, bCleanupResources=true
[2026.09.23-06.15.13:478][407]LogWorld: UWorld::CleanupWorld for World_14, bSessionEnded=true, bCleanupResources=true
[2026.09.23-06.15.13:760][407]LogWorld: UWorld::CleanupWorld for None, bSessionEnded=true, bCleanupResources=true
[2026.09.23-06.15.13:762][407]LogExit: Editor shut down
[2026.09.23-06.15.13:766][407]LogExit: Transaction tracking system shut down
[2026.09.23-06.15.13:801][407]LogDemo: Cleaned up 0 splitscreen connections with owner deletion
[2026.09.23-06.15.15:073][407]LogExit: Object subsystem successfully closed.
[2026.09.23-06.15.15:154][407]LogShaderCompilers: Display: === FShaderJobCache stats ===
[2026.09.23-06.15.15:154][407]LogShaderCompilers: Display: Total job queries 0, among them cache hits 0 (0.00%)
[2026.09.23-06.15.15:155][407]LogShaderCompilers: Display: Tracking 0 distinct input hashes that result in 0 distinct outputs (0.00%)
[2026.09.23-06.15.15:155][407]LogShaderCompilers: Display: RAM used: 0.00 MB (0.00 GB) of 819.20 MB (0.80 GB) budget. Usage: 0.00%
[2026.09.23-06.15.15:155][407]LogShaderCompilers: Display: ================================================
[2026.09.23-06.15.15:193][407]LogShaderCompilers: Display: Shaders left to compile 0
[2026.09.23-06.15.15:436][407]LogModuleManager: Shutting down and abandoning module MovieSceneCapture (882)
[2026.09.23-06.15.15:436][407]LogModuleManager: Shutting down and abandoning module Voice (880)
[2026.09.23-06.15.15:436][407]LogModuleManager: Shutting down and abandoning module TextureEditor (878)
[2026.09.23-06.15.15:437][407]LogModuleManager: Shutting down and abandoning module ExternalImagePicker (876)
[2026.09.23-06.15.15:437][407]LogModuleManager: Shutting down and abandoning module BlueprintGraph (874)
[2026.09.23-06.15.15:437][407]LogModuleManager: Shutting down and abandoning module HierarchicalLODUtilities (872)
[2026.09.23-06.15.15:438][407]LogModuleManager: Shutting down and abandoning module HierarchicalLODOutliner (870)
[2026.09.23-06.15.15:438][407]LogModuleManager: Shutting down and abandoning module SceneOutliner (868)
[2026.09.23-06.15.15:438][407]LogModuleManager: Shutting down and abandoning module AddContentDialog (866)
[2026.09.23-06.15.15:456][407]LogModuleManager: Shutting down and abandoning module WidgetCarousel (865)
[2026.09.23-06.15.15:456][407]LogModuleManager: Shutting down and abandoning module EditorWidgets (862)
[2026.09.23-06.15.15:456][407]LogModuleManager: Shutting down and abandoning module StatsViewer (860)
[2026.09.23-06.15.15:458][407]LogModuleManager: Shutting down and abandoning module PIEPreviewDeviceProfileSelector (858)
[2026.09.23-06.15.15:458][407]LogModuleManager: Shutting down and abandoning module SequenceRecorderSections (856)
[2026.09.23-06.15.15:458][407]LogModuleManager: Shutting down and abandoning module AutomationWorker (854)
[2026.09.23-06.15.15:459][407]LogModuleManager: Shutting down and abandoning module SteamVREditor (852)
[2026.09.23-06.15.15:459][407]LogModuleManager: Shutting down and abandoning module OculusMR (850)
[2026.09.23-06.15.15:459][407]LogModuleManager: Shutting down and abandoning module OpenXRInput (848)
[2026.09.23-06.15.15:460][407]LogModuleManager: Shutting down and abandoning module GooglePADEditor (846)
[2026.09.23-06.15.15:460][407]LogModuleManager: Shutting down and abandoning module TakeRecorderSources (844)
[2026.09.23-06.15.15:463][407]LogModuleManager: Shutting down and abandoning module TakeRecorder (843)
[2026.09.23-06.15.15:464][407]LogModuleManager: Shutting down and abandoning module TakeTrackRecorders (840)
[2026.09.23-06.15.15:465][407]LogModuleManager: Shutting down and abandoning module TakesCore (838)
[2026.09.23-06.15.15:465][407]LogModuleManager: Shutting down and abandoning module AudioCaptureEditor (836)
[2026.09.23-06.15.15:465][407]LogModuleManager: Shutting down and abandoning module TemplateSequenceEditor (834)
[2026.09.23-06.15.15:468][407]LogModuleManager: Shutting down and abandoning module MatineeToLevelSequence (832)
[2026.09.23-06.15.15:468][407]LogModuleManager: Shutting down and abandoning module LevelSequenceEditor (830)
[2026.09.23-06.15.15:470][407]LogModuleManager: Shutting down and abandoning module ActorSequenceEditor (828)
[2026.09.23-06.15.15:470][407]LogModuleManager: Shutting down and abandoning module WebMMediaFactory (826)
[2026.09.23-06.15.15:470][407]LogModuleManager: Shutting down and abandoning module WebMMediaEditor (824)
[2026.09.23-06.15.15:470][407]LogModuleManager: Shutting down and abandoning module WebMMedia (822)
[2026.09.23-06.15.15:471][407]LogModuleManager: Shutting down and abandoning module WmfMediaFactory (820)
[2026.09.23-06.15.15:471][407]LogModuleManager: Shutting down and abandoning module WmfMediaEditor (818)
[2026.09.23-06.15.15:471][407]LogModuleManager: Shutting down and abandoning module MediaPlayerEditor (816)
[2026.09.23-06.15.15:473][407]LogModuleManager: Shutting down and abandoning module OpenExrWrapper (814)
[2026.09.23-06.15.15:473][407]LogModuleManager: Shutting down and abandoning module ImgMediaFactory (812)
[2026.09.23-06.15.15:473][407]LogModuleManager: Shutting down and abandoning module ImgMediaEditor (810)
[2026.09.23-06.15.15:473][407]LogModuleManager: Shutting down and abandoning module MediaCompositingEditor (808)
[2026.09.23-06.15.15:474][407]LogModuleManager: Shutting down and abandoning module SequenceRecorder (807)
[2026.09.23-06.15.15:474][407]LogModuleManager: Shutting down and abandoning module AvfMediaFactory (804)
[2026.09.23-06.15.15:474][407]LogModuleManager: Shutting down and abandoning module AvfMediaEditor (802)
[2026.09.23-06.15.15:474][407]LogModuleManager: Shutting down and abandoning module AndroidMediaFactory (800)
[2026.09.23-06.15.15:474][407]LogModuleManager: Shutting down and abandoning module AndroidMediaEditor (798)
[2026.09.23-06.15.15:474][407]LogModuleManager: Shutting down and abandoning module PlanarCut (796)
[2026.09.23-06.15.15:475][407]LogModuleManager: Shutting down and abandoning module MagicLeapMediaCodecFactory (794)
[2026.09.23-06.15.15:475][407]LogModuleManager: Shutting down and abandoning module MagicLeapMediaFactory (792)
[2026.09.23-06.15.15:475][407]LogModuleManager: Shutting down and abandoning module MagicLeapMediaEditor (790)
[2026.09.23-06.15.15:475][407]LogModuleManager: Shutting down and abandoning module CharacterAI (788)
[2026.09.23-06.15.15:475][407]LogModuleManager: Shutting down and abandoning module TextureAlignMode (786)
[2026.09.23-06.15.15:475][407]LogModuleManager: Shutting down and abandoning module BspMode (784)
[2026.09.23-06.15.15:476][407]LogModuleManager: Shutting down and abandoning module GeometryMode (782)
[2026.09.23-06.15.15:476][407]LogModuleManager: Shutting down and abandoning module CameraShakePreviewer (780)
[2026.09.23-06.15.15:476][407]LogModuleManager: Shutting down and abandoning module SmartSnapping (778)
[2026.09.23-06.15.15:477][407]LogModuleManager: Shutting down and abandoning module SessionServices (776)
[2026.09.23-06.15.15:477][407]LogModuleManager: Shutting down and abandoning module MeshPaint (774)
[2026.09.23-06.15.15:477][407]LogModuleManager: Shutting down and abandoning module VirtualTexturingEditor (772)
[2026.09.23-06.15.15:477][407]LogModuleManager: Shutting down and abandoning module FoliageEdit (770)
[2026.09.23-06.15.15:478][407]LogModuleManager: Shutting down and abandoning module LandscapeEditor (768)
[2026.09.23-06.15.15:480][407]LogModuleManager: Shutting down and abandoning module MeshPaintMode (766)
[2026.09.23-06.15.15:481][407]LogModuleManager: Shutting down and abandoning module SceneDepthPickerMode (764)
[2026.09.23-06.15.15:481][407]LogModuleManager: Shutting down and abandoning module ActorPickerMode (762)
[2026.09.23-06.15.15:481][407]LogModuleManager: Shutting down and abandoning module PlacementMode (760)
[2026.09.23-06.15.15:481][407]LogModuleManager: Shutting down and abandoning module ViewportSnapping (758)
[2026.09.23-06.15.15:481][407]LogModuleManager: Shutting down and abandoning module ViewportInteraction (756)
[2026.09.23-06.15.15:481][407]LogModuleManager: Shutting down and abandoning module ClothPainter (754)
[2026.09.23-06.15.15:484][407]LogModuleManager: Shutting down and abandoning module SkeletalMeshEditor (753)
[2026.09.23-06.15.15:485][407]LogModuleManager: Shutting down and abandoning module LogVisualizer (750)
[2026.09.23-06.15.15:486][407]LogModuleManager: Shutting down and abandoning module IntroTutorials (748)
[2026.09.23-06.15.15:488][407]LogModuleManager: Shutting down and abandoning module GameProjectGeneration (747)
[2026.09.23-06.15.15:489][407]LogModuleManager: Shutting down and abandoning module LuminPlatformEditor (744)
[2026.09.23-06.15.15:489][407]LogModuleManager: Shutting down and abandoning module IOSPlatformEditor (742)
[2026.09.23-06.15.15:489][407]LogModuleManager: Shutting down and abandoning module AndroidPlatformEditor (740)
[2026.09.23-06.15.15:489][407]LogModuleManager: Shutting down and abandoning module AndroidDeviceDetection (739)
[2026.09.23-06.15.16:397][407]LogModuleManager: Shutting down and abandoning module WindowsPlatformEditor (736)
[2026.09.23-06.15.16:397][407]LogModuleManager: Shutting down and abandoning module LuminRuntimeSettings (734)
[2026.09.23-06.15.16:397][407]LogModuleManager: Shutting down and abandoning module IOSRuntimeSettings (732)
[2026.09.23-06.15.16:397][407]LogModuleManager: Shutting down and abandoning module AndroidRuntimeSettings (730)
[2026.09.23-06.15.16:397][407]LogModuleManager: Shutting down and abandoning module TraceInsights (728)
[2026.09.23-06.15.16:401][407]MemoryProfiler: Shutdown
[2026.09.23-06.15.16:401][407]NetworkingProfiler: Shutdown
[2026.09.23-06.15.16:401][407]LoadingProfiler: Shutdown
[2026.09.23-06.15.16:402][407]TimingProfiler: Shutdown
[2026.09.23-06.15.16:403][407]LogModuleManager: Shutting down and abandoning module TraceServices (727)
[2026.09.23-06.15.16:404][407]LogModuleManager: Shutting down and abandoning module EditorInteractiveToolsFramework (724)
[2026.09.23-06.15.16:404][407]LogModuleManager: Shutting down and abandoning module TimeManagementEditor (722)
[2026.09.23-06.15.16:404][407]LogModuleManager: Shutting down and abandoning module InputBindingEditor (720)
[2026.09.23-06.15.16:405][407]LogModuleManager: Shutting down and abandoning module MergeActors (718)
[2026.09.23-06.15.16:406][407]LogModuleManager: Shutting down and abandoning module LocalizationDashboard (716)
[2026.09.23-06.15.16:406][407]LogModuleManager: Shutting down and abandoning module LocalizationService (715)
[2026.09.23-06.15.16:407][407]LogModuleManager: Shutting down and abandoning module HardwareTargeting (712)
[2026.09.23-06.15.16:407][407]LogModuleManager: Shutting down and abandoning module DeviceProfileEditor (710)
[2026.09.23-06.15.16:407][407]LogModuleManager: Shutting down and abandoning module UndoHistory (708)
[2026.09.23-06.15.16:407][407]LogModuleManager: Shutting down and abandoning module XmlParser (706)
[2026.09.23-06.15.16:407][407]LogModuleManager: Shutting down and abandoning module Blutility (704)
[2026.09.23-06.15.16:407][407]LogModuleManager: Shutting down and abandoning module ProjectSettingsViewer (702)
[2026.09.23-06.15.16:408][407]LogModuleManager: Shutting down and abandoning module ProjectTargetPlatformEditor (701)
[2026.09.23-06.15.16:409][407]LogModuleManager: Shutting down and abandoning module EditorSettingsViewer (698)
[2026.09.23-06.15.16:409][407]LogModuleManager: Shutting down and abandoning module InternationalizationSettings (697)
[2026.09.23-06.15.16:409][407]LogModuleManager: Shutting down and abandoning module SettingsEditor (694)
[2026.09.23-06.15.16:409][407]LogModuleManager: Shutting down and abandoning module ProjectLauncher (692)
[2026.09.23-06.15.16:410][407]LogModuleManager: Shutting down and abandoning module SessionFrontend (690)
[2026.09.23-06.15.16:410][407]LogModuleManager: Shutting down and abandoning module ProfilerClient (688)
[2026.09.23-06.15.16:411][407]LogModuleManager: Shutting down and abandoning module DeviceManager (686)
[2026.09.23-06.15.16:412][407]LogModuleManager: Shutting down and abandoning module TargetDeviceServices (685)
[2026.09.23-06.15.16:447][407]LogModuleManager: Shutting down and abandoning module AutomationController (682)
[2026.09.23-06.15.16:447][407]LogModuleManager: Shutting down and abandoning module AutomationWindow (680)
[2026.09.23-06.15.16:448][407]LogModuleManager: Shutting down and abandoning module Layers (678)
[2026.09.23-06.15.16:450][407]LogModuleManager: Shutting down and abandoning module ComponentVisualizers (676)
[2026.09.23-06.15.16:450][407]LogModuleManager: Shutting down and abandoning module DetailCustomizations (674)
[2026.09.23-06.15.16:450][407]LogModuleManager: Shutting down and abandoning module PackagesDialog (672)
[2026.09.23-06.15.16:451][407]LogModuleManager: Shutting down and abandoning module AnimationBlueprintEditor (670)
[2026.09.23-06.15.16:451][407]LogModuleManager: Shutting down and abandoning module Persona (668)
[2026.09.23-06.15.16:452][407]LogModuleManager: Shutting down and abandoning module AdvancedPreviewScene (667)
[2026.09.23-06.15.16:452][407]LogModuleManager: Shutting down and abandoning module AnimGraph (665)
[2026.09.23-06.15.16:453][407]LogModuleManager: Shutting down and abandoning module Kismet (662)
[2026.09.23-06.15.16:497][407]LogModuleManager: Shutting down and abandoning module KismetWidgets (661)
[2026.09.23-06.15.16:497][407]LogModuleManager: Shutting down and abandoning module GraphEditor (658)
[2026.09.23-06.15.16:498][407]LogModuleManager: Shutting down and abandoning module StructViewer (656)
[2026.09.23-06.15.16:499][407]LogModuleManager: Shutting down and abandoning module ClassViewer (654)
[2026.09.23-06.15.16:509][407]LogModuleManager: Shutting down and abandoning module Toolbox (652)
[2026.09.23-06.15.16:510][407]LogModuleManager: Shutting down and abandoning module ModuleUI (650)
[2026.09.23-06.15.16:510][407]LogModuleManager: Shutting down and abandoning module OutputLog (648)
[2026.09.23-06.15.16:521][407]LogModuleManager: Shutting down and abandoning module GammaUI (646)
[2026.09.23-06.15.16:521][407]LogModuleManager: Shutting down and abandoning module Documentation (644)
[2026.09.23-06.15.16:527][407]LogModuleManager: Shutting down and abandoning module LiveCoding (642)
[2026.09.23-06.15.16:528][407]LogModuleManager: Shutting down and abandoning module LevelSequence (640)
[2026.09.23-06.15.16:528][407]LogModuleManager: Shutting down and abandoning module MovieSceneTracks (638)
[2026.09.23-06.15.16:528][407]LogModuleManager: Shutting down and abandoning module MovieScene (636)
[2026.09.23-06.15.16:529][407]LogModuleManager: Shutting down and abandoning module StreamingPauseRendering (634)
[2026.09.23-06.15.16:529][407]LogModuleManager: Shutting down and abandoning module LauncherPlatform (632)
[2026.09.23-06.15.16:529][407]LogModuleManager: Shutting down and abandoning module AnalyticsET (630)
[2026.09.23-06.15.16:529][407]LogModuleManager: Shutting down and abandoning module PortalServices (628)
[2026.09.23-06.15.16:529][407]LogModuleManager: Shutting down and abandoning module PortalRpc (626)
[2026.09.23-06.15.16:529][407]LogModuleManager: Shutting down and abandoning module MessagingRpc (624)
[2026.09.23-06.15.16:529][407]LogModuleManager: Shutting down and abandoning module AudioMixerXAudio2 (622)
[2026.09.23-06.15.16:529][407]LogModuleManager: Shutting down and abandoning module AudioMixerCore (621)
[2026.09.23-06.15.16:529][407]LogModuleManager: Shutting down and abandoning module AIModule (618)
[2026.09.23-06.15.16:529][407]LogModuleManager: Shutting down and abandoning module GameplayDebugger (617)
[2026.09.23-06.15.16:529][407]LogModuleManager: Shutting down and abandoning module AITestSuite (615)
[2026.09.23-06.15.16:530][407]LogModuleManager: Shutting down and abandoning module NavigationSystem (613)
[2026.09.23-06.15.16:530][407]LogModuleManager: Shutting down and abandoning module ImageWriteQueue (610)
[2026.09.23-06.15.16:543][407]LogModuleManager: Shutting down and abandoning module ProfilerService (608)
[2026.09.23-06.15.16:690][407]LogModuleManager: Shutting down and abandoning module TaskGraph (606)
[2026.09.23-06.15.16:691][407]LogModuleManager: Shutting down and abandoning module AudioSynesthesiaEditor (604)
[2026.09.23-06.15.16:691][407]LogModuleManager: Shutting down and abandoning module OculusEditor (602)
[2026.09.23-06.15.16:695][407]LogModuleManager: Shutting down and abandoning module OculusInput (600)
[2026.09.23-06.15.16:695][407]LogModuleManager: Shutting down and abandoning module ContentBrowserAssetDataSource (598)
[2026.09.23-06.15.16:695][407]LogModuleManager: Shutting down and abandoning module ContentBrowserFileDataSource (596)
[2026.09.23-06.15.16:695][407]LogModuleManager: Shutting down and abandoning module ContentBrowserClassDataSource (594)
[2026.09.23-06.15.16:695][407]LogModuleManager: Shutting down and abandoning module CollectionManager (593)
[2026.09.23-06.15.16:696][407]LogModuleManager: Shutting down and abandoning module SynthesisEditor (590)
[2026.09.23-06.15.16:696][407]LogModuleManager: Shutting down and abandoning module Synthesis (588)
[2026.09.23-06.15.16:697][407]LogModuleManager: Shutting down and abandoning module ProceduralMeshComponentEditor (586)
[2026.09.23-06.15.16:697][407]LogModuleManager: Shutting down and abandoning module ProceduralMeshComponent (584)
[2026.09.23-06.15.16:697][407]LogModuleManager: Shutting down and abandoning module OpenXREditor (582)
[2026.09.23-06.15.16:698][407]LogModuleManager: Shutting down and abandoning module MobilePatchingUtils (580)
[2026.09.23-06.15.16:698][407]LogModuleManager: Shutting down and abandoning module GooglePAD (578)
[2026.09.23-06.15.16:698][407]LogModuleManager: Shutting down and abandoning module EditableMesh (576)
[2026.09.23-06.15.16:698][407]LogModuleManager: Shutting down and abandoning module CustomMeshComponent (574)
[2026.09.23-06.15.16:698][407]LogModuleManager: Shutting down and abandoning module CableComponent (572)
[2026.09.23-06.15.16:698][407]LogModuleManager: Shutting down and abandoning module TakeSequencer (570)
[2026.09.23-06.15.16:698][407]LogModuleManager: Shutting down and abandoning module TakeMovieScene (568)
[2026.09.23-06.15.16:698][407]LogModuleManager: Shutting down and abandoning module AudioCapture (566)
[2026.09.23-06.15.16:698][407]LogModuleManager: Shutting down and abandoning module AudioCaptureRtAudio (565)
[2026.09.23-06.15.16:699][407]LogModuleManager: Shutting down and abandoning module AssetTags (562)
[2026.09.23-06.15.16:699][407]LogModuleManager: Shutting down and abandoning module ArchVisCharacter (560)
[2026.09.23-06.15.16:699][407]LogModuleManager: Shutting down and abandoning module AppleImageUtilsBlueprintSupport (558)
[2026.09.23-06.15.16:699][407]LogModuleManager: Shutting down and abandoning module AppleImageUtils (556)
[2026.09.23-06.15.16:699][407]LogModuleManager: Shutting down and abandoning module AndroidPermission (554)
[2026.09.23-06.15.16:699][407]LogModuleManager: Shutting down and abandoning module ActorLayerUtilitiesEditor (552)
[2026.09.23-06.15.16:699][407]LogModuleManager: Shutting down and abandoning module ActorLayerUtilities (550)
[2026.09.23-06.15.16:699][407]LogModuleManager: Shutting down and abandoning module ScreenshotTools (548)
[2026.09.23-06.15.16:699][407]LogModuleManager: Shutting down and abandoning module TemplateSequence (546)
[2026.09.23-06.15.16:699][407]LogModuleManager: Shutting down and abandoning module ImgMedia (544)
[2026.09.23-06.15.16:699][407]LogModuleManager: Shutting down and abandoning module MediaCompositing (542)
[2026.09.23-06.15.16:699][407]LogModuleManager: Shutting down and abandoning module OpenImageDenoise (540)
[2026.09.23-06.15.16:699][407]LogOpenImageDenoise: OIDN shutting down
[2026.09.23-06.15.16:699][407]LogModuleManager: Shutting down and abandoning module MotoSynthEditor (538)
[2026.09.23-06.15.16:699][407]LogModuleManager: Shutting down and abandoning module MotoSynth (536)
[2026.09.23-06.15.16:699][407]LogModuleManager: Shutting down and abandoning module MagicLeapSharedWorld (534)
[2026.09.23-06.15.16:700][407]LogModuleManager: Shutting down and abandoning module MeshConversion (532)
[2026.09.23-06.15.16:700][407]LogModuleManager: Shutting down and abandoning module DynamicMesh (530)
[2026.09.23-06.15.16:700][407]LogModuleManager: Shutting down and abandoning module GeometryAlgorithms (528)
[2026.09.23-06.15.16:701][407]LogModuleManager: Shutting down and abandoning module GeometricObjects (526)
[2026.09.23-06.15.16:701][407]LogModuleManager: Shutting down and abandoning module GeometryCollectionTracks (524)
[2026.09.23-06.15.16:701][407]LogModuleManager: Shutting down and abandoning module GeometryCollectionSequencer (523)
[2026.09.23-06.15.16:701][407]LogModuleManager: Shutting down and abandoning module GeometryCollectionEditor (520)
[2026.09.23-06.15.16:702][407]LogModuleManager: Shutting down and abandoning module GeometryCacheTracks (518)
[2026.09.23-06.15.16:702][407]LogModuleManager: Shutting down and abandoning module GeometryCacheStreamer (516)
[2026.09.23-06.15.16:702][407]LogModuleManager: Shutting down and abandoning module GeometryCacheSequencer (514)
[2026.09.23-06.15.16:702][407]LogModuleManager: Shutting down and abandoning module MagicLeapHelperVulkan (512)
[2026.09.23-06.15.16:702][407]LogModuleManager: Shutting down and abandoning module MagicLeapHelperOpenGL (510)
[2026.09.23-06.15.16:702][407]LogModuleManager: Shutting down and abandoning module MagicLeapAudio (508)
[2026.09.23-06.15.16:702][407]LogModuleManager: Shutting down and abandoning module MagicLeapLightEstimation (506)
[2026.09.23-06.15.16:702][407]LogModuleManager: Shutting down and abandoning module ChaosSolverEditor (504)
[2026.09.23-06.15.16:702][407]LogModuleManager: Shutting down and abandoning module ChaosNiagara (502)
[2026.09.23-06.15.16:703][407]LogModuleManager: Shutting down and abandoning module FractureEditor (500)
[2026.09.23-06.15.16:703][407]LogModuleManager: Shutting down and abandoning module FieldSystemEngine (499)
[2026.09.23-06.15.16:703][407]LogModuleManager: Shutting down and abandoning module AlembicImporter (496)
[2026.09.23-06.15.16:703][407]LogModuleManager: Shutting down and abandoning module AlembicLibrary (495)
[2026.09.23-06.15.16:703][407]LogModuleManager: Shutting down and abandoning module GeometryCache (494)
[2026.09.23-06.15.16:703][407]LogModuleManager: Shutting down and abandoning module GeometryCacheEd (493)
[2026.09.23-06.15.16:703][407]LogModuleManager: Shutting down and abandoning module ChaosClothEditor (488)
[2026.09.23-06.15.16:704][407]LogModuleManager: Shutting down and abandoning module BackChannel (486)
[2026.09.23-06.15.16:704][407]LogModuleManager: Shutting down and abandoning module VariantManagerContentEditor (484)
[2026.09.23-06.15.16:704][407]LogModuleManager: Shutting down and abandoning module AutomationUtilsEditor (482)
[2026.09.23-06.15.16:704][407]LogModuleManager: Shutting down and abandoning module AutomationUtils (480)
[2026.09.23-06.15.16:704][407]LogModuleManager: Shutting down and abandoning module DatasmithContentEditor (478)
[2026.09.23-06.15.16:704][407]LogModuleManager: Shutting down and abandoning module MaterialAnalyzer (476)
[2026.09.23-06.15.16:705][407]LogModuleManager: Shutting down and abandoning module SpeedTreeImporter (474)
[2026.09.23-06.15.16:705][407]LogModuleManager: Shutting down and abandoning module MobileLauncherProfileWizard (472)
[2026.09.23-06.15.16:706][407]LogModuleManager: Shutting down and abandoning module PluginBrowser (470)
[2026.09.23-06.15.16:708][407]LogModuleManager: Shutting down and abandoning module CryptoKeysOpenSSL (468)
[2026.09.23-06.15.16:708][407]LogModuleManager: Shutting down and abandoning module CryptoKeys (466)
[2026.09.23-06.15.16:708][407]LogModuleManager: Shutting down and abandoning module CurveEditorTools (464)
[2026.09.23-06.15.16:709][407]LogModuleManager: Shutting down and abandoning module NiagaraEditorWidgets (462)
[2026.09.23-06.15.16:712][407]LogModuleManager: Shutting down and abandoning module VisualStudioSourceCodeAccess (460)
[2026.09.23-06.15.16:712][407]LogModuleManager: Shutting down and abandoning module UObjectPlugin (458)
[2026.09.23-06.15.16:712][407]LogModuleManager: Shutting down and abandoning module RiderSourceCodeAccess (456)
[2026.09.23-06.15.16:712][407]LogModuleManager: Shutting down and abandoning module VisualStudioCodeSourceCodeAccess (454)
[2026.09.23-06.15.16:712][407]LogModuleManager: Shutting down and abandoning module SubversionSourceControl (452)
[2026.09.23-06.15.16:713][407]LogModuleManager: Shutting down and abandoning module OodleNetworkHandlerComponent (450)
[2026.09.23-06.15.16:713][407]LogModuleManager: Shutting down and abandoning module PluginUtils (448)
[2026.09.23-06.15.16:713][407]LogModuleManager: Shutting down and abandoning module PlasticSourceControl (446)
[2026.09.23-06.15.16:714][407]LogModuleManager: Shutting down and abandoning module PerforceSourceControl (444)
[2026.09.23-06.15.16:715][407]LogModuleManager: Shutting down and abandoning module GitSourceControl (442)
[2026.09.23-06.15.16:716][407]LogModuleManager: Shutting down and abandoning module SourceControl (441)
[2026.09.23-06.15.16:716][407]LogModuleManager: Shutting down and abandoning module AnimationSharingEd (438)
[2026.09.23-06.15.16:716][407]LogModuleManager: Shutting down and abandoning module CLionSourceCodeAccess (436)
[2026.09.23-06.15.16:716][407]LogModuleManager: Shutting down and abandoning module LightPropagationVolumeEditor (434)
[2026.09.23-06.15.16:717][407]LogModuleManager: Shutting down and abandoning module LiveLinkSequencer (432)
[2026.09.23-06.15.16:717][407]LogModuleManager: Shutting down and abandoning module LiveLinkMovieScene (430)
[2026.09.23-06.15.16:717][407]LogModuleManager: Shutting down and abandoning module LiveLinkGraphNode (428)
[2026.09.23-06.15.16:717][407]LogModuleManager: Shutting down and abandoning module LiveLinkEditor (426)
[2026.09.23-06.15.16:717][407]LogModuleManager: Shutting down and abandoning module LiveLinkComponents (424)
[2026.09.23-06.15.16:717][407]LogModuleManager: Shutting down and abandoning module LiveLink (422)
[2026.09.23-06.15.17:301][407]LogModuleManager: Shutting down and abandoning module PaperTiledImporter (420)
[2026.09.23-06.15.17:301][407]LogModuleManager: Shutting down and abandoning module PaperSpriteSheetImporter (418)
[2026.09.23-06.15.17:301][407]LogModuleManager: Shutting down and abandoning module Paper2DEditor (416)
[2026.09.23-06.15.17:303][407]LogModuleManager: Shutting down and abandoning module MeshPaintingToolset (414)
[2026.09.23-06.15.17:303][407]LogModuleManager: Shutting down and abandoning module MeshPaintEditorMode (412)
[2026.09.23-06.15.17:304][407]LogModuleManager: Shutting down and abandoning module PropertyAccessNode (410)
[2026.09.23-06.15.17:304][407]LogModuleManager: Shutting down and abandoning module SoundFields (408)
[2026.09.23-06.15.17:305][407]LogModuleManager: Shutting down and abandoning module RuntimePhysXCooking (406)
[2026.09.23-06.15.17:305][407]LogModuleManager: Shutting down and abandoning module PhysXVehiclesEditor (404)
[2026.09.23-06.15.17:305][407]LogModuleManager: Shutting down and abandoning module SignificanceManager (400)
[2026.09.23-06.15.17:305][407]LogModuleManager: Shutting down and abandoning module PropertyAccessEditor (398)
[2026.09.23-06.15.17:306][407]LogModuleManager: Shutting down and abandoning module LocationServicesBPLibrary (396)
[2026.09.23-06.15.17:306][407]LogModuleManager: Shutting down and abandoning module AudioSynesthesia (394)
[2026.09.23-06.15.17:306][407]LogModuleManager: Shutting down and abandoning module AudioSynesthesiaCore (392)
[2026.09.23-06.15.17:306][407]LogModuleManager: Shutting down and abandoning module ActorSequence (390)
[2026.09.23-06.15.17:307][407]LogModuleManager: Shutting down and abandoning module UdpMessaging (388)
[2026.09.23-06.15.17:408][407]LogModuleManager: Shutting down and abandoning module TcpMessaging (386)
[2026.09.23-06.15.17:509][407]LogModuleManager: Shutting down and abandoning module ImgMediaEngine (384)
[2026.09.23-06.15.17:509][407]LogModuleManager: Shutting down and abandoning module PythonScriptPlugin (382)
[2026.09.23-06.15.17:509][407]LogModuleManager: Shutting down and abandoning module MagicLeapARPin (380)
[2026.09.23-06.15.17:509][407]LogModuleManager: Shutting down and abandoning module MagicLeapHandMeshing (378)
[2026.09.23-06.15.17:509][407]LogModuleManager: Shutting down and abandoning module MagicLeapSecureStorage (376)
[2026.09.23-06.15.17:509][407]LogModuleManager: Shutting down and abandoning module MagicLeapPrivileges (374)
[2026.09.23-06.15.17:510][407]LogModuleManager: Shutting down and abandoning module MagicLeapPlanes (372)
[2026.09.23-06.15.17:510][407]LogMagicLeapPlanes: Planes tracker already destroyed.
[2026.09.23-06.15.17:510][407]LogModuleManager: Shutting down and abandoning module MagicLeapImageTracker (370)
[2026.09.23-06.15.17:510][407]LogModuleManager: Shutting down and abandoning module MagicLeapIdentity (368)
[2026.09.23-06.15.17:510][407]LogModuleManager: Shutting down and abandoning module MagicLeapHandTracking (366)
[2026.09.23-06.15.17:511][407]LogModuleManager: Shutting down and abandoning module MagicLeapEyeTracker (364)
[2026.09.23-06.15.17:511][407]LogModuleManager: Shutting down and abandoning module MagicLeapController (362)
[2026.09.23-06.15.17:512][407]LogModuleManager: Shutting down and abandoning module MagicLeapARPinImpl (360)
[2026.09.23-06.15.17:512][407]LogModuleManager: Shutting down and abandoning module MagicLeapAR (358)
[2026.09.23-06.15.17:512][407]LogModuleManager: Shutting down and abandoning module DataValidation (356)
[2026.09.23-06.15.17:512][407]LogModuleManager: Shutting down and abandoning module GameplayTagsEditor (354)
[2026.09.23-06.15.17:512][407]LogModuleManager: Shutting down and abandoning module FacialAnimationEditor (352)
[2026.09.23-06.15.17:512][407]LogModuleManager: Shutting down and abandoning module FacialAnimation (350)
[2026.09.23-06.15.17:512][407]LogModuleManager: Shutting down and abandoning module AssetManagerEditor (348)
[2026.09.23-06.15.17:513][407]LogModuleManager: Shutting down and abandoning module LevelEditor (347)
[2026.09.23-06.15.17:524][407]LogModuleManager: Shutting down and abandoning module PixelInspectorModule (346)
[2026.09.23-06.15.17:525][407]LogModuleManager: Shutting down and abandoning module CommonMenuExtensions (344)
[2026.09.23-06.15.17:525][407]LogModuleManager: Shutting down and abandoning module MainFrame (342)
[2026.09.23-06.15.17:526][407]LogModuleManager: Shutting down and abandoning module HotReload (341)
[2026.09.23-06.15.17:527][407]LogModuleManager: Shutting down and abandoning module ToolMenus (337)
[2026.09.23-06.15.17:527][407]LogModuleManager: Shutting down and abandoning module TreeMap (335)
[2026.09.23-06.15.17:528][407]LogModuleManager: Shutting down and abandoning module NiagaraAnimNotifies (332)
[2026.09.23-06.15.17:528][407]LogModuleManager: Shutting down and abandoning module Niagara (330)
[2026.09.23-06.15.17:530][407]LogModuleManager: Shutting down and abandoning module SignalProcessing (329)
[2026.09.23-06.15.17:530][407]LogModuleManager: Shutting down and abandoning module NiagaraEditor (327)
[2026.09.23-06.15.17:533][407]LogModuleManager: Shutting down and abandoning module ContentBrowser (326)
[2026.09.23-06.15.17:533][407]LogModuleManager: Shutting down and abandoning module ContentBrowserData (325)
[2026.09.23-06.15.17:533][407]LogModuleManager: Shutting down and abandoning module NiagaraCore (320)
[2026.09.23-06.15.17:533][407]LogModuleManager: Shutting down and abandoning module AnimationSharing (318)
[2026.09.23-06.15.17:533][407]LogModuleManager: Shutting down and abandoning module GameplayCameras (316)
[2026.09.23-06.15.17:533][407]LogModuleManager: Shutting down and abandoning module EnvironmentQueryEditor (314)
[2026.09.23-06.15.17:533][407]LogModuleManager: Shutting down and abandoning module LightPropagationVolumeRuntime (312)
[2026.09.23-06.15.17:533][407]LogModuleManager: Shutting down and abandoning module Paper2D (310)
[2026.09.23-06.15.17:534][407]LogModuleManager: Shutting down and abandoning module WindowsMoviePlayer (308)
[2026.09.23-06.15.17:591][407]LogModuleManager: Shutting down and abandoning module WebMMoviePlayer (306)
[2026.09.23-06.15.17:591][407]LogModuleManager: Shutting down and abandoning module NetworkReplayStreaming (304)
[2026.09.23-06.15.17:591][407]LogModuleManager: Shutting down and abandoning module PacketHandler (302)
[2026.09.23-06.15.17:591][407]LogModuleManager: Shutting down and abandoning module ClothingSystemEditor (300)
[2026.09.23-06.15.17:592][407]LogModuleManager: Shutting down and abandoning module ClothingSystemRuntimeNv (298)
[2026.09.23-06.15.17:594][407]LogModuleManager: Shutting down and abandoning module MediaAssets (296)
[2026.09.23-06.15.17:594][407]LogModuleManager: Shutting down and abandoning module Overlay (294)
[2026.09.23-06.15.17:594][407]LogModuleManager: Shutting down and abandoning module OverlayEditor (293)
[2026.09.23-06.15.17:594][407]LogModuleManager: Shutting down and abandoning module VREditor (290)
[2026.09.23-06.15.17:594][407]LogModuleManager: Shutting down and abandoning module StringTableEditor (288)
[2026.09.23-06.15.17:594][407]LogModuleManager: Shutting down and abandoning module GameplayTasksEditor (286)
[2026.09.23-06.15.17:595][407]LogModuleManager: Shutting down and abandoning module BehaviorTreeEditor (284)
[2026.09.23-06.15.17:595][407]LogModuleManager: Shutting down and abandoning module FunctionalTesting (282)
[2026.09.23-06.15.17:595][407]LogModuleManager: Shutting down and abandoning module CollisionAnalyzer (280)
[2026.09.23-06.15.17:597][407]LogModuleManager: Shutting down and abandoning module WorkspaceMenuStructure (279)
[2026.09.23-06.15.17:598][407]LogModuleManager: Shutting down and abandoning module UMG (276)
[2026.09.23-06.15.17:599][407]LogModuleManager: Shutting down and abandoning module UMGEditor (275)
[2026.09.23-06.15.17:600][407]LogModuleManager: Shutting down and abandoning module MessageLog (273)
[2026.09.23-06.15.17:600][407]LogModuleManager: Shutting down and abandoning module SlateReflector (268)
[2026.09.23-06.15.17:603][407]LogModuleManager: Shutting down and abandoning module Slate (266)
[2026.09.23-06.15.17:603][407]LogModuleManager: Shutting down and abandoning module SlateCore (264)
[2026.09.23-06.15.17:605][407]LogModuleManager: Shutting down and abandoning module LandscapeEditorUtilities (262)
[2026.09.23-06.15.17:605][407]LogModuleManager: Shutting down and abandoning module UnrealEd (260)
[2026.09.23-06.15.17:606][407]LogModuleManager: Shutting down and abandoning module MRMesh (258)
[2026.09.23-06.15.17:606][407]LogModuleManager: Shutting down and abandoning module SourceCodeAccess (256)
[2026.09.23-06.15.17:606][407]LogModuleManager: Shutting down and abandoning module HeadMountedDisplay (254)
[2026.09.23-06.15.17:606][407]LogModuleManager: Shutting down and abandoning module XAudio2 (252)
[2026.09.23-06.15.17:606][407]LogModuleManager: Shutting down and abandoning module Networking (250)
[2026.09.23-06.15.17:606][407]LogModuleManager: Shutting down and abandoning module Core (248)
[2026.09.23-06.15.17:606][407]LogModuleManager: Shutting down and abandoning module MaterialEditor (246)
[2026.09.23-06.15.17:607][407]LogModuleManager: Shutting down and abandoning module MovieSceneTools (244)
[2026.09.23-06.15.17:610][407]LogModuleManager: Shutting down and abandoning module CurveEditor (243)
[2026.09.23-06.15.17:614][407]LogModuleManager: Shutting down and abandoning module Sequencer (241)
[2026.09.23-06.15.17:616][407]LogModuleManager: Shutting down and abandoning module EditorStyle (240)
[2026.09.23-06.15.17:627][407]LogModuleManager: Shutting down and abandoning module KismetCompiler (236)
[2026.09.23-06.15.17:627][407]LogModuleManager: Shutting down and abandoning module MeshBuilder (234)
[2026.09.23-06.15.17:627][407]LogModuleManager: Shutting down and abandoning module MeshUtilities (232)
[2026.09.23-06.15.17:628][407]LogModuleManager: Shutting down and abandoning module MeshMergeUtilities (231)
[2026.09.23-06.15.17:628][407]LogModuleManager: Shutting down and abandoning module MeshReductionInterface (230)
[2026.09.23-06.15.17:629][407]LogModuleManager: Shutting down and abandoning module MeshBoneReduction (229)
[2026.09.23-06.15.17:629][407]LogModuleManager: Shutting down and abandoning module SkeletalMeshReduction (227)
[2026.09.23-06.15.17:629][407]LogModuleManager: Shutting down and abandoning module ProxyLODMeshReduction (225)
[2026.09.23-06.15.17:631][407]LogModuleManager: Shutting down and abandoning module QuadricMeshReduction (223)
[2026.09.23-06.15.17:631][407]LogModuleManager: Shutting down and abandoning module MaterialBaking (219)
[2026.09.23-06.15.17:631][407]LogModuleManager: Shutting down and abandoning module NullInstallBundleManager (214)
[2026.09.23-06.15.17:631][407]LogModuleManager: Shutting down and abandoning module DerivedDataCache (212)
[2026.09.23-06.15.17:632][407]LogModuleManager: Shutting down and abandoning module TargetPlatform (210)
[2026.09.23-06.15.17:633][407]LogModuleManager: Shutting down and abandoning module VulkanShaderFormat (209)
[2026.09.23-06.15.17:636][407]LogModuleManager: Shutting down and abandoning module ShaderFormatVectorVM (207)
[2026.09.23-06.15.17:637][407]LogModuleManager: Shutting down and abandoning module ShaderFormatOpenGL (205)
[2026.09.23-06.15.17:637][407]LogModuleManager: Shutting down and abandoning module ShaderFormatD3D (203)
[2026.09.23-06.15.17:637][407]LogModuleManager: Shutting down and abandoning module MetalShaderFormat (201)
[2026.09.23-06.15.17:638][407]LogModuleManager: Shutting down and abandoning module TextureFormatOodle (199)
[2026.09.23-06.15.17:638][407]LogModuleManager: Shutting down and abandoning module TextureFormatUncompressed (197)
[2026.09.23-06.15.17:639][407]LogModuleManager: Shutting down and abandoning module TextureFormatPVR (195)
[2026.09.23-06.15.17:639][407]LogModuleManager: Shutting down and abandoning module TextureFormatETC2 (193)
[2026.09.23-06.15.17:639][407]LogModuleManager: Shutting down and abandoning module TextureFormatDXT (191)
[2026.09.23-06.15.17:639][407]LogModuleManager: Shutting down and abandoning module TextureFormatIntelISPCTexComp (189)
[2026.09.23-06.15.17:641][407]LogModuleManager: Shutting down and abandoning module TextureFormatASTC (187)
[2026.09.23-06.15.17:641][407]LogModuleManager: Shutting down and abandoning module ImageWrapper (186)
[2026.09.23-06.15.17:641][407]LogModuleManager: Shutting down and abandoning module AudioFormatOpus (183)
[2026.09.23-06.15.17:641][407]LogModuleManager: Shutting down and abandoning module AudioFormatOgg (181)
[2026.09.23-06.15.17:641][407]LogModuleManager: Shutting down and abandoning module AudioFormatADPCM (179)
[2026.09.23-06.15.17:641][407]LogModuleManager: Shutting down and abandoning module WindowsServerTargetPlatform (177)
[2026.09.23-06.15.17:642][407]LogModuleManager: Shutting down and abandoning module WindowsClientTargetPlatform (175)
[2026.09.23-06.15.17:642][407]LogModuleManager: Shutting down and abandoning module WindowsTargetPlatform (173)
[2026.09.23-06.15.17:642][407]LogModuleManager: Shutting down and abandoning module WindowsNoEditorTargetPlatform (171)
[2026.09.23-06.15.17:642][407]LogModuleManager: Shutting down and abandoning module TVOSTargetPlatform (169)
[2026.09.23-06.15.17:663][407]LogModuleManager: Shutting down and abandoning module MacServerTargetPlatform (167)
[2026.09.23-06.15.17:663][407]LogModuleManager: Shutting down and abandoning module MacClientTargetPlatform (165)
[2026.09.23-06.15.17:663][407]LogModuleManager: Shutting down and abandoning module MacTargetPlatform (163)
[2026.09.23-06.15.17:664][407]LogModuleManager: Shutting down and abandoning module MacNoEditorTargetPlatform (161)
[2026.09.23-06.15.17:664][407]LogModuleManager: Shutting down and abandoning module LuminTargetPlatform (159)
[2026.09.23-06.15.17:693][407]LogModuleManager: Shutting down and abandoning module LinuxAArch64ServerTargetPlatform (157)
[2026.09.23-06.15.17:693][407]LogModuleManager: Shutting down and abandoning module LinuxAArch64ClientTargetPlatform (155)
[2026.09.23-06.15.17:693][407]LogModuleManager: Shutting down and abandoning module LinuxAArch64NoEditorTargetPlatform (153)
[2026.09.23-06.15.17:694][407]LogModuleManager: Shutting down and abandoning module LinuxServerTargetPlatform (151)
[2026.09.23-06.15.17:694][407]LogModuleManager: Shutting down and abandoning module LinuxClientTargetPlatform (149)
[2026.09.23-06.15.17:694][407]LogModuleManager: Shutting down and abandoning module LinuxNoEditorTargetPlatform (147)
[2026.09.23-06.15.17:694][407]LogModuleManager: Shutting down and abandoning module LinuxTargetPlatform (145)
[2026.09.23-06.15.17:694][407]LogModuleManager: Shutting down and abandoning module Messaging (143)
[2026.09.23-06.15.17:694][407]LogModuleManager: Shutting down and abandoning module IOSTargetPlatform (141)
[2026.09.23-06.15.17:705][407]LogModuleManager: Shutting down and abandoning module AndroidTargetPlatform (139)
[2026.09.23-06.15.17:749][407]LogModuleManager: Shutting down and abandoning module AllDesktopTargetPlatform (137)
[2026.09.23-06.15.17:749][407]LogModuleManager: Shutting down and abandoning module D3D11RHI (134)
[2026.09.23-06.15.17:749][407]LogModuleManager: Shutting down and abandoning module InputCore (132)
[2026.09.23-06.15.17:749][407]LogModuleManager: Shutting down and abandoning module Settings (130)
[2026.09.23-06.15.17:749][407]LogModuleManager: Shutting down and abandoning module DirectoryWatcher (128)
[2026.09.23-06.15.17:755][407]LogModuleManager: Shutting down and abandoning module PhysXCooking (126)
[2026.09.23-06.15.17:755][407]LogModuleManager: Shutting down and abandoning module Chaos (124)
[2026.09.23-06.15.17:755][407]LogModuleManager: Shutting down and abandoning module WindowsPlatformFeatures (122)
[2026.09.23-06.15.17:755][407]LogModuleManager: Shutting down and abandoning module GameplayMediaEncoder (121)
[2026.09.23-06.15.17:756][407]LogModuleManager: Shutting down and abandoning module AVEncoder (120)
[2026.09.23-06.15.17:756][407]LogModuleManager: Shutting down and abandoning module SteamVRInputDevice (116)
[2026.09.23-06.15.17:757][407]LogModuleManager: Shutting down and abandoning module SteamVRInput (114)
[2026.09.23-06.15.17:757][407]LogModuleManager: Shutting down and abandoning module SteamVR (112)
[2026.09.23-06.15.17:757][407]LogHMD: Freeing OpenVRDLLHandle.
[2026.09.23-06.15.17:757][407]LogModuleManager: Shutting down and abandoning module OculusHMD (110)
[2026.09.23-06.15.17:757][407]LogModuleManager: Shutting down and abandoning module OpenXRHandTracking (108)
[2026.09.23-06.15.17:758][407]LogSlate: Slate User Destroyed.  User Index 0, Is Virtual User: 0
[2026.09.23-06.15.17:760][407]LogModuleManager: Shutting down and abandoning module OpenXREyeTracker (106)
[2026.09.23-06.15.17:760][407]LogModuleManager: Shutting down and abandoning module OpenXRAR (104)
[2026.09.23-06.15.17:760][407]LogModuleManager: Shutting down and abandoning module AugmentedReality (103)
[2026.09.23-06.15.17:760][407]LogModuleManager: Shutting down and abandoning module OpenXRHMD (100)
[2026.09.23-06.15.17:770][407]LogModuleManager: Shutting down and abandoning module ExampleDeviceProfileSelector (98)
[2026.09.23-06.15.17:770][407]LogModuleManager: Shutting down and abandoning module ChunkDownloader (96)
[2026.09.23-06.15.17:770][407]LogModuleManager: Shutting down and abandoning module LauncherChunkInstaller (94)
[2026.09.23-06.15.17:770][407]LogModuleManager: Shutting down and abandoning module OnlineBlueprintSupport (92)
[2026.09.23-06.15.17:770][407]LogModuleManager: Shutting down and abandoning module OnlineSubsystem (88)
[2026.09.23-06.15.17:772][407]LogModuleManager: Shutting down and abandoning module XMPP (83)
[2026.09.23-06.15.17:774][407]LogModuleManager: Shutting down and abandoning module WebSockets (82)
[2026.09.23-06.15.17:815][407]LogModuleManager: Shutting down and abandoning module HTTP (79)
[2026.09.23-06.15.17:815][407]LogHttp: Display: Http module shutting down, but needs to wait on 1 outstanding Http requests:
[2026.09.23-06.15.17:816][407]LogHttp: Display: 	verb=[POST] url=[https://datarouter.ol.epicgames.com/datarouter/api/v1/public/data?SessionID=%7BF0D718C9-453F-C96B-F403-4F99D0E7C0AC%7D&AppID=UEEditor.Rocket.Release&AppVersion=4.27.2-18319896%2B%2B%2BUE4%2BRelease-4.27&UserID=087076ab49e7463a672f388b504bd352%7C76d20a4c82cf4939b3dc9b69c35827a3%7C205759ab-a0c1-4306-8389-295da35e3e04&AppEnvironment=datacollector-binary&UploadType=eteventstream] refs=[1] status=Processing
[2026.09.23-06.15.17:816][407]LogHttp: Display: cleaning up 1 outstanding Http requests.
[2026.09.23-06.15.17:826][407]LogModuleManager: Shutting down and abandoning module SSL (78)
[2026.09.23-06.15.17:835][407]LogModuleManager: Shutting down and abandoning module WmfMedia (74)
[2026.09.23-06.15.17:839][407]LogModuleManager: Shutting down and abandoning module Media (73)
[2026.09.23-06.15.17:840][407]LogModuleManager: Shutting down and abandoning module MediaInfo (72)
[2026.09.23-06.15.17:840][407]LogModuleManager: Shutting down and abandoning module ExrReaderGpu (68)
[2026.09.23-06.15.17:840][407]LogModuleManager: Shutting down and abandoning module MLSDK (66)
[2026.09.23-06.15.17:840][407]LogModuleManager: Shutting down and abandoning module MagicLeap (64)
[2026.09.23-06.15.17:841][407]LogModuleManager: Shutting down and abandoning module ChaosCloth (62)
[2026.09.23-06.15.17:841][407]LogModuleManager: Shutting down and abandoning module VariantManagerContent (60)
[2026.09.23-06.15.17:841][407]LogModuleManager: Shutting down and abandoning module DatasmithContent (58)
[2026.09.23-06.15.17:842][407]LogModuleManager: Shutting down and abandoning module NiagaraVertexFactories (56)
[2026.09.23-06.15.17:842][407]LogModuleManager: Shutting down and abandoning module NiagaraShader (54)
[2026.09.23-06.15.17:842][407]LogModuleManager: Shutting down and abandoning module PixWinPlugin (52)
[2026.09.23-06.15.17:842][407]LogModuleManager: Shutting down and abandoning module AISupportModule (50)
[2026.09.23-06.15.17:842][407]LogModuleManager: Shutting down and abandoning module DesktopPlatform (48)
[2026.09.23-06.15.17:844][407]LogModuleManager: Shutting down and abandoning module PythonScriptPluginPreload (46)
[2026.09.23-06.15.17:845][407]LogModuleManager: Shutting down and abandoning module PlatformCryptoOpenSSL (44)
[2026.09.23-06.15.17:845][407]LogModuleManager: Shutting down and abandoning module PlatformCryptoTypes (42)
[2026.09.23-06.15.17:845][407]LogModuleManager: Shutting down and abandoning module PlatformCrypto (40)
[2026.09.23-06.15.17:845][407]LogModuleManager: Shutting down and abandoning module OodleDataCompressionFormat (38)
[2026.09.23-06.15.17:846][407]LogModuleManager: Shutting down and abandoning module XGEController (36)
[2026.09.23-06.15.17:846][407]LogModuleManager: Shutting down and abandoning module AnimationModifiers (34)
[2026.09.23-06.15.17:846][407]LogModuleManager: Shutting down and abandoning module AudioEditor (32)
[2026.09.23-06.15.17:851][407]LogModuleManager: Shutting down and abandoning module PropertyEditor (31)
[2026.09.23-06.15.17:852][407]LogModuleManager: Shutting down and abandoning module TextureCompressor (28)
[2026.09.23-06.15.17:852][407]LogModuleManager: Shutting down and abandoning module RenderCore (26)
[2026.09.23-06.15.17:853][407]LogModuleManager: Shutting down and abandoning module Landscape (24)
[2026.09.23-06.15.17:853][407]LogModuleManager: Shutting down and abandoning module SlateRHIRenderer (22)
[2026.09.23-06.15.17:873][407]LogModuleManager: Shutting down and abandoning module AnimGraphRuntime (20)
[2026.09.23-06.15.17:873][407]LogModuleManager: Shutting down and abandoning module Renderer (18)
[2026.09.23-06.15.17:874][407]LogModuleManager: Shutting down and abandoning module Engine (16)
[2026.09.23-06.15.17:874][407]LogModuleManager: Shutting down and abandoning module CoreUObject (14)
[2026.09.23-06.15.17:874][407]LogModuleManager: Shutting down and abandoning module NetworkFile (12)
[2026.09.23-06.15.17:874][407]LogModuleManager: Shutting down and abandoning module CookedIterativeFile (10)
[2026.09.23-06.15.17:874][407]LogModuleManager: Shutting down and abandoning module StreamingFile (8)
[2026.09.23-06.15.17:874][407]LogModuleManager: Shutting down and abandoning module SandboxFile (6)
[2026.09.23-06.15.17:874][407]LogModuleManager: Shutting down and abandoning module PakFile (4)
[2026.09.23-06.15.17:876][407]LogModuleManager: Shutting down and abandoning module RSA (3)
[2026.09.23-06.15.17:876][407]LogContentStreaming: Display: There are 1 unreleased StreamingManagers
[2026.09.23-06.15.17:966][407]LogD3D11RHI: Shutdown
[2026.09.23-06.15.17:966][407]LogD3D11RHI: CleanupD3DDevice
[2026.09.23-06.15.18:013][407]LogExit: Exiting.
[2026.09.23-06.15.18:048][407]Log file closed, 09/23/26 00:15:18
